  0
SECTION
  2
HEADER
  9
$ACADVER
  1
AC1027
  9
$ACADMAINTVER
 70
   105
  9
$DWGCODEPAGE
  3
ANSI_1252
  9
$LASTSAVEDBY
  1
samuel
  9
$REQUIREDVERSIONS
160
                 0
  9
$INSBASE
 10
0.0
 20
0.0
 30
0.0
  9
$EXTMIN
 10
-2.812181156670249
 20
-462.6753472222223
 30
0.0
  9
$EXTMAX
 10
765.3446002821738
 20
882.5283149171272
 30
0.0
  9
$LIMMIN
 10
0.0
 20
0.0
  9
$LIMMAX
 10
12.0
 20
9.0
  9
$ORTHOMODE
 70
     0
  9
$REGENMODE
 70
     1
  9
$FILLMODE
 70
     1
  9
$QTEXTMODE
 70
     0
  9
$MIRRTEXT
 70
     0
  9
$LTSCALE
 40
1.0
  9
$ATTMODE
 70
     1
  9
$TEXTSIZE
 40
0.2
  9
$TRACEWID
 40
0.05
  9
$TEXTSTYLE
  7
Standard
  9
$CLAYER
  8
0
  9
$CELTYPE
  6
ByLayer
  9
$CECOLOR
 62
   256
  9
$CELTSCALE
 40
1.0
  9
$DISPSILH
 70
     0
  9
$DIMSCALE
 40
1.0
  9
$DIMASZ
 40
2.5
  9
$DIMEXO
 40
0.625
  9
$DIMDLI
 40
5.0
  9
$DIMRND
 40
0.0
  9
$DIMDLE
 40
0.0
  9
$DIMEXE
 40
1.25
  9
$DIMTP
 40
0.0
  9
$DIMTM
 40
0.0
  9
$DIMTXT
 40
2.5
  9
$DIMCEN
 40
0.09
  9
$DIMTSZ
 40
0.0
  9
$DIMTOL
 70
     0
  9
$DIMLIM
 70
     0
  9
$DIMTIH
 70
     0
  9
$DIMTOH
 70
     1
  9
$DIMSE1
 70
     0
  9
$DIMSE2
 70
     0
  9
$DIMTAD
 70
     1
  9
$DIMZIN
 70
     8
  9
$DIMBLK
  1

  9
$DIMASO
 70
     1
  9
$DIMSHO
 70
     1
  9
$DIMPOST
  1

  9
$DIMAPOST
  1

  9
$DIMALT
 70
     0
  9
$DIMALTD
 70
     2
  9
$DIMALTF
 40
25.4
  9
$DIMLFAC
 40
1.0
  9
$DIMTOFL
 70
     0
  9
$DIMTVP
 40
0.0
  9
$DIMTIX
 70
     0
  9
$DIMSOXD
 70
     0
  9
$DIMSAH
 70
     0
  9
$DIMBLK1
  1

  9
$DIMBLK2
  1

  9
$DIMSTYLE
  2
Standard
  9
$DIMCLRD
 70
     0
  9
$DIMCLRE
 70
     0
  9
$DIMCLRT
 70
     0
  9
$DIMTFAC
 40
1.0
  9
$DIMGAP
 40
0.625
  9
$DIMJUST
 70
     0
  9
$DIMSD1
 70
     0
  9
$DIMSD2
 70
     0
  9
$DIMTOLJ
 70
     1
  9
$DIMTZIN
 70
     0
  9
$DIMALTZ
 70
     0
  9
$DIMALTTZ
 70
     0
  9
$DIMUPT
 70
     0
  9
$DIMDEC
 70
     4
  9
$DIMTDEC
 70
     4
  9
$DIMALTU
 70
     2
  9
$DIMALTTD
 70
     2
  9
$DIMTXSTY
  7
Standard
  9
$DIMAUNIT
 70
     0
  9
$DIMADEC
 70
     0
  9
$DIMALTRND
 40
0.0
  9
$DIMAZIN
 70
     2
  9
$DIMDSEP
 70
    46
  9
$DIMATFIT
 70
     0
  9
$DIMFRAC
 70
     0
  9
$DIMLDRBLK
  1

  9
$DIMLUNIT
 70
     2
  9
$DIMLWD
 70
    -2
  9
$DIMLWE
 70
    -2
  9
$DIMTMOVE
 70
     0
  9
$DIMFXL
 40
1.0
  9
$DIMFXLON
 70
     0
  9
$DIMJOGANG
 40
0.7853981633974483
  9
$DIMTFILL
 70
     0
  9
$DIMTFILLCLR
 70
     0
  9
$DIMARCSYM
 70
     0
  9
$DIMLTYPE
  6

  9
$DIMLTEX1
  6

  9
$DIMLTEX2
  6

  9
$DIMTXTDIRECTION
 70
     0
  9
$LUNITS
 70
     2
  9
$LUPREC
 70
     4
  9
$SKETCHINC
 40
0.1
  9
$FILLETRAD
 40
0.0
  9
$AUNITS
 70
     0
  9
$AUPREC
 70
     0
  9
$MENU
  1
.
  9
$ELEVATION
 40
0.0
  9
$PELEVATION
 40
0.0
  9
$THICKNESS
 40
0.0
  9
$LIMCHECK
 70
     0
  9
$CHAMFERA
 40
0.0
  9
$CHAMFERB
 40
0.0
  9
$CHAMFERC
 40
0.0
  9
$CHAMFERD
 40
0.0
  9
$SKPOLY
 70
     0
  9
$TDCREATE
 40
2461265.826699526
  9
$TDUCREATE
 40
2461265.785032859
  9
$TDUPDATE
 40
2461265.826699884
  9
$TDUUPDATE
 40
2461265.785033218
  9
$TDINDWG
 40
0.0000000116
  9
$TDUSRTIMER
 40
0.0000000116
  9
$USRTIMER
 70
     1
  9
$ANGBASE
 50
0.0
  9
$ANGDIR
 70
     0
  9
$PDMODE
 70
     0
  9
$PDSIZE
 40
0.0
  9
$PLINEWID
 40
0.0
  9
$SPLFRAME
 70
     0
  9
$SPLINETYPE
 70
     6
  9
$SPLINESEGS
 70
     8
  9
$HANDSEED
  5
3CB
  9
$SURFTAB1
 70
     6
  9
$SURFTAB2
 70
     6
  9
$SURFTYPE
 70
     6
  9
$SURFU
 70
     6
  9
$SURFV
 70
     6
  9
$UCSBASE
  2

  9
$UCSNAME
  2

  9
$UCSORG
 10
0.0
 20
0.0
 30
0.0
  9
$UCSXDIR
 10
1.0
 20
0.0
 30
0.0
  9
$UCSYDIR
 10
0.0
 20
1.0
 30
0.0
  9
$UCSORTHOREF
  2

  9
$UCSORTHOVIEW
 70
     0
  9
$UCSORGTOP
 10
0.0
 20
0.0
 30
0.0
  9
$UCSORGBOTTOM
 10
0.0
 20
0.0
 30
0.0
  9
$UCSORGLEFT
 10
0.0
 20
0.0
 30
0.0
  9
$UCSORGRIGHT
 10
0.0
 20
0.0
 30
0.0
  9
$UCSORGFRONT
 10
0.0
 20
0.0
 30
0.0
  9
$UCSORGBACK
 10
0.0
 20
0.0
 30
0.0
  9
$PUCSBASE
  2

  9
$PUCSNAME
  2

  9
$PUCSORG
 10
0.0
 20
0.0
 30
0.0
  9
$PUCSXDIR
 10
1.0
 20
0.0
 30
0.0
  9
$PUCSYDIR
 10
0.0
 20
1.0
 30
0.0
  9
$PUCSORTHOREF
  2

  9
$PUCSORTHOVIEW
 70
     0
  9
$PUCSORGTOP
 10
0.0
 20
0.0
 30
0.0
  9
$PUCSORGBOTTOM
 10
0.0
 20
0.0
 30
0.0
  9
$PUCSORGLEFT
 10
0.0
 20
0.0
 30
0.0
  9
$PUCSORGRIGHT
 10
0.0
 20
0.0
 30
0.0
  9
$PUCSORGFRONT
 10
0.0
 20
0.0
 30
0.0
  9
$PUCSORGBACK
 10
0.0
 20
0.0
 30
0.0
  9
$USERI1
 70
     0
  9
$USERI2
 70
     0
  9
$USERI3
 70
     0
  9
$USERI4
 70
     0
  9
$USERI5
 70
     0
  9
$USERR1
 40
0.0
  9
$USERR2
 40
0.0
  9
$USERR3
 40
0.0
  9
$USERR4
 40
0.0
  9
$USERR5
 40
0.0
  9
$WORLDVIEW
 70
     1
  9
$SHADEDGE
 70
     3
  9
$SHADEDIF
 70
    70
  9
$TILEMODE
 70
     1
  9
$MAXACTVP
 70
    64
  9
$PINSBASE
 10
0.0
 20
0.0
 30
0.0
  9
$PLIMCHECK
 70
     0
  9
$PEXTMIN
 10
0.0
 20
0.0
 30
0.0
  9
$PEXTMAX
 10
0.0
 20
0.0
 30
0.0
  9
$PLIMMIN
 10
-20.0
 20
-7.5
  9
$PLIMMAX
 10
277.0
 20
202.5
  9
$UNITMODE
 70
     0
  9
$VISRETAIN
 70
     1
  9
$PLINEGEN
 70
     0
  9
$PSLTSCALE
 70
     1
  9
$TREEDEPTH
 70
  3020
  9
$CMLSTYLE
  2
Standard
  9
$CMLJUST
 70
     0
  9
$CMLSCALE
 40
1.0
  9
$PROXYGRAPHICS
 70
     1
  9
$MEASUREMENT
 70
     1
  9
$CELWEIGHT
370
    -1
  9
$ENDCAPS
280
     0
  9
$JOINSTYLE
280
     0
  9
$LWDISPLAY
290
     0
  9
$INSUNITS
 70
     4
  9
$HYPERLINKBASE
  1

  9
$STYLESHEET
  1

  9
$XEDIT
290
     1
  9
$CEPSNTYPE
380
     0
  9
$PSTYLEMODE
290
     1
  9
$FINGERPRINTGUID
  2
{783632b4-7477-6570-3070-78337577b579}
  9
$VERSIONGUID
  2
{FAEB1C32-E019-11D5-929B-00C0DF256EC4}
  9
$EXTNAMES
290
     1
  9
$PSVPSCALE
 40
0.0
  9
$OLESTARTUP
290
     0
  9
$SORTENTS
280
   127
  9
$INDEXCTL
280
     0
  9
$HIDETEXT
280
     1
  9
$XCLIPFRAME
280
     2
  9
$HALOGAP
280
     0
  9
$OBSCOLOR
 70
   257
  9
$OBSLTYPE
280
     0
  9
$INTERSECTIONDISPLAY
280
     0
  9
$INTERSECTIONCOLOR
 70
   257
  9
$DIMASSOC
280
     2
  9
$PROJECTNAME
  1

  9
$CAMERADISPLAY
290
     0
  9
$LENSLENGTH
 40
50.0
  9
$CAMERAHEIGHT
 40
0.0
  9
$STEPSPERSEC
 40
2.0
  9
$STEPSIZE
 40
6.0
  9
$3DDWFPREC
 40
2.0
  9
$PSOLWIDTH
 40
0.25
  9
$PSOLHEIGHT
 40
4.0
  9
$LOFTANG1
 40
1.570796326794897
  9
$LOFTANG2
 40
1.570796326794897
  9
$LOFTMAG1
 40
0.0
  9
$LOFTMAG2
 40
0.0
  9
$LOFTPARAM
 70
     7
  9
$LOFTNORMALS
280
     1
  9
$LATITUDE
 40
37.795
  9
$LONGITUDE
 40
-122.394
  9
$NORTHDIRECTION
 40
0.0
  9
$TIMEZONE
 70
 -8000
  9
$LIGHTGLYPHDISPLAY
280
     1
  9
$TILEMODELIGHTSYNCH
280
     1
  9
$CMATERIAL
347
334
  9
$SOLIDHIST
280
     0
  9
$SHOWHIST
280
     1
  9
$DWFFRAME
280
     2
  9
$DGNFRAME
280
     2
  9
$REALWORLDSCALE
290
     1
  9
$INTERFERECOLOR
 62
   256
  9
$CSHADOW
280
     0
  9
$SHADOWPLANELOCATION
 40
0.0
  0
ENDSEC
  0
SECTION
  2
CLASSES
  0
CLASS
  1
ACDBDICTIONARYWDFLT
  2
AcDbDictionaryWithDefault
  3
ObjectDBX Classes
 90
        0
 91
        3
280
     0
281
     0
  0
CLASS
  1
VISUALSTYLE
  2
AcDbVisualStyle
  3
ObjectDBX Classes
 90
     4095
 91
        3
280
     0
281
     0
  0
CLASS
  1
MATERIAL
  2
AcDbMaterial
  3
ObjectDBX Classes
 90
     1153
 91
        3
280
     0
281
     0
  0
CLASS
  1
SCALE
  2
AcDbScale
  3
ObjectDBX Classes
 90
     1153
 91
        3
280
     0
281
     0
  0
CLASS
  1
TABLESTYLE
  2
AcDbTableStyle
  3
ObjectDBX Classes
 90
     4095
 91
        3
280
     0
281
     0
  0
CLASS
  1
MLEADERSTYLE
  2
AcDbMLeaderStyle
  3
ACDB_MLEADERSTYLE_CLASS
 90
     4095
 91
        3
280
     0
281
     0
  0
CLASS
  1
SUN
  2
AcDbSun
  3
SCENEOE
 90
     1153
 91
        3
280
     0
281
     0
  0
CLASS
  1
RASTERVARIABLES
  2
AcDbRasterVariables
  3
ISM
 90
        0
 91
        3
280
     0
281
     0
  0
CLASS
  1
DICTIONARYVAR
  2
AcDbDictionaryVar
  3
ObjectDBX Classes
 90
        0
 91
        3
280
     0
281
     0
  0
CLASS
  1
CELLSTYLEMAP
  2
AcDbCellStyleMap
  3
ObjectDBX Classes
 90
     1152
 91
        3
280
     0
281
     0
  0
ENDSEC
  0
SECTION
  2
TABLES
  0
TABLE
  2
VPORT
  5
2F9
330
0
100
AcDbSymbolTable
 70
     1
  0
VPORT
  5
319
330
2F9
100
AcDbSymbolTableRecord
100
AcDbViewportTableRecord
  2
*Active
 70
     0
 10
0.0
 20
0.0
 11
1.0
 21
1.0
 12
853.1422597222681
 22
-208.5578544308642
 13
0.0
 23
0.0
 14
0.5
 24
0.5
 15
0.5
 25
0.5
 16
0.0
 26
0.0
 36
1.0
 17
0.0
 27
0.0
 37
0.0
 40
2860.078216374269
 41
2.038147138964578
 42
50.0
 43
0.0
 44
0.0
 50
0.0
 51
0.0
 71
     0
 72
   100
 73
     1
 74
     3
 75
     0
 76
     0
 77
     0
 78
     0
281
     0
 65
     1
110
0.0
120
0.0
130
0.0
111
1.0
121
0.0
131
0.0
112
0.0
122
1.0
132
0.0
 79
     0
146
0.0
348
31F
 60
     3
 61
     5
292
     1
282
     1
141
0.0
142
0.0
 63
   250
361
34D
  0
ENDTAB
  0
TABLE
  2
LTYPE
  5
2F6
330
0
100
AcDbSymbolTable
 70
    51
  0
LTYPE
  5
304
330
2F6
100
AcDbSymbolTableRecord
100
AcDbLinetypeTableRecord
  2
ByBlock
 70
     0
  3

 72
    65
 73
     0
 40
0.0
  0
LTYPE
  5
305
330
2F6
100
AcDbSymbolTableRecord
100
AcDbLinetypeTableRecord
  2
ByLayer
 70
     0
  3

 72
    65
 73
     0
 40
0.0
  0
LTYPE
  5
306
330
2F6
100
AcDbSymbolTableRecord
100
AcDbLinetypeTableRecord
  2
Continuous
 70
     0
  3
Solid line
 72
    65
 73
     0
 40
0.0
  0
LTYPE
  5
388
330
2F6
100
AcDbSymbolTableRecord
100
AcDbLinetypeTableRecord
  2
CENTERX2
 70
     0
  3
Center (2x) ________  __  ________  __  _____
 72
    65
 73
     4
 40
101.6
 49
63.5
 74
     0
 49
-12.7
 74
     0
 49
12.7
 74
     0
 49
-12.7
 74
     0
  0
LTYPE
  5
389
330
2F6
100
AcDbSymbolTableRecord
100
AcDbLinetypeTableRecord
  2
BORDER
 70
     0
  3
Border __ __ . __ __ . __ __ . __ __ . __ __ .
 72
    65
 73
     6
 40
44.45
 49
12.7
 74
     0
 49
-6.35
 74
     0
 49
12.7
 74
     0
 49
-6.35
 74
     0
 49
0.0
 74
     0
 49
-6.35
 74
     0
  0
LTYPE
  5
38A
330
2F6
100
AcDbSymbolTableRecord
100
AcDbLinetypeTableRecord
  2
DASHED2
 70
     0
  3
Dashed (.5x) _ _ _ _ _ _ _ _ _ _ _ _ _ _ _ _ _ 
 72
    65
 73
     2
 40
9.524999999999999
 49
6.35
 74
     0
 49
-3.175
 74
     0
  0
LTYPE
  5
38C
330
2F6
100
AcDbSymbolTableRecord
100
AcDbLinetypeTableRecord
  2
DRAINAGE2
 70
     0
  3
Drainage reversed----<----<----<----
 72
    65
 73
     2
 40
10.16
 49
5.08
 74
     2
 75
     0
340
38B
 46
2.54
 50
0.0
 44
0.0
 45
0.0
  9
RIGHT_ARROW
 49
5.08
 74
     0
  0
LTYPE
  5
38D
330
2F6
100
AcDbSymbolTableRecord
100
AcDbLinetypeTableRecord
  2
BORDER2
 70
     0
  3
Border (.5x) __.__.__.__.__.__.__.__.__.__.__.
 72
    65
 73
     6
 40
22.225
 49
6.35
 74
     0
 49
-3.175
 74
     0
 49
6.35
 74
     0
 49
-3.175
 74
     0
 49
0.0
 74
     0
 49
-3.175
 74
     0
  0
LTYPE
  5
38F
330
2F6
100
AcDbSymbolTableRecord
100
AcDbLinetypeTableRecord
  2
FENCELINE1
 70
     0
  3
Fenceline circle ----0-----0----0-----0----0-----0--
 72
    65
 73
     4
 40
36.83
 49
6.35
 74
     0
 49
-2.54
 74
     2
 75
     0
340
38E
 46
2.54
 50
0.0
 44
-2.54
 45
0.0
  9
CIRC1
 49
-2.54
 74
     0
 49
25.4
 74
     0
  0
LTYPE
  5
390
330
2F6
100
AcDbSymbolTableRecord
100
AcDbLinetypeTableRecord
  2
CENTER
 70
     0
  3
Center ____ _ ____ _ ____ _ ____ _ ____ _ ____
 72
    65
 73
     4
 40
50.8
 49
31.75
 74
     0
 49
-6.35
 74
     0
 49
6.35
 74
     0
 49
-6.35
 74
     0
  0
LTYPE
  5
391
330
2F6
100
AcDbSymbolTableRecord
100
AcDbLinetypeTableRecord
  2
DASHED
 70
     0
  3
Dashed __ __ __ __ __ __ __ __ __ __ __ __ __ _
 72
    65
 73
     2
 40
19.05
 49
12.7
 74
     0
 49
-6.35
 74
     0
  0
LTYPE
  5
392
330
2F6
100
AcDbSymbolTableRecord
100
AcDbLinetypeTableRecord
  2
ZIGZAG
 70
     0
  3
Zig zag /\/\/\/\/\/\/\/\/\/\/\/\/\/\/\/\/\/\/\/\/\/\/\/
 72
    65
 73
     4
 40
20.32254
 49
0.00254
 74
     0
 49
-5.08
 74
     2
 75
     0
340
38E
 46
5.08
 50
0.0
 44
-5.08
 45
0.0
  9
ZIG
 49
-10.16
 74
     2
 75
     0
340
38E
 46
5.08
 50
180.0
 44
5.08
 45
0.0
  9
ZIG
 49
-5.08
 74
     0
  0
LTYPE
  5
393
330
2F6
100
AcDbSymbolTableRecord
100
AcDbLinetypeTableRecord
  2
DASHDOT2
 70
     0
  3
Dash dot (.5x) _._._._._._._._._._._._._._._.
 72
    65
 73
     4
 40
12.7
 49
6.35
 74
     0
 49
-3.175
 74
     0
 49
0.0
 74
     0
 49
-3.175
 74
     0
  0
LTYPE
  5
394
330
2F6
100
AcDbSymbolTableRecord
100
AcDbLinetypeTableRecord
  2
POINT2
 70
     0
  3
----\/-----\/---
 72
    65
 73
     2
 40
31.26232
 49
25.4
 74
     2
 75
     0
340
38E
 46
5.08
 50
0.0
 44
0.0
 45
0.0
  9
PT2
 49
-5.86232
 74
     0
  0
LTYPE
  5
395
330
2F6
100
AcDbSymbolTableRecord
100
AcDbLinetypeTableRecord
  2
DASHDOT
 70
     0
  3
Dash dot __ . __ . __ . __ . __ . __ . __ . __
 72
    65
 73
     4
 40
25.4
 49
12.7
 74
     0
 49
-6.35
 74
     0
 49
0.0
 74
     0
 49
-6.35
 74
     0
  0
LTYPE
  5
396
330
2F6
100
AcDbSymbolTableRecord
100
AcDbLinetypeTableRecord
  2
HIDDEN2
 70
     0
  3
Hidden (.5x) _ _ _ _ _ _ _ _ _ _ _ _ _ _ _ _ _ 
 72
    65
 73
     2
 40
4.762499999999999
 49
3.175
 74
     0
 49
-1.5875
 74
     0
  0
LTYPE
  5
397
330
2F6
100
AcDbSymbolTableRecord
100
AcDbLinetypeTableRecord
  2
FENCELINE2
 70
     0
  3
Fenceline square ----[]-----[]----[]-----[]----[]---
 72
    65
 73
     4
 40
36.83
 49
6.35
 74
     0
 49
-2.54
 74
     2
 75
     0
340
38E
 46
2.54
 50
0.0
 44
-2.54
 45
0.0
  9
BOX
 49
-2.54
 74
     0
 49
25.4
 74
     0
  0
LTYPE
  5
398
330
2F6
100
AcDbSymbolTableRecord
100
AcDbLinetypeTableRecord
  2
PHANTOM
 70
     0
  3
Phantom ______  __  __  ______  __  __  ______ 
 72
    65
 73
     6
 40
63.50000000000001
 49
31.75
 74
     0
 49
-6.35
 74
     0
 49
6.35
 74
     0
 49
-6.35
 74
     0
 49
6.35
 74
     0
 49
-6.35
 74
     0
  0
LTYPE
  5
399
330
2F6
100
AcDbSymbolTableRecord
100
AcDbLinetypeTableRecord
  2
ACAD_ISO07W100
 70
     0
  3
ISO dot . . . . . . . . . . . . . . . . . . . . 
 72
    65
 73
     2
 40
3.0
 49
0.0
 74
     0
 49
-3.0
 74
     0
  0
LTYPE
  5
39A
330
2F6
100
AcDbSymbolTableRecord
100
AcDbLinetypeTableRecord
  2
ACAD_ISO11W100
 70
     0
  3
ISO double-dash dot __ __ . __ __ . __ __ . __ _
 72
    65
 73
     6
 40
33.0
 49
12.0
 74
     0
 49
-3.0
 74
     0
 49
12.0
 74
     0
 49
-3.0
 74
     0
 49
0.0
 74
     0
 49
-3.0
 74
     0
  0
LTYPE
  5
39B
330
2F6
100
AcDbSymbolTableRecord
100
AcDbLinetypeTableRecord
  2
TRACKS
 70
     0
  3
Tracks -|-|-|-|-|-|-|-|-|-|-|-|-|-|-|-|-|-|-|-|-|-|-|-|-
 72
    65
 73
     2
 40
7.62
 49
3.81
 74
     2
 75
     0
340
38E
 46
6.35
 50
0.0
 44
0.0
 45
0.0
  9
TRACK1
 49
3.81
 74
     0
  0
LTYPE
  5
39C
330
2F6
100
AcDbSymbolTableRecord
100
AcDbLinetypeTableRecord
  2
DIVIDE
 70
     0
  3
Divide ____ . . ____ . . ____ . . ____ . . ____
 72
    65
 73
     6
 40
31.75
 49
12.7
 74
     0
 49
-6.35
 74
     0
 49
0.0
 74
     0
 49
-6.35
 74
     0
 49
0.0
 74
     0
 49
-6.35
 74
     0
  0
LTYPE
  5
39D
330
2F6
100
AcDbSymbolTableRecord
100
AcDbLinetypeTableRecord
  2
ACAD_ISO06W100
 70
     0
  3
ISO long-dash triple-dot ____ ... ____ ... ____
 72
    65
 73
     8
 40
36.0
 49
24.0
 74
     0
 49
-3.0
 74
     0
 49
0.0
 74
     0
 49
-3.0
 74
     0
 49
0.0
 74
     0
 49
-3.0
 74
     0
 49
0.0
 74
     0
 49
-3.0
 74
     0
  0
LTYPE
  5
39E
330
2F6
100
AcDbSymbolTableRecord
100
AcDbLinetypeTableRecord
  2
ACAD_ISO10W100
 70
     0
  3
ISO dash dot __ . __ . __ . __ . __ . __ . __ . 
 72
    65
 73
     4
 40
18.0
 49
12.0
 74
     0
 49
-3.0
 74
     0
 49
0.0
 74
     0
 49
-3.0
 74
     0
  0
LTYPE
  5
39F
330
2F6
100
AcDbSymbolTableRecord
100
AcDbLinetypeTableRecord
  2
ACAD_ISO14W100
 70
     0
  3
ISO dash triple-dot __ . . . __ . . . __ . . . _
 72
    65
 73
     8
 40
24.0
 49
12.0
 74
     0
 49
-3.0
 74
     0
 49
0.0
 74
     0
 49
-3.0
 74
     0
 49
0.0
 74
     0
 49
-3.0
 74
     0
 49
0.0
 74
     0
 49
-3.0
 74
     0
  0
LTYPE
  5
3A0
330
2F6
100
AcDbSymbolTableRecord
100
AcDbLinetypeTableRecord
  2
PLANT
 70
     0
  3
_/^ \_\^ \_
 72
    65
 73
     7
 40
21.94
 49
0.01
 74
     2
 75
     0
340
38E
 46
1.0
 50
0.0
 44
0.0
 45
0.0
  9
PLANT1
 49
-3.0
 74
     2
 75
     0
340
38E
 46
1.0
 50
0.0
 44
0.0
 45
0.0
  9
PLANT2
 49
-3.15
 74
     2
 75
     0
340
38E
 46
1.0
 50
0.0
 44
0.0
 45
0.0
  9
PLANT3
 49
-4.23
 74
     2
 75
     0
340
38E
 46
1.0
 50
0.0
 44
0.0
 45
0.0
  9
PLANT4
 49
-4.63
 74
     2
 75
     0
340
38E
 46
1.0
 50
0.0
 44
0.0
 45
0.0
  9
PLANT5
 49
-2.5
 74
     2
 75
     0
340
38E
 46
1.0
 50
0.0
 44
0.0
 45
0.0
  9
PLANT6
 49
-4.42
 74
     0
  0
LTYPE
  5
3A1
330
2F6
100
AcDbSymbolTableRecord
100
AcDbLinetypeTableRecord
  2
ACAD_ISO12W100
 70
     0
  3
ISO dash double-dot __ . . __ . . __ . . __ . . 
 72
    65
 73
     6
 40
21.0
 49
12.0
 74
     0
 49
-3.0
 74
     0
 49
0.0
 74
     0
 49
-3.0
 74
     0
 49
0.0
 74
     0
 49
-3.0
 74
     0
  0
LTYPE
  5
3A2
330
2F6
100
AcDbSymbolTableRecord
100
AcDbLinetypeTableRecord
  2
POINT1
 70
     0
  3
----/\-----/\---
 72
    65
 73
     2
 40
31.26232
 49
25.4
 74
     2
 75
     0
340
38E
 46
5.08
 50
0.0
 44
0.0
 45
0.0
  9
PT1
 49
-5.86232
 74
     0
  0
LTYPE
  5
3A3
330
2F6
100
AcDbSymbolTableRecord
100
AcDbLinetypeTableRecord
  2
ACAD_ISO03W100
 70
     0
  3
ISO dash space __    __    __    __    __    __
 72
    65
 73
     2
 40
30.0
 49
12.0
 74
     0
 49
-18.0
 74
     0
  0
LTYPE
  5
3A4
330
2F6
100
AcDbSymbolTableRecord
100
AcDbLinetypeTableRecord
  2
DIVIDEX2
 70
     0
  3
Divide (2x) ________  .  .  ________  .  .  _
 72
    65
 73
     6
 40
63.5
 49
25.4
 74
     0
 49
-12.7
 74
     0
 49
0.0
 74
     0
 49
-12.7
 74
     0
 49
0.0
 74
     0
 49
-12.7
 74
     0
  0
LTYPE
  5
3A5
330
2F6
100
AcDbSymbolTableRecord
100
AcDbLinetypeTableRecord
  2
BORDERX2
 70
     0
  3
Border (2x) ____  ____  .  ____  ____  .  ___
 72
    65
 73
     6
 40
88.89999999999999
 49
25.4
 74
     0
 49
-12.7
 74
     0
 49
25.4
 74
     0
 49
-12.7
 74
     0
 49
0.0
 74
     0
 49
-12.7
 74
     0
  0
LTYPE
  5
3A6
330
2F6
100
AcDbSymbolTableRecord
100
AcDbLinetypeTableRecord
  2
CENTER2
 70
     0
  3
Center (.5x) ___ _ ___ _ ___ _ ___ _ ___ _ ___
 72
    65
 73
     4
 40
28.575
 49
19.05
 74
     0
 49
-3.175
 74
     0
 49
3.175
 74
     0
 49
-3.175
 74
     0
  0
LTYPE
  5
3A7
330
2F6
100
AcDbSymbolTableRecord
100
AcDbLinetypeTableRecord
  2
ACAD_ISO04W100
 70
     0
  3
ISO long-dash dot ____ . ____ . ____ . ____ . _
 72
    65
 73
     4
 40
30.0
 49
24.0
 74
     0
 49
-3.0
 74
     0
 49
0.0
 74
     0
 49
-3.0
 74
     0
  0
LTYPE
  5
3A8
330
2F6
100
AcDbSymbolTableRecord
100
AcDbLinetypeTableRecord
  2
DIVIDE2
 70
     0
  3
Divide (.5x) __..__..__..__..__..__..__..__.._
 72
    65
 73
     6
 40
15.875
 49
6.35
 74
     0
 49
-3.175
 74
     0
 49
0.0
 74
     0
 49
-3.175
 74
     0
 49
0.0
 74
     0
 49
-3.175
 74
     0
  0
LTYPE
  5
3A9
330
2F6
100
AcDbSymbolTableRecord
100
AcDbLinetypeTableRecord
  2
DOT2
 70
     0
  3
Dot (.5x) ........................................
 72
    65
 73
     2
 40
3.175
 49
0.0
 74
     0
 49
-3.175
 74
     0
  0
LTYPE
  5
3AB
330
2F6
100
AcDbSymbolTableRecord
100
AcDbLinetypeTableRecord
  2
GAS_LINE
 70
     0
  3
Gas line ----GAS----GAS----GAS----GAS----GAS----GAS--
 72
    65
 73
     3
 40
24.13
 49
12.7
 74
     0
 49
-5.08
 74
     2
 75
     0
340
3AA
 46
2.54
 50
0.0
 44
-2.54
 45
-1.27
  9
GAS
 49
-6.35
 74
     0
  0
LTYPE
  5
3AC
330
2F6
100
AcDbSymbolTableRecord
100
AcDbLinetypeTableRecord
  2
ACAD_ISO02W100
 70
     0
  3
ISO dash __ __ __ __ __ __ __ __ __ __ __ __ __
 72
    65
 73
     2
 40
15.0
 49
12.0
 74
     0
 49
-3.0
 74
     0
  0
LTYPE
  5
3AD
330
2F6
100
AcDbSymbolTableRecord
100
AcDbLinetypeTableRecord
  2
DASHDOTX2
 70
     0
  3
Dash dot (2x) ____  .  ____  .  ____  .  ___
 72
    65
 73
     4
 40
50.8
 49
25.4
 74
     0
 49
-12.7
 74
     0
 49
0.0
 74
     0
 49
-12.7
 74
     0
  0
LTYPE
  5
3AE
330
2F6
100
AcDbSymbolTableRecord
100
AcDbLinetypeTableRecord
  2
PHANTOM2
 70
     0
  3
Phantom (.5x) ___ _ _ ___ _ _ ___ _ _ ___ _ _
 72
    65
 73
     6
 40
31.75
 49
15.875
 74
     0
 49
-3.175
 74
     0
 49
3.175
 74
     0
 49
-3.175
 74
     0
 49
3.175
 74
     0
 49
-3.175
 74
     0
  0
LTYPE
  5
3AF
330
2F6
100
AcDbSymbolTableRecord
100
AcDbLinetypeTableRecord
  2
DOT
 70
     0
  3
Dot . . . . . . . . . . . . . . . . . . . . . . . .
 72
    65
 73
     2
 40
6.35
 49
0.0
 74
     0
 49
-6.35
 74
     0
  0
LTYPE
  5
3B0
330
2F6
100
AcDbSymbolTableRecord
100
AcDbLinetypeTableRecord
  2
ACAD_ISO15W100
 70
     0
  3
ISO double-dash triple-dot __ __ . . . __ __ . .
 72
    65
 73
    10
 40
39.0
 49
12.0
 74
     0
 49
-3.0
 74
     0
 49
12.0
 74
     0
 49
-3.0
 74
     0
 49
0.0
 74
     0
 49
-3.0
 74
     0
 49
0.0
 74
     0
 49
-3.0
 74
     0
 49
0.0
 74
     0
 49
-3.0
 74
     0
  0
LTYPE
  5
3B1
330
2F6
100
AcDbSymbolTableRecord
100
AcDbLinetypeTableRecord
  2
ACAD_ISO09W100
 70
     0
  3
ISO long-dash double-short-dash ____ __ __ ____
 72
    65
 73
     6
 40
45.0
 49
24.0
 74
     0
 49
-3.0
 74
     0
 49
6.0
 74
     0
 49
-3.0
 74
     0
 49
6.0
 74
     0
 49
-3.0
 74
     0
  0
LTYPE
  5
3B2
330
2F6
100
AcDbSymbolTableRecord
100
AcDbLinetypeTableRecord
  2
DASHEDX2
 70
     0
  3
Dashed (2x) ____  ____  ____  ____  ____  ___
 72
    65
 73
     2
 40
38.09999999999999
 49
25.4
 74
     0
 49
-12.7
 74
     0
  0
LTYPE
  5
3B3
330
2F6
100
AcDbSymbolTableRecord
100
AcDbLinetypeTableRecord
  2
DOTX2
 70
     0
  3
Dot (2x) .  .  .  .  .  .  .  .  .  .  .  .  .  .
 72
    65
 73
     2
 40
12.7
 49
0.0
 74
     0
 49
-12.7
 74
     0
  0
LTYPE
  5
3B4
330
2F6
100
AcDbSymbolTableRecord
100
AcDbLinetypeTableRecord
  2
ACAD_ISO05W100
 70
     0
  3
ISO long-dash double-dot ____ .. ____ .. ____ . 
 72
    65
 73
     6
 40
33.0
 49
24.0
 74
     0
 49
-3.0
 74
     0
 49
0.0
 74
     0
 49
-3.0
 74
     0
 49
0.0
 74
     0
 49
-3.0
 74
     0
  0
LTYPE
  5
3B5
330
2F6
100
AcDbSymbolTableRecord
100
AcDbLinetypeTableRecord
  2
ACAD_ISO13W100
 70
     0
  3
ISO double-dash double-dot __ __ . . __ __ . . _
 72
    65
 73
     8
 40
36.0
 49
12.0
 74
     0
 49
-3.0
 74
     0
 49
12.0
 74
     0
 49
-3.0
 74
     0
 49
0.0
 74
     0
 49
-3.0
 74
     0
 49
0.0
 74
     0
 49
-3.0
 74
     0
  0
LTYPE
  5
3B6
330
2F6
100
AcDbSymbolTableRecord
100
AcDbLinetypeTableRecord
  2
BATTING
 70
     0
  3
Batting SSSSSSSSSSSSSSSSSSSSSSSSSSSSSSSSSSSSSSSSSSSSSSS
 72
    65
 73
     4
 40
10.16254
 49
0.00254
 74
     0
 49
-2.54
 74
     2
 75
     0
340
38E
 46
2.54
 50
0.0
 44
-2.54
 45
0.0
  9
BAT
 49
-5.08
 74
     2
 75
     0
340
38E
 46
2.54
 50
180.0
 44
2.54
 45
0.0
  9
BAT
 49
-2.54
 74
     0
  0
LTYPE
  5
3B7
330
2F6
100
AcDbSymbolTableRecord
100
AcDbLinetypeTableRecord
  2
DRAINAGE
 70
     0
  3
Drainage ---->---->---->----
 72
    65
 73
     2
 40
10.16
 49
5.08
 74
     2
 75
     0
340
38B
 46
2.54
 50
180.0
 44
0.0
 45
0.0
  9
RIGHT_ARROW
 49
5.08
 74
     0
  0
LTYPE
  5
3B8
330
2F6
100
AcDbSymbolTableRecord
100
AcDbLinetypeTableRecord
  2
HOT_WATER_SUPPLY
 70
     0
  3
Hot water supply ---- HW ---- HW ---- HW ----
 72
    65
 73
     3
 40
22.86
 49
12.7
 74
     0
 49
-5.08
 74
     2
 75
     0
340
3AA
 46
2.54
 50
0.0
 44
-2.54
 45
-1.27
  9
HW
 49
-5.08
 74
     0
  0
LTYPE
  5
3B9
330
2F6
100
AcDbSymbolTableRecord
100
AcDbLinetypeTableRecord
  2
PHANTOMX2
 70
     0
  3
Phantom (2x) ____________    ____    ____   _
 72
    65
 73
     6
 40
127.0
 49
63.5
 74
     0
 49
-12.7
 74
     0
 49
12.7
 74
     0
 49
-12.7
 74
     0
 49
12.7
 74
     0
 49
-12.7
 74
     0
  0
LTYPE
  5
3BA
330
2F6
100
AcDbSymbolTableRecord
100
AcDbLinetypeTableRecord
  2
ACAD_ISO08W100
 70
     0
  3
ISO long-dash short-dash ____ __ ____ __ ____ _
 72
    65
 73
     4
 40
36.0
 49
24.0
 74
     0
 49
-3.0
 74
     0
 49
6.0
 74
     0
 49
-3.0
 74
     0
  0
LTYPE
  5
3BB
330
2F6
100
AcDbSymbolTableRecord
100
AcDbLinetypeTableRecord
  2
HIDDENX2
 70
     0
  3
Hidden (2x) ____ ____ ____ ____ ____ ____ ____ 
 72
    65
 73
     2
 40
19.05
 49
12.7
 74
     0
 49
-6.35
 74
     0
  0
LTYPE
  5
3BC
330
2F6
100
AcDbSymbolTableRecord
100
AcDbLinetypeTableRecord
  2
HIDDEN
 70
     0
  3
Hidden __ __ __ __ __ __ __ __ __ __ __ __ __ __
 72
    65
 73
     2
 40
9.524999999999999
 49
6.35
 74
     0
 49
-3.175
 74
     0
  0
ENDTAB
  0
TABLE
  2
LAYER
  5
2F4
330
0
100
AcDbSymbolTable
 70
     1
  0
LAYER
  5
301
330
2F4
100
AcDbSymbolTableRecord
100
AcDbLayerTableRecord
  2
0
 70
     0
 62
     7
  6
Continuous
370
    25
390
300
347
336
348
0
  0
ENDTAB
  0
TABLE
  2
STYLE
  5
2F5
330
0
100
AcDbSymbolTable
 70
     4
  0
STYLE
  5
302
330
2F5
100
AcDbSymbolTableRecord
100
AcDbTextStyleTableRecord
  2
Standard
 70
     0
 40
0.0
 41
1.0
 50
0.0
 71
     0
 42
0.2
  3
txt
  4

  0
STYLE
  5
38B
330
2F5
100
AcDbSymbolTableRecord
100
AcDbTextStyleTableRecord
  2
textstyle0
 70
     0
 40
0.0
 41
1.0
 50
0.0
 71
     0
 42
0.2
  3
qcadshp.shx
  4

  0
STYLE
  5
38E
330
2F5
100
AcDbSymbolTableRecord
100
AcDbTextStyleTableRecord
  2
textstyle1
 70
     0
 40
0.0
 41
1.0
 50
0.0
 71
     0
 42
0.2
  3
ltypeshp.shx
  4

  0
STYLE
  5
3AA
330
2F5
100
AcDbSymbolTableRecord
100
AcDbTextStyleTableRecord
  2
textstyle2
 70
     0
 40
0.0
 41
1.0
 50
0.0
 71
     0
 42
0.2
  3
STANDARD
  4

  0
ENDTAB
  0
TABLE
  2
VIEW
  5
2F7
330
0
100
AcDbSymbolTable
 70
     0
  0
ENDTAB
  0
TABLE
  2
UCS
  5
2F8
330
0
100
AcDbSymbolTable
 70
     0
  0
ENDTAB
  0
TABLE
  2
APPID
  5
2FA
330
0
100
AcDbSymbolTable
 70
     2
  0
APPID
  5
303
330
2FA
100
AcDbSymbolTableRecord
100
AcDbRegAppTableRecord
  2
ACAD
 70
     0
  0
APPID
  5
34E
330
2FA
100
AcDbSymbolTableRecord
100
AcDbRegAppTableRecord
  2
QCAD
 70
     0
  0
ENDTAB
  0
TABLE
  2
DIMSTYLE
  5
2FB
330
0
100
AcDbSymbolTable
 70
     2
100
AcDbDimStyleTable
  0
DIMSTYLE
105
317
330
2FB
100
AcDbSymbolTableRecord
100
AcDbDimStyleTableRecord
  2
Standard
 70
     0
178
     0
340
302
  0
DIMSTYLE
105
387
330
2FB
100
AcDbSymbolTableRecord
100
AcDbDimStyleTableRecord
  2
QCADDimStyle
 70
     0
 41
2.5
 42
0.625
 43
5.0
 44
1.25
 73
     0
 77
     1
 78
     8
 79
     2
140
2.5
147
0.625
178
     0
279
     2
340
302
  0
ENDTAB
  0
TABLE
  2
BLOCK_RECORD
  5
2F3
330
0
100
AcDbSymbolTable
 70
     1
  0
BLOCK_RECORD
  5
30F
330
2F3
100
AcDbSymbolTableRecord
100
AcDbBlockTableRecord
  2
*Model_Space
340
312
 70
     0
280
     1
281
     0
  0
BLOCK_RECORD
  5
30B
330
2F3
100
AcDbSymbolTableRecord
100
AcDbBlockTableRecord
  2
*Paper_Space
340
30E
 70
     0
280
     1
281
     0
  0
BLOCK_RECORD
  5
3BF
330
2F3
100
AcDbSymbolTableRecord
100
AcDbBlockTableRecord
  2
hole
340
0
 70
     0
280
     1
281
     0
  0
ENDTAB
  0
ENDSEC
  0
SECTION
  2
BLOCKS
  0
BLOCK
  5
310
330
30F
100
AcDbEntity
  8
0
100
AcDbBlockBegin
  2
*Model_Space
 70
     0
 10
0.0
 20
0.0
 30
0.0
  3
*Model_Space
  1

  0
ENDBLK
  5
311
330
30F
100
AcDbEntity
  8
0
100
AcDbBlockEnd
  0
BLOCK
  5
30C
330
30B
100
AcDbEntity
 67
     1
  8
0
100
AcDbBlockBegin
  2
*Paper_Space
 70
     0
 10
0.0
 20
0.0
 30
0.0
  3
*Paper_Space
  1

  0
ENDBLK
  5
30D
330
30B
100
AcDbEntity
 67
     1
  8
0
100
AcDbBlockEnd
  0
BLOCK
  5
3C0
330
3BF
100
AcDbEntity
  8
0
100
AcDbBlockBegin
  2
hole
 70
     0
 10
0.0
 20
0.0
 30
0.0
  3
hole
  1

  0
CIRCLE
  5
57
330
3BF
100
AcDbEntity
  8
0
100
AcDbCircle
 10
0.0
 20
0.0
 30
0.0
 40
2.6
  0
ENDBLK
  5
3C1
330
3BF
100
AcDbEntity
  8
0
100
AcDbBlockEnd
  0
ENDSEC
  0
SECTION
  2
ENTITIES
  0
LINE
  5
3C
330
30F
100
AcDbEntity
  8
0
100
AcDbLine
 10
0.0
 20
0.0
 30
0.0
 11
0.0000000000000443
 21
724.0
 31
0.0
  0
LINE
  5
41
330
30F
100
AcDbEntity
  8
0
100
AcDbLine
 10
0.0000000000000443
 20
724.0
 30
0.0
 11
687.9714916837295
 21
882.5283149171272
 31
0.0
  0
LINE
  5
44
330
30F
100
AcDbEntity
  8
0
100
AcDbLine
 10
0.0
 20
0.0
 30
0.0
 11
765.3446002821738
 21
424.1139502762431
 31
0.0
  0
LINE
  5
45
330
30F
100
AcDbEntity
  8
0
100
AcDbLine
 10
765.3446002821738
 20
424.1139502762431
 30
0.0
 11
687.9714916837295
 21
882.5283149171272
 31
0.0
  0
LINE
  5
2B8
330
30F
100
AcDbEntity
  8
0
100
AcDbLine
 10
762.8121811566698
 20
402.6753472222224
 30
0.0
 11
762.8121811566698
 21
-319.3246527777778
 31
0.0
  0
LINE
  5
2B9
330
30F
100
AcDbEntity
  8
0
100
AcDbLine
 10
762.8121811566698
 20
-319.3246527777778
 30
0.0
 11
57.22690749919366
 21
-462.6753472222223
 31
0.0
  0
LINE
  5
2BA
330
30F
100
AcDbEntity
  8
0
100
AcDbLine
 10
57.22690749919366
 20
-462.6753472222223
 30
0.0
 11
-2.812181156670249
 21
-14.70138407971695
 31
0.0
  0
LINE
  5
2BB
330
30F
100
AcDbEntity
  8
0
100
AcDbLine
 10
-2.812181156670249
 20
-14.70138407971695
 30
0.0
 11
762.8121811566698
 21
400.6753472222223
 31
0.0
  0
CIRCLE
  5
2BC
330
30F
100
AcDbEntity
  8
0
100
AcDbCircle
 10
577.0176318786316
 20
288.4986955373911
 30
0.0
 40
2.6
  0
CIRCLE
  5
2BD
330
30F
100
AcDbEntity
  8
0
100
AcDbCircle
 10
269.3771706420666
 20
121.5934930715798
 30
0.0
 40
2.6
  0
CIRCLE
  5
176
330
30F
100
AcDbEntity
  8
0
100
AcDbCircle
 10
359.8718172718509
 20
210.8548985081456
 30
0.0
 40
2.6
  0
CIRCLE
  5
177
330
30F
100
AcDbEntity
  8
0
100
AcDbCircle
 10
10.0
 20
66.04223297475596
 30
0.0
 40
2.6
  0
CIRCLE
  5
179
330
30F
100
AcDbEntity
  8
0
100
AcDbCircle
 10
436.2609756198875
 20
814.2649573126073
 30
0.0
 40
2.6
  0
CIRCLE
  5
17A
330
30F
100
AcDbEntity
  8
0
100
AcDbCircle
 10
745.9844399276108
 20
478.7323284003319
 30
0.0
 40
2.6
  0
CIRCLE
  5
17B
330
30F
100
AcDbEntity
  8
0
100
AcDbCircle
 10
729.3414178295938
 20
577.3376518643564
 30
0.0
 40
2.6
  0
CIRCLE
  5
17C
330
30F
100
AcDbEntity
  8
0
100
AcDbCircle
 10
387.537782157867
 20
803.0377395422726
 30
0.0
 40
2.6
  0
CIRCLE
  5
2BE
330
30F
100
AcDbEntity
  8
0
100
AcDbCircle
 10
47.86552533938402
 20
-317.5457407514596
 30
0.0
 40
2.6
  0
CIRCLE
  5
17E
330
30F
100
AcDbEntity
  8
0
100
AcDbCircle
 10
737.6629288786023
 20
528.0349901323442
 30
0.0
 40
2.6
  0
CIRCLE
  5
2BF
330
30F
100
AcDbEntity
  8
0
100
AcDbCircle
 10
533.0689945591216
 20
264.6550951851325
 30
0.0
 40
2.6
  0
CIRCLE
  5
180
330
30F
100
AcDbEntity
  8
0
100
AcDbCircle
 10
631.1537494679695
 20
859.1738283939466
 30
0.0
 40
2.6
  0
CIRCLE
  5
181
330
30F
100
AcDbEntity
  8
0
100
AcDbCircle
 10
10.00000000000003
 20
466.042232974756
 30
0.0
 40
2.6
  0
CIRCLE
  5
182
330
30F
100
AcDbEntity
  8
0
100
AcDbCircle
 10
712.6983957315766
 20
675.9429753283811
 30
0.0
 40
2.6
  0
CIRCLE
  5
184
330
30F
100
AcDbEntity
  8
0
100
AcDbCircle
 10
696.0553736335596
 20
774.5482987924056
 30
0.0
 40
2.6
  0
CIRCLE
  5
2C0
330
30F
100
AcDbEntity
  8
0
100
AcDbCircle
 10
752.8121811566698
 20
-61.15201472700892
 30
0.0
 40
2.6
  0
CIRCLE
  5
2C1
330
30F
100
AcDbEntity
  8
0
100
AcDbCircle
 10
313.3258079615757
 20
145.4370934238386
 30
0.0
 40
2.6
  0
CIRCLE
  5
188
330
30F
100
AcDbEntity
  8
0
100
AcDbCircle
 10
484.9841690819079
 20
825.4921750829423
 30
0.0
 40
2.6
  0
CIRCLE
  5
2C2
330
30F
100
AcDbEntity
  8
0
100
AcDbCircle
 10
620.9662691981403
 20
312.3422958896497
 30
0.0
 40
2.6
  0
CIRCLE
  5
2C3
330
30F
100
AcDbEntity
  8
0
100
AcDbCircle
 10
261.7134217085477
 20
-410.926415973751
 30
0.0
 40
2.6
  0
CIRCLE
  5
18B
330
30F
100
AcDbEntity
  8
0
100
AcDbCircle
 10
754.3059509766194
 20
429.4296666683196
 30
0.0
 40
2.6
  0
CIRCLE
  5
2C4
330
30F
100
AcDbEntity
  8
0
100
AcDbCircle
 10
457.7093310578466
 20
-371.106778628072
 30
0.0
 40
2.6
  0
CIRCLE
  5
18D
330
30F
100
AcDbEntity
  8
0
100
AcDbCircle
 10
290.0913952338259
 20
780.583304001603
 30
0.0
 40
2.6
  0
CIRCLE
  5
18E
330
30F
100
AcDbEntity
  8
0
100
AcDbCircle
 10
228.6698857949067
 20
138.149649889361
 30
0.0
 40
2.6
  0
CIRCLE
  5
2C5
330
30F
100
AcDbEntity
  8
0
100
AcDbCircle
 10
27.94014021901694
 20
-168.8750340611195
 30
0.0
 40
2.6
  0
CIRCLE
  5
190
330
30F
100
AcDbEntity
  8
0
100
AcDbCircle
 10
272.4038629538882
 20
162.3847327622892
 30
0.0
 40
2.6
  0
CIRCLE
  5
2C6
330
30F
100
AcDbEntity
  8
0
100
AcDbCircle
 10
225.4285333225566
 20
97.74989271932134
 30
0.0
 40
2.6
  0
CIRCLE
  5
2C7
330
30F
100
AcDbEntity
  8
0
100
AcDbCircle
 10
357.2744452810848
 20
169.2806937760976
 30
0.0
 40
2.6
  0
CIRCLE
  5
2C8
330
30F
100
AcDbEntity
  8
0
100
AcDbCircle
 10
489.120357239613
 20
240.8114948328739
 30
0.0
 40
2.6
  0
CIRCLE
  5
2C9
330
30F
100
AcDbEntity
  8
0
100
AcDbCircle
 10
137.5312586835389
 20
50.06269201480382
 30
0.0
 40
2.6
  0
CIRCLE
  5
2CA
330
30F
100
AcDbEntity
  8
0
100
AcDbCircle
 10
752.8121811566698
 20
-311.1520147270086
 30
0.0
 40
2.6
  0
CIRCLE
  5
196
330
30F
100
AcDbEntity
  8
0
100
AcDbCircle
 10
10.00000000000004
 20
616.0422329747561
 30
0.0
 40
2.6
  0
CIRCLE
  5
197
330
30F
100
AcDbEntity
  8
0
100
AcDbCircle
 10
316.1378401128696
 20
186.6198156352174
 30
0.0
 40
2.6
  0
CIRCLE
  5
19A
330
30F
100
AcDbEntity
  8
0
100
AcDbCircle
 10
10.00000000000004
 20
716.042232974756
 30
0.0
 40
2.6
  0
CIRCLE
  5
19B
330
30F
100
AcDbEntity
  8
0
100
AcDbCircle
 10
143.9218148477644
 20
746.9016506905987
 30
0.0
 40
2.6
  0
CIRCLE
  5
2CB
330
30F
100
AcDbEntity
  8
0
100
AcDbCircle
 10
752.8121811566698
 20
138.8479852729915
 30
0.0
 40
2.6
  0
CIRCLE
  5
19E
330
30F
100
AcDbEntity
  8
0
100
AcDbCircle
 10
679.87694292999
 20
870.4010461642814
 30
0.0
 40
2.6
  0
CIRCLE
  5
1A0
330
30F
100
AcDbEntity
  8
0
100
AcDbCircle
 10
10.00000000000003
 20
566.042232974756
 30
0.0
 40
2.6
  0
CIRCLE
  5
1A1
330
30F
100
AcDbEntity
  8
0
100
AcDbCircle
 10
10.00000000000001
 20
166.042232974756
 30
0.0
 40
2.6
  0
CIRCLE
  5
1A2
330
30F
100
AcDbEntity
  8
0
100
AcDbCircle
 10
10.00000000000001
 20
116.042232974756
 30
0.0
 40
2.6
  0
CIRCLE
  5
2CC
330
30F
100
AcDbEntity
  8
0
100
AcDbCircle
 10
401.2230826005948
 20
193.1242941283565
 30
0.0
 40
2.6
  0
CIRCLE
  5
2CD
330
30F
100
AcDbEntity
  8
0
100
AcDbCircle
 10
14.65655013877267
 20
-69.76122960089344
 30
0.0
 40
2.6
  0
CIRCLE
  5
1A5
330
30F
100
AcDbEntity
  8
0
100
AcDbCircle
 10
97.46795431796272
 20
65.44440127057652
 30
0.0
 40
2.6
  0
CIRCLE
  5
1A6
330
30F
100
AcDbEntity
  8
0
100
AcDbCircle
 10
534.8077259077764
 20
307.7952299998583
 30
0.0
 40
2.6
  0
CIRCLE
  5
1A7
330
30F
100
AcDbEntity
  8
0
100
AcDbCircle
 10
95.19862138574385
 20
735.6744329202638
 30
0.0
 40
2.6
  0
CIRCLE
  5
2CE
330
30F
100
AcDbEntity
  8
0
100
AcDbCircle
 10
34.58193525913885
 20
-218.431936291233
 30
0.0
 40
2.6
  0
CIRCLE
  5
1A9
330
30F
100
AcDbEntity
  8
0
100
AcDbCircle
 10
10.00000000000002
 20
366.042232974756
 30
0.0
 40
2.6
  0
CIRCLE
  5
2CF
330
30F
100
AcDbEntity
  8
0
100
AcDbCircle
 10
506.7083083951716
 20
-361.1518692916521
 30
0.0
 40
2.6
  0
CIRCLE
  5
2D0
330
30F
100
AcDbEntity
  8
0
100
AcDbCircle
 10
752.8121811566698
 20
38.84798527299154
 30
0.0
 40
2.6
  0
CIRCLE
  5
1AC
330
30F
100
AcDbEntity
  8
0
100
AcDbCircle
 10
10.00000000000003
 20
516.042232974756
 30
0.0
 40
2.6
  0
CIRCLE
  5
1AD
330
30F
100
AcDbEntity
  8
0
100
AcDbCircle
 10
10.00000000000004
 20
666.0422329747561
 30
0.0
 40
2.6
  0
CIRCLE
  5
1AE
330
30F
100
AcDbEntity
  8
0
100
AcDbCircle
 10
666.0096573847204
 20
380.5004786186429
 30
0.0
 40
2.6
  0
CIRCLE
  5
2D1
330
30F
100
AcDbEntity
  8
0
100
AcDbCircle
 10
408.7103537205217
 20
-381.0616879644917
 30
0.0
 40
2.6
  0
CIRCLE
  5
2D2
330
30F
100
AcDbEntity
  8
0
100
AcDbCircle
 10
752.8121811566698
 20
88.84798527299176
 30
0.0
 40
2.6
  0
CIRCLE
  5
2D3
330
30F
100
AcDbEntity
  8
0
100
AcDbCircle
 10
114.7164896965728
 20
-440.7911439830103
 30
0.0
 40
2.6
  0
CIRCLE
  5
1B2
330
30F
100
AcDbEntity
  8
0
100
AcDbCircle
 10
46.47542792372339
 20
724.447215149929
 30
0.0
 40
2.6
  0
CIRCLE
  5
2D4
330
30F
100
AcDbEntity
  8
0
100
AcDbCircle
 10
8.014755098651676
 20
-20.20432737077977
 30
0.0
 40
2.6
  0
CIRCLE
  5
1B4
330
30F
100
AcDbEntity
  8
0
100
AcDbCircle
 10
582.430556005949
 20
847.9466106236118
 30
0.0
 40
2.6
  0
CIRCLE
  5
1B5
330
30F
100
AcDbEntity
  8
0
100
AcDbCircle
 10
491.0737487487949
 20
283.5601471269301
 30
0.0
 40
2.6
  0
CIRCLE
  5
1B6
330
30F
100
AcDbEntity
  8
0
100
AcDbCircle
 10
9.999999999999998
 20
16.97423552472016
 30
0.0
 40
2.6
  0
CIRCLE
  5
2D5
330
30F
100
AcDbEntity
  8
0
100
AcDbCircle
 10
752.8121811566698
 20
338.8479852729917
 30
0.0
 40
2.6
  0
CIRCLE
  5
1B9
330
30F
100
AcDbEntity
  8
0
100
AcDbCircle
 10
53.73397715898136
 20
41.20931839764835
 30
0.0
 40
2.6
  0
CIRCLE
  5
2D6
330
30F
100
AcDbEntity
  8
0
100
AcDbCircle
 10
21.29834517889458
 20
-119.3181318310068
 30
0.0
 40
2.6
  0
CIRCLE
  5
1BB
330
30F
100
AcDbEntity
  8
0
100
AcDbCircle
 10
10.00000000000002
 20
316.042232974756
 30
0.0
 40
2.6
  0
CIRCLE
  5
1BC
330
30F
100
AcDbEntity
  8
0
100
AcDbCircle
 10
447.3397715898136
 20
259.3250642540019
 30
0.0
 40
2.6
  0
CIRCLE
  5
2D7
330
30F
100
AcDbEntity
  8
0
100
AcDbCircle
 10
93.58262136402891
 20
26.21909166254522
 30
0.0
 40
2.6
  0
CIRCLE
  5
2D8
330
30F
100
AcDbEntity
  8
0
100
AcDbCircle
 10
65.71751235924785
 20
-450.7460533194303
 30
0.0
 40
2.6
  0
CIRCLE
  5
1BF
330
30F
100
AcDbEntity
  8
0
100
AcDbCircle
 10
721.0199067805852
 20
626.6403135963687
 30
0.0
 40
2.6
  0
CIRCLE
  5
1C0
330
30F
100
AcDbEntity
  8
0
100
AcDbCircle
 10
10.00000000000001
 20
216.042232974756
 30
0.0
 40
2.6
  0
CIRCLE
  5
2D9
330
30F
100
AcDbEntity
  8
0
100
AcDbCircle
 10
752.8121811566698
 20
-211.1520147270086
 30
0.0
 40
2.6
  0
CIRCLE
  5
1C2
330
30F
100
AcDbEntity
  8
0
100
AcDbCircle
 10
184.9359086359254
 20
113.9145670164329
 30
0.0
 40
2.6
  0
CIRCLE
  5
2DA
330
30F
100
AcDbEntity
  8
0
100
AcDbCircle
 10
653.7052404071446
 20
-331.2871412823929
 30
0.0
 40
2.6
  0
CIRCLE
  5
1C5
330
30F
100
AcDbEntity
  8
0
100
AcDbCircle
 10
10.00000000000002
 20
266.042232974756
 30
0.0
 40
2.6
  0
CIRCLE
  5
1C6
330
30F
100
AcDbEntity
  8
0
100
AcDbCircle
 10
403.6057944308322
 20
235.0899813810738
 30
0.0
 40
2.6
  0
CIRCLE
  5
1C7
330
30F
100
AcDbEntity
  8
0
100
AcDbCircle
 10
241.3682017718054
 20
769.3560862312683
 30
0.0
 40
2.6
  0
CIRCLE
  5
1C8
330
30F
100
AcDbEntity
  8
0
100
AcDbCircle
 10
338.8145886958463
 20
791.8105217719378
 30
0.0
 40
2.6
  0
CIRCLE
  5
1C9
330
30F
100
AcDbEntity
  8
0
100
AcDbCircle
 10
192.6450083097849
 20
758.1288684609335
 30
0.0
 40
2.6
  0
CIRCLE
  5
1CA
330
30F
100
AcDbEntity
  8
0
100
AcDbCircle
 10
578.5417030667578
 20
332.0303128727865
 30
0.0
 40
2.6
  0
CIRCLE
  5
2DB
330
30F
100
AcDbEntity
  8
0
100
AcDbCircle
 10
359.7113763831967
 20
-391.0165973009115
 30
0.0
 40
2.6
  0
CIRCLE
  5
2DC
330
30F
100
AcDbEntity
  8
0
100
AcDbCircle
 10
555.7072857324956
 20
-351.1969599552324
 30
0.0
 40
2.6
  0
CIRCLE
  5
1CD
330
30F
100
AcDbEntity
  8
0
100
AcDbCircle
 10
622.275680225739
 20
356.2653957457147
 30
0.0
 40
2.6
  0
CIRCLE
  5
2DD
330
30F
100
AcDbEntity
  8
0
100
AcDbCircle
 10
604.7062630698206
 20
-341.2420506188126
 30
0.0
 40
2.6
  0
CIRCLE
  5
2DE
330
30F
100
AcDbEntity
  8
0
100
AcDbCircle
 10
752.8121811566698
 20
-11.15201472700824
 30
0.0
 40
2.6
  0
CIRCLE
  5
2DF
330
30F
100
AcDbEntity
  8
0
100
AcDbCircle
 10
664.9149065176507
 20
336.1858962419087
 30
0.0
 40
2.6
  0
CIRCLE
  5
1D1
330
30F
100
AcDbEntity
  8
0
100
AcDbCircle
 10
687.7338625845509
 20
823.850960524418
 30
0.0
 40
2.6
  0
CIRCLE
  5
2E0
330
30F
100
AcDbEntity
  8
0
100
AcDbCircle
 10
752.8121811566698
 20
238.8479852729918
 30
0.0
 40
2.6
  0
CIRCLE
  5
2E1
330
30F
100
AcDbEntity
  8
0
100
AcDbCircle
 10
708.8635438371593
 20
360.0294965941673
 30
0.0
 40
2.6
  0
CIRCLE
  5
1D4
330
30F
100
AcDbEntity
  8
0
100
AcDbCircle
 10
10.00000000000003
 20
416.042232974756
 30
0.0
 40
2.6
  0
CIRCLE
  5
2E2
330
30F
100
AcDbEntity
  8
0
100
AcDbCircle
 10
41.22373029926075
 20
-267.9888385213463
 30
0.0
 40
2.6
  0
CIRCLE
  5
2E3
330
30F
100
AcDbEntity
  8
0
100
AcDbCircle
 10
752.8121811566698
 20
383.8730969464261
 30
0.0
 40
2.6
  0
CIRCLE
  5
2E4
330
30F
100
AcDbEntity
  8
0
100
AcDbCircle
 10
752.8121811566698
 20
-261.1520147270085
 30
0.0
 40
2.6
  0
CIRCLE
  5
2E5
330
30F
100
AcDbEntity
  8
0
100
AcDbCircle
 10
752.8121811566698
 20
-161.1520147270085
 30
0.0
 40
2.6
  0
CIRCLE
  5
1D9
330
30F
100
AcDbEntity
  8
0
100
AcDbCircle
 10
141.2019314769441
 20
89.6794841435047
 30
0.0
 40
2.6
  0
CIRCLE
  5
2E6
330
30F
100
AcDbEntity
  8
0
100
AcDbCircle
 10
61.14911541962783
 20
-416.659545211686
 30
0.0
 40
2.6
  0
CIRCLE
  5
2E7
330
30F
100
AcDbEntity
  8
0
100
AcDbCircle
 10
212.7144443712227
 20
-420.8813253101707
 30
0.0
 40
2.6
  0
CIRCLE
  5
1DC
330
30F
100
AcDbEntity
  8
0
100
AcDbCircle
 10
709.7436345437018
 20
404.735561491571
 30
0.0
 40
2.6
  0
CIRCLE
  5
2E8
330
30F
100
AcDbEntity
  8
0
100
AcDbCircle
 10
752.8121811566698
 20
288.8479852729917
 30
0.0
 40
2.6
  0
CIRCLE
  5
2E9
330
30F
100
AcDbEntity
  8
0
100
AcDbCircle
 10
702.7042177444696
 20
-321.3322319459731
 30
0.0
 40
2.6
  0
CIRCLE
  5
2EA
330
30F
100
AcDbEntity
  8
0
100
AcDbCircle
 10
445.1717199201039
 20
216.9678944806149
 30
0.0
 40
2.6
  0
CIRCLE
  5
2EB
330
30F
100
AcDbEntity
  8
0
100
AcDbCircle
 10
752.8121811566698
 20
-111.1520147270088
 30
0.0
 40
2.6
  0
CIRCLE
  5
2EC
330
30F
100
AcDbEntity
  8
0
100
AcDbCircle
 10
310.7123990458717
 20
-400.9715066373312
 30
0.0
 40
2.6
  0
CIRCLE
  5
2ED
330
30F
100
AcDbEntity
  8
0
100
AcDbCircle
 10
752.8121811566698
 20
188.8479852729918
 30
0.0
 40
2.6
  0
CIRCLE
  5
2EE
330
30F
100
AcDbEntity
  8
0
100
AcDbCircle
 10
54.50732037950502
 20
-367.1026429815728
 30
0.0
 40
2.6
  0
CIRCLE
  5
1E4
330
30F
100
AcDbEntity
  8
0
100
AcDbCircle
 10
533.7073625439284
 20
836.719392853277
 30
0.0
 40
2.6
  0
CIRCLE
  5
2EF
330
30F
100
AcDbEntity
  8
0
100
AcDbCircle
 10
163.7154670338978
 20
-430.8362346465904
 30
0.0
 40
2.6
  0
CIRCLE
  5
2F0
330
30F
100
AcDbEntity
  8
0
100
AcDbCircle
 10
181.479896003048
 20
73.90629236706263
 30
0.0
 40
2.6
  0
CIRCLE
  5
2F1
330
30F
100
AcDbEntity
  8
0
100
AcDbCircle
 10
49.63398404452073
 20
2.375491310286634
 30
0.0
 40
2.6
  0
CIRCLE
  5
1E9
330
30F
100
AcDbEntity
  8
0
100
AcDbCircle
 10
704.3768846825681
 20
725.2456370603933
 30
0.0
 40
2.6
  0
VIEWPORT
  5
3BD
330
30B
100
AcDbEntity
 67
     1
  8
0
100
AcDbViewport
 10
128.5
 20
97.5
 30
0.0
 40
314.226
 41
222.18
 68
     1
 69
     1
 12
128.5
 22
97.5
 13
0.0
 23
0.0
 14
10.0
 24
10.0
 15
10.0
 25
10.0
 16
0.0
 26
0.0
 36
1.0
 17
0.0
 27
0.0
 37
0.0
 42
50.0
 43
0.0
 44
0.0
 45
222.18
 50
0.0
 51
0.0
 72
   100
 90
   557152
  1

281
     0
 71
     1
 74
     0
110
0.0
120
0.0
130
0.0
111
1.0
121
0.0
131
0.0
112
0.0
122
1.0
132
0.0
 79
     0
146
0.0
170
     0
 61
     5
348
31F
292
     1
282
     1
141
0.0
142
0.0
 63
   256
361
3BE
  0
ENDSEC
  0
SECTION
  2
OBJECTS
  0
DICTIONARY
  5
2FD
330
0
100
AcDbDictionary
281
     1
  3
ACAD_DETAILVIEWSTYLE
350
3C9
  3
ACAD_GROUP
350
2FE
  3
ACAD_IMAGE_VARS
350
386
  3
ACAD_LAYOUT
350
30A
  3
ACAD_MATERIAL
350
333
  3
ACAD_MLEADERSTYLE
350
34B
  3
ACAD_MLINESTYLE
350
307
  3
ACAD_PLOTSETTINGS
350
309
  3
ACAD_PLOTSTYLENAME
350
2FF
  3
ACAD_SCALELIST
350
337
  3
ACAD_SECTIONVIEWSTYLE
350
3CA
  3
ACAD_TABLESTYLE
350
349
  3
ACAD_VISUALSTYLE
350
31A
  3
ACDB_RECOMPOSE_DATA
350
3C6
  3
AcDbVariableDictionary
350
3C2
  3
QCAD_OBJECTS
350
34F
  0
SUN
  5
34D
330
319
100
AcDbSun
 90
        1
290
     0
 63
     7
421
 16777215
 40
1.0
291
     1
 91
  2455826
 92
 54000000
292
     0
 70
     2
 71
   256
280
     1
  0
SUN
  5
3BE
330
3BD
100
AcDbSun
 90
        1
290
     0
 63
     7
421
 16777215
 40
1.0
291
     1
 91
  2455826
 92
 54000000
292
     0
 70
     2
 71
   256
280
     1
  0
DICTIONARY
  5
3C9
102
{ACAD_REACTORS
330
2FD
102
}
330
2FD
100
AcDbDictionary
281
     1
  0
DICTIONARY
  5
2FE
102
{ACAD_REACTORS
330
2FD
102
}
330
2FD
100
AcDbDictionary
281
     1
  0
RASTERVARIABLES
  5
386
102
{ACAD_REACTORS
330
2FD
102
}
330
2FD
100
AcDbRasterVariables
 90
        0
 70
     1
 71
     1
 72
     1
  0
DICTIONARY
  5
30A
102
{ACAD_REACTORS
330
2FD
102
}
330
2FD
100
AcDbDictionary
281
     1
  3
Layout1
350
30E
  3
Model
350
312
  0
DICTIONARY
  5
333
102
{ACAD_REACTORS
330
2FD
102
}
330
2FD
100
AcDbDictionary
281
     1
  3
ByBlock
350
335
  3
ByLayer
350
334
  3
Global
350
336
  0
DICTIONARY
  5
34B
102
{ACAD_REACTORS
330
2FD
102
}
330
2FD
100
AcDbDictionary
281
     1
  3
Standard
350
34C
  0
DICTIONARY
  5
307
102
{ACAD_REACTORS
330
2FD
102
}
330
2FD
100
AcDbDictionary
281
     1
  3
Standard
350
308
  0
DICTIONARY
  5
309
102
{ACAD_REACTORS
330
2FD
102
}
330
2FD
100
AcDbDictionary
281
     1
  0
ACDBDICTIONARYWDFLT
  5
2FF
102
{ACAD_REACTORS
330
2FD
102
}
330
2FD
100
AcDbDictionary
281
     1
  3
Normal
350
300
100
AcDbDictionaryWithDefault
340
300
  0
DICTIONARY
  5
337
102
{ACAD_REACTORS
330
2FD
102
}
330
2FD
100
AcDbDictionary
281
     1
  3
A0
350
338
  3
A1
350
339
  3
A2
350
33A
  3
A3
350
33B
  3
A4
350
33C
  3
A5
350
33D
  3
A6
350
33E
  3
A7
350
33F
  3
A8
350
340
  3
A9
350
341
  3
B1
350
342
  3
B2
350
343
  3
B3
350
344
  3
B4
350
345
  3
B5
350
346
  3
B6
350
347
  3
B7
350
348
  0
DICTIONARY
  5
3CA
102
{ACAD_REACTORS
330
2FD
102
}
330
2FD
100
AcDbDictionary
281
     1
  0
DICTIONARY
  5
349
102
{ACAD_REACTORS
330
2FD
102
}
330
2FD
100
AcDbDictionary
281
     1
  3
Standard
350
34A
  0
DICTIONARY
  5
31A
102
{ACAD_REACTORS
330
2FD
102
}
330
2FD
100
AcDbDictionary
281
     1
  3
2dWireframe
350
31F
  3
Basic
350
322
  3
Brighten
350
326
  3
ColorChange
350
32A
  3
Conceptual
350
324
  3
Dim
350
325
  3
EdgeColorOff
350
32D
  3
Facepattern
350
329
  3
Flat
350
31B
  3
FlatWithEdges
350
31C
  3
Gouraud
350
31D
  3
GouraudWithEdges
350
31E
  3
Hidden
350
321
  3
JitterOff
350
32B
  3
Linepattern
350
328
  3
OverhangOff
350
32C
  3
Realistic
350
323
  3
Shaded
350
332
  3
Shaded with edges
350
331
  3
Shades of Gray
350
32E
  3
Sketchy
350
32F
  3
Thicken
350
327
  3
Wireframe
350
320
  3
X-Ray
350
330
  0
XRECORD
  5
3C6
102
{ACAD_REACTORS
330
2FD
102
}
330
2FD
100
AcDbXrecord
280
     1
 90
        1
330
34A
  0
DICTIONARY
  5
3C2
102
{ACAD_REACTORS
330
2FD
102
}
330
2FD
100
AcDbDictionary
281
     1
  3
CANNOSCALE
350
3C3
  3
CMLEADERSTYLE
350
3C8
  3
CTABLESTYLE
350
3C7
  0
DICTIONARY
  5
34F
102
{ACAD_REACTORS
330
2FD
102
}
330
2FD
100
AcDbDictionary
281
     1
  3
ColorSettings/BackgroundColor
350
351
  3
ColorSettings/ColorMode
350
352
  3
Grid/DisplayGrid00
350
353
  3
Grid/DisplayGrid01
350
354
  3
Grid/DisplayGrid02
350
355
  3
Grid/DisplayGrid03
350
356
  3
Grid/GridSpacingX00
350
357
  3
Grid/GridSpacingX01
350
358
  3
Grid/GridSpacingX02
350
359
  3
Grid/GridSpacingX03
350
35A
  3
Grid/GridSpacingY00
350
35B
  3
Grid/GridSpacingY01
350
35C
  3
Grid/GridSpacingY02
350
35D
  3
Grid/GridSpacingY03
350
35E
  3
Grid/IsometricGrid00
350
35F
  3
Grid/IsometricGrid01
350
360
  3
Grid/IsometricGrid02
350
361
  3
Grid/IsometricGrid03
350
362
  3
Grid/IsometricProjection00
350
363
  3
Grid/IsometricProjection01
350
364
  3
Grid/IsometricProjection02
350
365
  3
Grid/IsometricProjection03
350
366
  3
Grid/MetaGridSpacingX00
350
367
  3
Grid/MetaGridSpacingX01
350
368
  3
Grid/MetaGridSpacingX02
350
369
  3
Grid/MetaGridSpacingX03
350
36A
  3
Grid/MetaGridSpacingY00
350
36B
  3
Grid/MetaGridSpacingY01
350
36C
  3
Grid/MetaGridSpacingY02
350
36D
  3
Grid/MetaGridSpacingY03
350
36E
  3
MultiPageSettings/Columns
350
36F
  3
MultiPageSettings/GlueMarginsBottom
350
370
  3
MultiPageSettings/GlueMarginsLeft
350
371
  3
MultiPageSettings/GlueMarginsRight
350
372
  3
MultiPageSettings/GlueMarginsTop
350
373
  3
MultiPageSettings/PrintCropMarks
350
374
  3
MultiPageSettings/Rows
350
375
  3
PageSettings/OffsetX
350
376
  3
PageSettings/OffsetY
350
377
  3
PageSettings/PageOrientation
350
378
  3
PageSettings/PaperHeight
350
379
  3
PageSettings/PaperWidth
350
37A
  3
PageSettings/Scale
350
37B
  3
PageSettings/ShowPaperBorders
350
37C
  3
PageTagSettings/EnablePageTags
350
37D
  3
PageTagSettings/TagAlignment
350
37E
  3
PageTagSettings/TagFont
350
37F
  3
PageTagSettings/TagPosition
350
380
  3
QCADVersion
350
381
  3
UnitSettings/PaperUnit
350
382
  3
ViewportCenter
350
383
  3
ViewportHeight
350
384
  3
ViewportWidth
350
385
  0
LAYOUT
  5
30E
102
{ACAD_REACTORS
330
30A
102
}
330
30A
100
AcDbPlotSettings
  1

  2
none_device
  4
ISO_A4_(210.00_x_297.00_MM)
  6

 40
7.5
 41
20.0
 42
7.5
 43
20.0
 44
210.0
 45
297.0
 46
0.0
 47
0.0
 48
0.0
 49
0.0
140
0.0
141
0.0
142
1.0
143
1.0
 70
   688
 72
     1
 73
     1
 74
     5
  7

 75
     0
 76
     0
 77
     2
 78
   300
147
1.0
148
0.0
149
0.0
100
AcDbLayout
  1
Layout1
 70
     1
 71
     0
 10
-20.0
 20
-7.5
 11
277.0
 21
202.5
 12
0.0
 22
0.0
 32
0.0
 14
0.0
 24
0.0
 34
0.0
 15
0.0
 25
0.0
 35
0.0
146
0.0
 13
0.0
 23
0.0
 33
0.0
 16
1.0
 26
0.0
 36
0.0
 17
0.0
 27
1.0
 37
0.0
 76
     0
330
30B
331
3BD
  0
LAYOUT
  5
312
102
{ACAD_REACTORS
330
30A
102
}
330
30A
100
AcDbPlotSettings
  1

  2
none_device
  4
Letter_(8.50_x_11.00_Inches)
  6

 40
6.35
 41
6.35
 42
6.35000508
 43
6.35000508
 44
215.9
 45
279.4
 46
0.0
 47
0.0
 48
0.0
 49
0.0
140
0.0
141
0.0
142
1.0
143
1.0
 70
  1712
 72
     0
 73
     0
 74
     0
  7

 75
     0
 76
     0
 77
     2
 78
   300
147
1.0
148
0.0
149
0.0
100
AcDbLayout
  1
Model
 70
     1
 71
     0
 10
0.0
 20
0.0
 11
12.0
 21
9.0
 12
0.0
 22
0.0
 32
0.0
 14
-2.812181156670249
 24
-462.6753472222223
 34
0.0
 15
765.3446002821738
 25
882.5283149171272
 35
0.0
146
0.0
 13
0.0
 23
0.0
 33
0.0
 16
1.0
 26
0.0
 36
0.0
 17
0.0
 27
1.0
 37
0.0
 76
     0
330
30F
331
319
  0
MATERIAL
  5
335
102
{ACAD_REACTORS
330
333
102
}
330
333
100
AcDbMaterial
  1
ByBlock
 72
     1
 94
      127
  0
MATERIAL
  5
334
102
{ACAD_REACTORS
330
333
102
}
330
333
100
AcDbMaterial
  1
ByLayer
 72
     1
 94
      127
  0
MATERIAL
  5
336
102
{ACAD_REACTORS
330
333
102
}
330
333
100
AcDbMaterial
  1
Global
 72
     1
 94
      127
  0
MLEADERSTYLE
  5
34C
102
{ACAD_REACTORS
330
34B
102
}
330
34B
100
AcDbMLeaderStyle
179
     2
170
     2
171
     1
172
     0
 90
        2
 40
0.0
 41
0.0
173
     1
 91
-1056964608
340
304
 92
       -2
290
     1
 42
0.09
291
     1
 43
0.36
  3
Standard
341
0
 44
0.18
300

342
302
174
     1
178
     6
175
     1
176
     0
 93
-1056964608
 45
0.18
292
     0
297
     0
 46
0.18
343
0
 94
-1056964608
 47
1.0
 49
1.0
140
1.0
293
     1
141
0.0
294
     1
177
     0
142
1.0
295
     0
296
     0
143
0.125
271
     0
272
     9
273
     9
298
     0
  0
MLINESTYLE
  5
308
102
{ACAD_REACTORS
330
307
102
}
330
307
100
AcDbMlineStyle
  2
Standard
 70
     0
  3

 62
   256
 51
90.0
 52
90.0
 71
     2
 49
0.5
 62
   256
  6
BYLAYER
 49
-0.5
 62
   256
  6
BYLAYER
  0
ACDBPLACEHOLDER
  5
300
102
{ACAD_REACTORS
330
2FF
102
}
330
2FF
  0
SCALE
  5
338
102
{ACAD_REACTORS
330
337
102
}
330
337
100
AcDbScale
 70
     0
300
1:1
140
1.0
141
1.0
290
     1
  0
SCALE
  5
339
102
{ACAD_REACTORS
330
337
102
}
330
337
100
AcDbScale
 70
     0
300
1/128" = 1'-0"
140
0.0078125
141
12.0
290
     0
  0
SCALE
  5
33A
102
{ACAD_REACTORS
330
337
102
}
330
337
100
AcDbScale
 70
     0
300
1/64" = 1'-0"
140
0.015625
141
12.0
290
     0
  0
SCALE
  5
33B
102
{ACAD_REACTORS
330
337
102
}
330
337
100
AcDbScale
 70
     0
300
1/32" = 1'-0"
140
0.03125
141
12.0
290
     0
  0
SCALE
  5
33C
102
{ACAD_REACTORS
330
337
102
}
330
337
100
AcDbScale
 70
     0
300
1/16" = 1'-0"
140
0.0625
141
12.0
290
     0
  0
SCALE
  5
33D
102
{ACAD_REACTORS
330
337
102
}
330
337
100
AcDbScale
 70
     0
300
3/32" = 1'-0"
140
0.09375
141
12.0
290
     0
  0
SCALE
  5
33E
102
{ACAD_REACTORS
330
337
102
}
330
337
100
AcDbScale
 70
     0
300
1/8" = 1'-0"
140
0.125
141
12.0
290
     0
  0
SCALE
  5
33F
102
{ACAD_REACTORS
330
337
102
}
330
337
100
AcDbScale
 70
     0
300
3/16" = 1'-0"
140
0.1875
141
12.0
290
     0
  0
SCALE
  5
340
102
{ACAD_REACTORS
330
337
102
}
330
337
100
AcDbScale
 70
     0
300
1/4" = 1'-0"
140
0.25
141
12.0
290
     0
  0
SCALE
  5
341
102
{ACAD_REACTORS
330
337
102
}
330
337
100
AcDbScale
 70
     0
300
3/8" = 1'-0"
140
0.375
141
12.0
290
     0
  0
SCALE
  5
342
102
{ACAD_REACTORS
330
337
102
}
330
337
100
AcDbScale
 70
     0
300
1/2" = 1'-0"
140
0.5
141
12.0
290
     0
  0
SCALE
  5
343
102
{ACAD_REACTORS
330
337
102
}
330
337
100
AcDbScale
 70
     0
300
3/4" = 1'-0"
140
0.75
141
12.0
290
     0
  0
SCALE
  5
344
102
{ACAD_REACTORS
330
337
102
}
330
337
100
AcDbScale
 70
     0
300
1" = 1'-0"
140
1.0
141
12.0
290
     0
  0
SCALE
  5
345
102
{ACAD_REACTORS
330
337
102
}
330
337
100
AcDbScale
 70
     0
300
1-1/2" = 1'-0"
140
1.5
141
12.0
290
     0
  0
SCALE
  5
346
102
{ACAD_REACTORS
330
337
102
}
330
337
100
AcDbScale
 70
     0
300
3" = 1'-0"
140
3.0
141
12.0
290
     0
  0
SCALE
  5
347
102
{ACAD_REACTORS
330
337
102
}
330
337
100
AcDbScale
 70
     0
300
6" = 1'-0"
140
6.0
141
12.0
290
     0
  0
SCALE
  5
348
102
{ACAD_REACTORS
330
337
102
}
330
337
100
AcDbScale
 70
     0
300
1'-0" = 1'-0"
140
12.0
141
12.0
290
     0
  0
TABLESTYLE
  5
34A
102
{ACAD_REACTORS
330
349
102
}
102
{ACAD_XDICTIONARY
360
3C4
102
}
330
349
100
AcDbTableStyle
  3
Standard
 70
     0
 71
     0
 40
0.06
 41
0.06
280
     0
281
     0
  7
Standard
140
0.18
170
     2
 62
     0
 63
   257
283
     0
 90
        4
 91
        0
  1

274
    -2
284
     1
 64
     0
275
    -2
285
     1
 65
     0
276
    -2
286
     1
 66
     0
277
    -2
287
     1
 67
     0
278
    -2
288
     1
 68
     0
279
    -2
289
     1
 69
     0
  7
Standard
140
0.25
170
     5
 62
     0
 63
   257
283
     0
 90
        4
 91
        0
  1

274
    -2
284
     1
 64
     0
275
    -2
285
     1
 65
     0
276
    -2
286
     1
 66
     0
277
    -2
287
     1
 67
     0
278
    -2
288
     1
 68
     0
279
    -2
289
     1
 69
     0
  7
Standard
140
0.18
170
     5
 62
     0
 63
   257
283
     0
 90
        4
 91
        0
  1

274
    -2
284
     1
 64
     0
275
    -2
285
     1
 65
     0
276
    -2
286
     1
 66
     0
277
    -2
287
     1
 67
     0
278
    -2
288
     1
 68
     0
279
    -2
289
     1
 69
     0
  0
VISUALSTYLE
  5
31F
102
{ACAD_REACTORS
330
31A
102
}
330
31A
100
AcDbVisualStyle
  2
2dWireframe
 70
     4
177
     3
291
     0
 70
    58
 90
        0
176
     1
 90
        2
176
     1
 90
        0
176
     1
 90
        0
176
     1
 40
0.6
176
     1
 40
30.0
176
     1
 62
     7
420
 16777215
176
     1
 90
        1
176
     1
 90
        4
176
     1
 62
     7
176
     1
 62
   257
176
     1
 90
        1
176
     1
 90
        1
176
     1
 40
1.0
176
     1
 90
        0
176
     1
 62
   257
176
     1
 40
1.0
176
     1
 90
        1
176
     1
 90
        6
176
     1
 90
        2
176
     1
 62
     7
176
     1
 90
        5
176
     1
 90
        0
176
     1
 90
        0
176
     1
290
     0
176
     1
 90
        1
176
     1
 40
0.0
176
     1
 90
        0
176
     1
290
     1
176
     1
290
     1
176
     1
290
     0
176
     1
290
     0
176
     1
290
     0
176
     1
290
     0
176
     1
290
     0
176
     1
290
     0
176
     1
290
     0
176
     1
 90
       50
176
     1
 40
0.0
176
     1
 40
1.0
176
     1
 90
        0
176
     1
 62
    18
420
        0
176
     1
 90
       50
176
     1
 90
        3
176
     1
 62
     5
420
      255
176
     1
290
     0
176
     1
 90
       50
176
     1
 90
       50
176
     1
 90
       50
176
     1
290
     0
176
     1
 90
       50
176
     1
 62
   256
176
     0
 40
1.0
176
     0
 90
        2
176
     1
  1
strokes_ogs.tif
176
     1
290
     0
176
     1
 40
1.0
176
     1
 40
1.0
176
     1
  0
VISUALSTYLE
  5
322
102
{ACAD_REACTORS
330
31A
102
}
330
31A
100
AcDbVisualStyle
  2
Basic
 70
     7
177
     3
291
     1
 70
    58
 90
        1
176
     1
 90
        0
176
     1
 90
        1
176
     1
 90
        0
176
     1
 40
0.6
176
     1
 40
30.0
176
     1
 62
     7
420
 16777215
176
     1
 90
        0
176
     1
 90
        4
176
     1
 62
     7
176
     1
 62
   257
176
     1
 90
        1
176
     1
 90
        1
176
     1
 40
1.0
176
     1
 90
        8
176
     1
 62
     7
176
     1
 40
1.0
176
     1
 90
        1
176
     1
 90
        6
176
     1
 90
        2
176
     1
 62
     7
176
     1
 90
        5
176
     1
 90
        0
176
     1
 90
        0
176
     1
290
     0
176
     1
 90
        1
176
     1
 40
0.0
176
     1
 90
        0
176
     1
290
     0
176
     1
290
     1
176
     1
290
     1
176
     1
290
     0
176
     1
290
     0
176
     1
290
     0
176
     1
290
     0
176
     1
290
     0
176
     1
290
     0
176
     1
 90
       50
176
     1
 40
0.0
176
     1
 40
1.0
176
     1
 90
        0
176
     1
 62
    18
420
        0
176
     1
 90
       50
176
     1
 90
        3
176
     1
 62
     5
420
      255
176
     1
290
     0
176
     1
 90
       50
176
     1
 90
       50
176
     1
 90
       50
176
     1
290
     0
176
     1
 90
       50
176
     1
 62
   256
176
     0
 40
1.0
176
     0
 90
        2
176
     1
  1
strokes_ogs.tif
176
     1
290
     0
176
     1
 40
1.0
176
     1
 40
1.0
176
     1
  0
VISUALSTYLE
  5
326
102
{ACAD_REACTORS
330
31A
102
}
330
31A
100
AcDbVisualStyle
  2
Brighten
 70
    12
177
     3
291
     1
 70
    58
 90
        2
176
     1
 90
        2
176
     1
 90
        0
176
     1
 90
        0
176
     1
 40
0.6
176
     1
 40
30.0
176
     1
 62
     7
420
 16777215
176
     1
 90
        1
176
     1
 90
        4
176
     1
 62
     7
176
     1
 62
   257
176
     1
 90
        1
176
     1
 90
        1
176
     1
 40
1.0
176
     1
 90
        8
176
     1
 62
     7
176
     1
 40
1.0
176
     1
 90
        1
176
     1
 90
        6
176
     1
 90
        2
176
     1
 62
     7
176
     1
 90
        5
176
     1
 90
        0
176
     1
 90
        0
176
     1
290
     0
176
     1
 90
        1
176
     1
 40
50.0
176
     1
 90
        0
176
     1
290
     0
176
     1
290
     1
176
     1
290
     1
176
     1
290
     0
176
     1
290
     0
176
     1
290
     0
176
     1
290
     0
176
     1
290
     0
176
     1
290
     0
176
     1
 90
       50
176
     1
 40
0.0
176
     1
 40
1.0
176
     1
 90
        0
176
     1
 62
    18
420
        0
176
     1
 90
       50
176
     1
 90
        3
176
     1
 62
     5
420
      255
176
     1
290
     0
176
     1
 90
       50
176
     1
 90
       50
176
     1
 90
       50
176
     1
290
     0
176
     1
 90
       50
176
     1
 62
   256
176
     0
 40
1.0
176
     0
 90
        2
176
     1
  1
strokes_ogs.tif
176
     1
290
     0
176
     1
 40
1.0
176
     1
 40
1.0
176
     1
  0
VISUALSTYLE
  5
32A
102
{ACAD_REACTORS
330
31A
102
}
330
31A
100
AcDbVisualStyle
  2
ColorChange
 70
    16
177
     3
291
     1
 70
    58
 90
        2
176
     1
 90
        2
176
     1
 90
        3
176
     1
 90
        0
176
     1
 40
0.6
176
     1
 40
30.0
176
     1
 62
     8
420
  8421504
176
     1
 90
        1
176
     1
 90
        4
176
     1
 62
     7
176
     1
 62
   257
176
     1
 90
        1
176
     1
 90
        1
176
     1
 40
1.0
176
     1
 90
        8
176
     1
 62
     8
420
  8421504
176
     1
 40
1.0
176
     1
 90
        1
176
     1
 90
        6
176
     1
 90
        2
176
     1
 62
     7
176
     1
 90
        5
176
     1
 90
        0
176
     1
 90
        0
176
     1
290
     0
176
     1
 90
        1
176
     1
 40
0.0
176
     1
 90
        0
176
     1
290
     0
176
     1
290
     1
176
     1
290
     1
176
     1
290
     0
176
     1
290
     0
176
     1
290
     0
176
     1
290
     0
176
     1
290
     0
176
     1
290
     0
176
     1
 90
       50
176
     1
 40
0.0
176
     1
 40
1.0
176
     1
 90
        0
176
     1
 62
    18
420
        0
176
     1
 90
       50
176
     1
 90
        3
176
     1
 62
     5
420
      255
176
     1
290
     0
176
     1
 90
       50
176
     1
 90
       50
176
     1
 90
       50
176
     1
290
     0
176
     1
 90
       50
176
     1
 62
   256
176
     0
 40
1.0
176
     0
 90
        2
176
     1
  1
strokes_ogs.tif
176
     1
290
     0
176
     1
 40
1.0
176
     1
 40
1.0
176
     1
  0
VISUALSTYLE
  5
324
102
{ACAD_REACTORS
330
31A
102
}
330
31A
100
AcDbVisualStyle
  2
Conceptual
 70
     9
177
     3
291
     0
 70
    58
 90
        3
176
     1
 90
        2
176
     1
 90
        0
176
     1
 90
        0
176
     1
 40
0.6
176
     1
 40
30.0
176
     1
 62
     7
420
 16777215
176
     1
 90
        2
176
     1
 90
        2
176
     1
 62
     7
176
     1
 62
   257
176
     1
 90
        1
176
     1
 90
        1
176
     1
 40
179.0
176
     1
 90
        8
176
     1
 62
     7
176
     1
 40
1.0
176
     1
 90
        1
176
     1
 90
        6
176
     1
 90
        2
176
     1
 62
     7
176
     1
 90
        3
176
     1
 90
        0
176
     1
 90
        0
176
     1
290
     0
176
     1
 90
        1
176
     1
 40
0.0
176
     1
 90
        0
176
     1
290
     0
176
     1
290
     1
176
     1
290
     1
176
     1
290
     0
176
     1
290
     0
176
     1
290
     0
176
     1
290
     0
176
     1
290
     0
176
     1
290
     0
176
     1
 90
       50
176
     1
 40
0.0
176
     1
 40
1.0
176
     1
 90
        0
176
     1
 62
    18
420
        0
176
     1
 90
       50
176
     1
 90
        3
176
     1
 62
     5
420
      255
176
     1
290
     0
176
     1
 90
       50
176
     1
 90
       50
176
     1
 90
       50
176
     1
290
     0
176
     1
 90
       50
176
     1
 62
   256
176
     0
 40
1.0
176
     0
 90
        2
176
     1
  1
strokes_ogs.tif
176
     1
290
     0
176
     1
 40
1.0
176
     1
 40
1.0
176
     1
  0
VISUALSTYLE
  5
325
102
{ACAD_REACTORS
330
31A
102
}
330
31A
100
AcDbVisualStyle
  2
Dim
 70
    11
177
     3
291
     1
 70
    58
 90
        2
176
     1
 90
        2
176
     1
 90
        0
176
     1
 90
        0
176
     1
 40
0.6
176
     1
 40
30.0
176
     1
 62
     7
420
 16777215
176
     1
 90
        1
176
     1
 90
        4
176
     1
 62
     7
176
     1
 62
   257
176
     1
 90
        1
176
     1
 90
        1
176
     1
 40
1.0
176
     1
 90
        8
176
     1
 62
     7
176
     1
 40
1.0
176
     1
 90
        1
176
     1
 90
        6
176
     1
 90
        2
176
     1
 62
     7
176
     1
 90
        5
176
     1
 90
        0
176
     1
 90
        0
176
     1
290
     0
176
     1
 90
        1
176
     1
 40
-50.0
176
     1
 90
        0
176
     1
290
     0
176
     1
290
     1
176
     1
290
     1
176
     1
290
     0
176
     1
290
     0
176
     1
290
     0
176
     1
290
     0
176
     1
290
     0
176
     1
290
     0
176
     1
 90
       50
176
     1
 40
0.0
176
     1
 40
1.0
176
     1
 90
        0
176
     1
 62
    18
420
        0
176
     1
 90
       50
176
     1
 90
        3
176
     1
 62
     5
420
      255
176
     1
290
     0
176
     1
 90
       50
176
     1
 90
       50
176
     1
 90
       50
176
     1
290
     0
176
     1
 90
       50
176
     1
 62
   256
176
     0
 40
1.0
176
     0
 90
        2
176
     1
  1
strokes_ogs.tif
176
     1
290
     0
176
     1
 40
1.0
176
     1
 40
1.0
176
     1
  0
VISUALSTYLE
  5
32D
102
{ACAD_REACTORS
330
31A
102
}
330
31A
100
AcDbVisualStyle
  2
EdgeColorOff
 70
    22
177
     3
291
     1
 70
    58
 90
        2
176
     0
 90
        2
176
     0
 90
        0
176
     0
 90
        0
176
     0
 40
0.6
176
     0
 40
30.0
176
     0
 62
     7
420
 16777215
176
     0
 90
        1
176
     0
 90
        4
176
     0
 62
     7
176
     0
 62
   257
176
     0
 90
        1
176
     0
 90
        1
176
     0
 40
1.0
176
     0
 90
        8
176
     2
 62
     7
176
     0
 40
1.0
176
     0
 90
        1
176
     0
 90
        6
176
     0
 90
        2
176
     0
 62
     7
176
     0
 90
        5
176
     0
 90
        0
176
     0
 90
        0
176
     0
290
     0
176
     0
 90
        1
176
     0
 40
0.0
176
     0
 90
        0
176
     0
290
     0
176
     0
290
     1
176
     0
290
     1
176
     0
290
     0
176
     0
290
     0
176
     0
290
     0
176
     0
290
     0
176
     0
290
     0
176
     0
290
     0
176
     0
 90
       50
176
     0
 40
0.0
176
     0
 40
1.0
176
     0
 90
        0
176
     0
 62
    18
420
        0
176
     0
 90
       50
176
     0
 90
        3
176
     0
 62
     5
420
      255
176
     0
290
     0
176
     0
 90
       50
176
     0
 90
       50
176
     0
 90
       50
176
     0
290
     0
176
     0
 90
       50
176
     0
 62
   256
176
     0
 40
1.0
176
     0
 90
        2
176
     0
  1
strokes_ogs.tif
176
     0
290
     0
176
     0
 40
1.0
176
     0
 40
1.0
176
     0
  0
VISUALSTYLE
  5
329
102
{ACAD_REACTORS
330
31A
102
}
330
31A
100
AcDbVisualStyle
  2
Facepattern
 70
    15
177
     3
291
     1
 70
    58
 90
        2
176
     1
 90
        2
176
     1
 90
        0
176
     1
 90
        0
176
     1
 40
0.6
176
     1
 40
30.0
176
     1
 62
     7
420
 16777215
176
     1
 90
        1
176
     1
 90
        4
176
     1
 62
     7
176
     1
 62
   257
176
     1
 90
        1
176
     1
 90
        1
176
     1
 40
1.0
176
     1
 90
        8
176
     1
 62
     7
176
     1
 40
1.0
176
     1
 90
        1
176
     1
 90
        6
176
     1
 90
        2
176
     1
 62
     7
176
     1
 90
        5
176
     1
 90
        0
176
     1
 90
        0
176
     1
290
     0
176
     1
 90
        1
176
     1
 40
0.0
176
     1
 90
        0
176
     1
290
     0
176
     1
290
     1
176
     1
290
     1
176
     1
290
     0
176
     1
290
     0
176
     1
290
     0
176
     1
290
     0
176
     1
290
     0
176
     1
290
     0
176
     1
 90
       50
176
     1
 40
0.0
176
     1
 40
1.0
176
     1
 90
        0
176
     1
 62
    18
420
        0
176
     1
 90
       50
176
     1
 90
        3
176
     1
 62
     5
420
      255
176
     1
290
     0
176
     1
 90
       50
176
     1
 90
       50
176
     1
 90
       50
176
     1
290
     0
176
     1
 90
       50
176
     1
 62
   256
176
     0
 40
1.0
176
     0
 90
        2
176
     1
  1
strokes_ogs.tif
176
     1
290
     0
176
     1
 40
1.0
176
     1
 40
1.0
176
     1
  0
VISUALSTYLE
  5
31B
102
{ACAD_REACTORS
330
31A
102
}
330
31A
100
AcDbVisualStyle
  2
Flat
 70
     0
177
     3
291
     1
 70
    58
 90
        2
176
     1
 90
        1
176
     1
 90
        1
176
     1
 90
        2
176
     1
 40
0.6
176
     1
 40
30.0
176
     1
 62
     7
420
 16777215
176
     1
 90
        0
176
     1
 90
        0
176
     1
 62
     7
176
     1
 62
   257
176
     1
 90
        1
176
     1
 90
        1
176
     1
 40
1.0
176
     1
 90
        8
176
     1
 62
     7
176
     1
 40
1.0
176
     1
 90
        1
176
     1
 90
        6
176
     1
 90
        2
176
     1
 62
     7
176
     1
 90
        5
176
     1
 90
        0
176
     1
 90
        0
176
     1
290
     0
176
     1
 90
       13
176
     1
 40
0.0
176
     1
 90
        0
176
     1
290
     0
176
     1
290
     1
176
     1
290
     1
176
     1
290
     0
176
     1
290
     0
176
     1
290
     0
176
     1
290
     0
176
     1
290
     0
176
     1
290
     0
176
     1
 90
       50
176
     1
 40
0.0
176
     1
 40
1.0
176
     1
 90
        0
176
     1
 62
    18
420
        0
176
     1
 90
       50
176
     1
 90
        3
176
     1
 62
     5
420
      255
176
     1
290
     0
176
     1
 90
       50
176
     1
 90
       50
176
     1
 90
       50
176
     1
290
     0
176
     1
 90
       50
176
     1
 62
   256
176
     0
 40
1.0
176
     0
 90
        2
176
     1
  1
strokes_ogs.tif
176
     1
290
     0
176
     1
 40
1.0
176
     1
 40
1.0
176
     1
  0
VISUALSTYLE
  5
31C
102
{ACAD_REACTORS
330
31A
102
}
330
31A
100
AcDbVisualStyle
  2
FlatWithEdges
 70
     1
177
     3
291
     1
 70
    58
 90
        2
176
     1
 90
        1
176
     1
 90
        1
176
     1
 90
        2
176
     1
 40
0.6
176
     1
 40
30.0
176
     1
 62
     7
420
 16777215
176
     1
 90
        1
176
     1
 90
        0
176
     1
 62
     7
176
     1
 62
   257
176
     1
 90
        1
176
     1
 90
        1
176
     1
 40
1.0
176
     1
 90
        0
176
     1
 62
   257
176
     1
 40
1.0
176
     1
 90
        1
176
     1
 90
        6
176
     1
 90
        2
176
     1
 62
     7
176
     1
 90
        5
176
     1
 90
        0
176
     1
 90
        0
176
     1
290
     0
176
     1
 90
       13
176
     1
 40
0.0
176
     1
 90
        0
176
     1
290
     0
176
     1
290
     1
176
     1
290
     1
176
     1
290
     0
176
     1
290
     0
176
     1
290
     0
176
     1
290
     0
176
     1
290
     0
176
     1
290
     0
176
     1
 90
       50
176
     1
 40
0.0
176
     1
 40
1.0
176
     1
 90
        0
176
     1
 62
    18
420
        0
176
     1
 90
       50
176
     1
 90
        3
176
     1
 62
     5
420
      255
176
     1
290
     0
176
     1
 90
       50
176
     1
 90
       50
176
     1
 90
       50
176
     1
290
     0
176
     1
 90
       50
176
     1
 62
   256
176
     0
 40
1.0
176
     0
 90
        2
176
     1
  1
strokes_ogs.tif
176
     1
290
     0
176
     1
 40
1.0
176
     1
 40
1.0
176
     1
  0
VISUALSTYLE
  5
31D
102
{ACAD_REACTORS
330
31A
102
}
330
31A
100
AcDbVisualStyle
  2
Gouraud
 70
     2
177
     3
291
     1
 70
    58
 90
        2
176
     1
 90
        2
176
     1
 90
        1
176
     1
 90
        2
176
     1
 40
0.6
176
     1
 40
30.0
176
     1
 62
     7
420
 16777215
176
     1
 90
        0
176
     1
 90
        0
176
     1
 62
     7
176
     1
 62
   257
176
     1
 90
        1
176
     1
 90
        1
176
     1
 40
1.0
176
     1
 90
        0
176
     1
 62
     7
176
     1
 40
1.0
176
     1
 90
        1
176
     1
 90
        6
176
     1
 90
        2
176
     1
 62
     7
176
     1
 90
        5
176
     1
 90
        0
176
     1
 90
        0
176
     1
290
     0
176
     1
 90
       13
176
     1
 40
0.0
176
     1
 90
        0
176
     1
290
     0
176
     1
290
     1
176
     1
290
     1
176
     1
290
     0
176
     1
290
     0
176
     1
290
     0
176
     1
290
     0
176
     1
290
     0
176
     1
290
     0
176
     1
 90
       50
176
     1
 40
0.0
176
     1
 40
1.0
176
     1
 90
        0
176
     1
 62
    18
420
        0
176
     1
 90
       50
176
     1
 90
        3
176
     1
 62
     5
420
      255
176
     1
290
     0
176
     1
 90
       50
176
     1
 90
       50
176
     1
 90
       50
176
     1
290
     0
176
     1
 90
       50
176
     1
 62
   256
176
     0
 40
1.0
176
     0
 90
        2
176
     1
  1
strokes_ogs.tif
176
     1
290
     0
176
     1
 40
1.0
176
     1
 40
1.0
176
     1
  0
VISUALSTYLE
  5
31E
102
{ACAD_REACTORS
330
31A
102
}
330
31A
100
AcDbVisualStyle
  2
GouraudWithEdges
 70
     3
177
     3
291
     1
 70
    58
 90
        2
176
     1
 90
        2
176
     1
 90
        1
176
     1
 90
        2
176
     1
 40
0.6
176
     1
 40
30.0
176
     1
 62
     7
420
 16777215
176
     1
 90
        1
176
     1
 90
        0
176
     1
 62
     7
176
     1
 62
   257
176
     1
 90
        1
176
     1
 90
        1
176
     1
 40
1.0
176
     1
 90
        0
176
     1
 62
   257
176
     1
 40
1.0
176
     1
 90
        1
176
     1
 90
        6
176
     1
 90
        2
176
     1
 62
     7
176
     1
 90
        5
176
     1
 90
        0
176
     1
 90
        0
176
     1
290
     0
176
     1
 90
       13
176
     1
 40
0.0
176
     1
 90
        0
176
     1
290
     0
176
     1
290
     1
176
     1
290
     1
176
     1
290
     0
176
     1
290
     0
176
     1
290
     0
176
     1
290
     0
176
     1
290
     0
176
     1
290
     0
176
     1
 90
       50
176
     1
 40
0.0
176
     1
 40
1.0
176
     1
 90
        0
176
     1
 62
    18
420
        0
176
     1
 90
       50
176
     1
 90
        3
176
     1
 62
     5
420
      255
176
     1
290
     0
176
     1
 90
       50
176
     1
 90
       50
176
     1
 90
       50
176
     1
290
     0
176
     1
 90
       50
176
     1
 62
   256
176
     0
 40
1.0
176
     0
 90
        2
176
     1
  1
strokes_ogs.tif
176
     1
290
     0
176
     1
 40
1.0
176
     1
 40
1.0
176
     1
  0
VISUALSTYLE
  5
321
102
{ACAD_REACTORS
330
31A
102
}
330
31A
100
AcDbVisualStyle
  2
Hidden
 70
     6
177
     3
291
     0
 70
    58
 90
        1
176
     1
 90
        2
176
     1
 90
        2
176
     1
 90
        0
176
     1
 40
0.6
176
     1
 40
30.0
176
     1
 62
     7
420
 16777215
176
     1
 90
        2
176
     1
 90
        2
176
     1
 62
     7
176
     1
 62
   257
176
     1
 90
        2
176
     1
 90
        1
176
     1
 40
40.0
176
     1
 90
        0
176
     1
 62
   257
176
     1
 40
1.0
176
     1
 90
        1
176
     1
 90
        6
176
     1
 90
        2
176
     1
 62
     7
176
     1
 90
        3
176
     1
 90
        0
176
     1
 90
        0
176
     1
290
     0
176
     1
 90
        1
176
     1
 40
0.0
176
     1
 90
        0
176
     1
290
     0
176
     1
290
     1
176
     1
290
     1
176
     1
290
     0
176
     1
290
     0
176
     1
290
     0
176
     1
290
     0
176
     1
290
     0
176
     1
290
     0
176
     1
 90
       50
176
     1
 40
0.0
176
     1
 40
1.0
176
     1
 90
        0
176
     1
 62
    18
420
        0
176
     1
 90
       50
176
     1
 90
        3
176
     1
 62
     5
420
      255
176
     1
290
     0
176
     1
 90
       50
176
     1
 90
       50
176
     1
 90
       50
176
     1
290
     0
176
     1
 90
       50
176
     1
 62
   256
176
     0
 40
1.0
176
     0
 90
        2
176
     1
  1
strokes_ogs.tif
176
     1
290
     0
176
     1
 40
1.0
176
     1
 40
1.0
176
     1
  0
VISUALSTYLE
  5
32B
102
{ACAD_REACTORS
330
31A
102
}
330
31A
100
AcDbVisualStyle
  2
JitterOff
 70
    20
177
     3
291
     1
 70
    58
 90
        2
176
     0
 90
        2
176
     0
 90
        0
176
     0
 90
        0
176
     0
 40
0.6
176
     0
 40
30.0
176
     0
 62
     7
420
 16777215
176
     0
 90
        1
176
     0
 90
        4
176
     0
 62
     7
176
     0
 62
   257
176
     0
 90
        1
176
     0
 90
        1
176
     0
 40
1.0
176
     0
 90
       10
176
     2
 62
     7
176
     0
 40
1.0
176
     0
 90
        1
176
     0
 90
        6
176
     0
 90
        2
176
     0
 62
     7
176
     0
 90
        5
176
     0
 90
        0
176
     0
 90
        0
176
     0
290
     0
176
     0
 90
        1
176
     0
 40
0.0
176
     0
 90
        0
176
     0
290
     0
176
     0
290
     1
176
     0
290
     1
176
     0
290
     0
176
     0
290
     0
176
     0
290
     0
176
     0
290
     0
176
     0
290
     0
176
     0
290
     0
176
     0
 90
       50
176
     0
 40
0.0
176
     0
 40
1.0
176
     0
 90
        0
176
     0
 62
    18
420
        0
176
     0
 90
       50
176
     0
 90
        3
176
     0
 62
     5
420
      255
176
     0
290
     0
176
     0
 90
       50
176
     0
 90
       50
176
     0
 90
       50
176
     0
290
     0
176
     0
 90
       50
176
     0
 62
   256
176
     0
 40
1.0
176
     0
 90
        2
176
     0
  1
strokes_ogs.tif
176
     0
290
     0
176
     0
 40
1.0
176
     0
 40
1.0
176
     0
  0
VISUALSTYLE
  5
328
102
{ACAD_REACTORS
330
31A
102
}
330
31A
100
AcDbVisualStyle
  2
Linepattern
 70
    14
177
     3
291
     1
 70
    58
 90
        2
176
     1
 90
        2
176
     1
 90
        0
176
     1
 90
        0
176
     1
 40
0.6
176
     1
 40
30.0
176
     1
 62
     7
420
 16777215
176
     1
 90
        1
176
     1
 90
        4
176
     1
 62
     7
176
     1
 62
   257
176
     1
 90
        7
176
     1
 90
        7
176
     1
 40
1.0
176
     1
 90
        8
176
     1
 62
     7
176
     1
 40
1.0
176
     1
 90
        1
176
     1
 90
        6
176
     1
 90
        2
176
     1
 62
     7
176
     1
 90
        5
176
     1
 90
        0
176
     1
 90
        0
176
     1
290
     0
176
     1
 90
        1
176
     1
 40
0.0
176
     1
 90
        0
176
     1
290
     0
176
     1
290
     1
176
     1
290
     1
176
     1
290
     0
176
     1
290
     0
176
     1
290
     0
176
     1
290
     0
176
     1
290
     0
176
     1
290
     0
176
     1
 90
       50
176
     1
 40
0.0
176
     1
 40
1.0
176
     1
 90
        0
176
     1
 62
    18
420
        0
176
     1
 90
       50
176
     1
 90
        3
176
     1
 62
     5
420
      255
176
     1
290
     0
176
     1
 90
       50
176
     1
 90
       50
176
     1
 90
       50
176
     1
290
     0
176
     1
 90
       50
176
     1
 62
   256
176
     0
 40
1.0
176
     0
 90
        2
176
     1
  1
strokes_ogs.tif
176
     1
290
     0
176
     1
 40
1.0
176
     1
 40
1.0
176
     1
  0
VISUALSTYLE
  5
32C
102
{ACAD_REACTORS
330
31A
102
}
330
31A
100
AcDbVisualStyle
  2
OverhangOff
 70
    21
177
     3
291
     1
 70
    58
 90
        2
176
     0
 90
        2
176
     0
 90
        0
176
     0
 90
        0
176
     0
 40
0.6
176
     0
 40
30.0
176
     0
 62
     7
420
 16777215
176
     0
 90
        1
176
     0
 90
        4
176
     0
 62
     7
176
     0
 62
   257
176
     0
 90
        1
176
     0
 90
        1
176
     0
 40
1.0
176
     0
 90
        9
176
     2
 62
     7
176
     0
 40
1.0
176
     0
 90
        1
176
     0
 90
        6
176
     0
 90
        2
176
     0
 62
     7
176
     0
 90
        5
176
     0
 90
        0
176
     0
 90
        0
176
     0
290
     0
176
     0
 90
        1
176
     0
 40
0.0
176
     0
 90
        0
176
     0
290
     0
176
     0
290
     1
176
     0
290
     1
176
     0
290
     0
176
     0
290
     0
176
     0
290
     0
176
     0
290
     0
176
     0
290
     0
176
     0
290
     0
176
     0
 90
       50
176
     0
 40
0.0
176
     0
 40
1.0
176
     0
 90
        0
176
     0
 62
    18
420
        0
176
     0
 90
       50
176
     0
 90
        3
176
     0
 62
     5
420
      255
176
     0
290
     0
176
     0
 90
       50
176
     0
 90
       50
176
     0
 90
       50
176
     0
290
     0
176
     0
 90
       50
176
     0
 62
   256
176
     0
 40
1.0
176
     0
 90
        2
176
     0
  1
strokes_ogs.tif
176
     0
290
     0
176
     0
 40
1.0
176
     0
 40
1.0
176
     0
  0
VISUALSTYLE
  5
323
102
{ACAD_REACTORS
330
31A
102
}
330
31A
100
AcDbVisualStyle
  2
Realistic
 70
     8
177
     3
291
     0
 70
    58
 90
        2
176
     1
 90
        3
176
     1
 90
        0
176
     1
 90
        2
176
     1
 40
0.6
176
     1
 40
30.0
176
     1
 62
     7
420
 16777215
176
     1
 90
        0
176
     1
 90
        0
176
     1
 62
     7
176
     1
 62
   257
176
     1
 90
        1
176
     1
 90
        1
176
     1
 40
1.0
176
     1
 90
        8
176
     1
 62
   257
176
     1
 40
1.0
176
     1
 90
        1
176
     1
 90
        6
176
     1
 90
        2
176
     1
 62
     7
176
     1
 90
        3
176
     1
 90
        0
176
     1
 90
        0
176
     1
290
     0
176
     1
 90
       13
176
     1
 40
0.0
176
     1
 90
        0
176
     1
290
     0
176
     1
290
     1
176
     1
290
     1
176
     1
290
     0
176
     1
290
     0
176
     1
290
     0
176
     1
290
     0
176
     1
290
     0
176
     1
290
     0
176
     1
 90
       50
176
     1
 40
0.0
176
     1
 40
1.0
176
     1
 90
        0
176
     1
 62
    18
420
        0
176
     1
 90
       50
176
     1
 90
        3
176
     1
 62
     5
420
      255
176
     1
290
     0
176
     1
 90
       50
176
     1
 90
       50
176
     1
 90
       50
176
     1
290
     0
176
     1
 90
       50
176
     1
 62
   256
176
     0
 40
1.0
176
     0
 90
        2
176
     1
  1
strokes_ogs.tif
176
     1
290
     0
176
     1
 40
1.0
176
     1
 40
1.0
176
     1
  0
VISUALSTYLE
  5
332
102
{ACAD_REACTORS
330
31A
102
}
330
31A
100
AcDbVisualStyle
  2
Shaded
 70
    27
177
     3
291
     0
 70
    58
 90
        2
176
     1
 90
        2
176
     1
 90
        1
176
     1
 90
        2
176
     1
 40
0.6
176
     1
 40
30.0
176
     1
 62
     7
420
 16777215
176
     1
 90
        0
176
     1
 90
        4
176
     1
 62
     7
176
     1
 62
   257
176
     1
 90
        1
176
     1
 90
        1
176
     1
 40
1.0
176
     1
 90
        8
176
     1
 62
   257
176
     1
 40
1.0
176
     1
 90
        1
176
     1
 90
        6
176
     1
 90
        2
176
     1
 62
     8
420
  7895160
176
     1
 90
        3
176
     1
 90
        0
176
     1
 90
        0
176
     1
290
     0
176
     1
 90
        5
176
     1
 40
0.0
176
     1
 90
        0
176
     1
290
     0
176
     1
290
     1
176
     1
290
     1
176
     1
290
     0
176
     1
290
     0
176
     1
290
     0
176
     1
290
     0
176
     1
290
     0
176
     1
290
     0
176
     1
 90
       50
176
     1
 40
0.0
176
     1
 40
1.0
176
     1
 90
        0
176
     1
 62
    18
420
        0
176
     1
 90
       50
176
     1
 90
        3
176
     1
 62
     5
420
      255
176
     1
290
     0
176
     1
 90
       50
176
     1
 90
       50
176
     1
 90
       50
176
     1
290
     0
176
     1
 90
       50
176
     1
 62
   256
176
     0
 40
1.0
176
     0
 90
        2
176
     1
  1
strokes_ogs.tif
176
     1
290
     0
176
     1
 40
1.0
176
     1
 40
1.0
176
     1
  0
VISUALSTYLE
  5
331
102
{ACAD_REACTORS
330
31A
102
}
330
31A
100
AcDbVisualStyle
  2
Shaded with edges
 70
    26
177
     3
291
     0
 70
    58
 90
        2
176
     1
 90
        2
176
     1
 90
        1
176
     1
 90
        2
176
     1
 40
0.6
176
     1
 40
30.0
176
     1
 62
     7
420
 16777215
176
     1
 90
        1
176
     1
 90
       10
176
     1
 62
     7
176
     1
 62
   257
176
     1
 90
        2
176
     1
 90
        1
176
     1
 40
1.0
176
     1
 90
        8
176
     1
 62
   257
176
     1
 40
1.0
176
     1
 90
        1
176
     1
 90
        6
176
     1
 90
        2
176
     1
 62
     7
176
     1
 90
        3
176
     1
 90
        0
176
     1
 90
        0
176
     1
290
     0
176
     1
 90
        5
176
     1
 40
0.0
176
     1
 90
        0
176
     1
290
     0
176
     1
290
     1
176
     1
290
     1
176
     1
290
     0
176
     1
290
     0
176
     1
290
     0
176
     1
290
     0
176
     1
290
     0
176
     1
290
     0
176
     1
 90
       50
176
     1
 40
0.0
176
     1
 40
1.0
176
     1
 90
        0
176
     1
 62
    18
420
        0
176
     1
 90
       50
176
     1
 90
        3
176
     1
 62
     5
420
      255
176
     1
290
     0
176
     1
 90
       50
176
     1
 90
       50
176
     1
 90
       50
176
     1
290
     0
176
     1
 90
       50
176
     1
 62
   256
176
     0
 40
1.0
176
     0
 90
        2
176
     1
  1
strokes_ogs.tif
176
     1
290
     0
176
     1
 40
1.0
176
     1
 40
1.0
176
     1
  0
VISUALSTYLE
  5
32E
102
{ACAD_REACTORS
330
31A
102
}
330
31A
100
AcDbVisualStyle
  2
Shades of Gray
 70
    23
177
     3
291
     0
 70
    58
 90
        2
176
     1
 90
        2
176
     1
 90
        3
176
     1
 90
        0
176
     1
 40
0.6
176
     1
 40
30.0
176
     1
 62
     7
420
 16777215
176
     1
 90
        2
176
     1
 90
        2
176
     1
 62
     7
176
     1
 62
     7
176
     1
 90
        1
176
     1
 90
        1
176
     1
 40
40.0
176
     1
 90
        8
176
     1
 62
     7
176
     1
 40
1.0
176
     1
 90
        1
176
     1
 90
        6
176
     1
 90
        2
176
     1
 62
     7
176
     1
 90
        3
176
     1
 90
        0
176
     1
 90
        0
176
     1
290
     0
176
     1
 90
        1
176
     1
 40
0.0
176
     1
 90
        0
176
     1
290
     0
176
     1
290
     1
176
     1
290
     1
176
     1
290
     0
176
     1
290
     0
176
     1
290
     0
176
     1
290
     0
176
     1
290
     0
176
     1
290
     0
176
     1
 90
       50
176
     1
 40
0.0
176
     1
 40
1.0
176
     1
 90
        0
176
     1
 62
    18
420
        0
176
     1
 90
       50
176
     1
 90
        3
176
     1
 62
     5
420
      255
176
     1
290
     0
176
     1
 90
       50
176
     1
 90
       50
176
     1
 90
       50
176
     1
290
     0
176
     1
 90
       50
176
     1
 62
   256
176
     0
 40
1.0
176
     0
 90
        2
176
     1
  1
strokes_ogs.tif
176
     1
290
     0
176
     1
 40
1.0
176
     1
 40
1.0
176
     1
  0
VISUALSTYLE
  5
32F
102
{ACAD_REACTORS
330
31A
102
}
330
31A
100
AcDbVisualStyle
  2
Sketchy
 70
    24
177
     3
291
     0
 70
    58
 90
        1
176
     1
 90
        2
176
     1
 90
        2
176
     1
 90
        0
176
     1
 40
0.6
176
     1
 40
30.0
176
     1
 62
     7
420
 16777215
176
     1
 90
        2
176
     1
 90
        2
176
     1
 62
     7
176
     1
 62
     7
176
     1
 90
        1
176
     1
 90
        1
176
     1
 40
40.0
176
     1
 90
       11
176
     1
 62
     7
176
     1
 40
1.0
176
     1
 90
        1
176
     1
 90
        6
176
     1
 90
        2
176
     1
 62
     7
176
     1
 90
        6
176
     1
 90
        0
176
     1
 90
        0
176
     1
290
     0
176
     1
 90
        1
176
     1
 40
0.0
176
     1
 90
        0
176
     1
290
     0
176
     1
290
     1
176
     1
290
     1
176
     1
290
     0
176
     1
290
     0
176
     1
290
     0
176
     1
290
     0
176
     1
290
     0
176
     1
290
     0
176
     1
 90
       50
176
     1
 40
0.0
176
     1
 40
1.0
176
     1
 90
        0
176
     1
 62
    18
420
        0
176
     1
 90
       50
176
     1
 90
        3
176
     1
 62
     5
420
      255
176
     1
290
     0
176
     1
 90
       50
176
     1
 90
       50
176
     1
 90
       50
176
     1
290
     0
176
     1
 90
       50
176
     1
 62
   256
176
     0
 40
1.0
176
     0
 90
        2
176
     1
  1
strokes_ogs.tif
176
     1
290
     0
176
     1
 40
1.0
176
     1
 40
1.0
176
     1
  0
VISUALSTYLE
  5
327
102
{ACAD_REACTORS
330
31A
102
}
330
31A
100
AcDbVisualStyle
  2
Thicken
 70
    13
177
     3
291
     1
 70
    58
 90
        2
176
     1
 90
        2
176
     1
 90
        0
176
     1
 90
        0
176
     1
 40
0.6
176
     1
 40
30.0
176
     1
 62
     7
420
 16777215
176
     1
 90
        1
176
     1
 90
        4
176
     1
 62
     7
176
     1
 62
   257
176
     1
 90
        1
176
     1
 90
        1
176
     1
 40
1.0
176
     1
 90
       12
176
     1
 62
     7
176
     1
 40
1.0
176
     1
 90
        1
176
     1
 90
        6
176
     1
 90
        2
176
     1
 62
     7
176
     1
 90
        5
176
     1
 90
        0
176
     1
 90
        0
176
     1
290
     0
176
     1
 90
        1
176
     1
 40
0.0
176
     1
 90
        0
176
     1
290
     0
176
     1
290
     1
176
     1
290
     1
176
     1
290
     0
176
     1
290
     0
176
     1
290
     0
176
     1
290
     0
176
     1
290
     0
176
     1
290
     0
176
     1
 90
       50
176
     1
 40
0.0
176
     1
 40
1.0
176
     1
 90
        0
176
     1
 62
    18
420
        0
176
     1
 90
       50
176
     1
 90
        3
176
     1
 62
     5
420
      255
176
     1
290
     0
176
     1
 90
       50
176
     1
 90
       50
176
     1
 90
       50
176
     1
290
     0
176
     1
 90
       50
176
     1
 62
   256
176
     0
 40
1.0
176
     0
 90
        2
176
     1
  1
strokes_ogs.tif
176
     1
290
     0
176
     1
 40
1.0
176
     1
 40
1.0
176
     1
  0
VISUALSTYLE
  5
320
102
{ACAD_REACTORS
330
31A
102
}
330
31A
100
AcDbVisualStyle
  2
Wireframe
 70
     5
177
     3
291
     0
 70
    58
 90
        0
176
     1
 90
        2
176
     1
 90
        0
176
     1
 90
        0
176
     1
 40
0.6
176
     1
 40
30.0
176
     1
 62
     7
420
 16777215
176
     1
 90
        1
176
     1
 90
        4
176
     1
 62
     7
176
     1
 62
   257
176
     1
 90
        1
176
     1
 90
        1
176
     1
 40
1.0
176
     1
 90
        0
176
     1
 62
   257
176
     1
 40
1.0
176
     1
 90
        1
176
     1
 90
        6
176
     1
 90
        2
176
     1
 62
     7
176
     1
 90
        3
176
     1
 90
        0
176
     1
 90
        0
176
     1
290
     0
176
     1
 90
        1
176
     1
 40
0.0
176
     1
 90
        0
176
     1
290
     0
176
     1
290
     1
176
     1
290
     1
176
     1
290
     0
176
     1
290
     0
176
     1
290
     0
176
     1
290
     0
176
     1
290
     0
176
     1
290
     0
176
     1
 90
       50
176
     1
 40
0.0
176
     1
 40
1.0
176
     1
 90
        0
176
     1
 62
    18
420
        0
176
     1
 90
       50
176
     1
 90
        3
176
     1
 62
     5
420
      255
176
     1
290
     0
176
     1
 90
       50
176
     1
 90
       50
176
     1
 90
       50
176
     1
290
     0
176
     1
 90
       50
176
     1
 62
   256
176
     0
 40
1.0
176
     0
 90
        2
176
     1
  1
strokes_ogs.tif
176
     1
290
     0
176
     1
 40
1.0
176
     1
 40
1.0
176
     1
  0
VISUALSTYLE
  5
330
102
{ACAD_REACTORS
330
31A
102
}
330
31A
100
AcDbVisualStyle
  2
X-Ray
 70
    25
177
     3
291
     0
 70
    58
 90
        2
176
     1
 90
        2
176
     1
 90
        1
176
     1
 90
        1
176
     1
 40
0.5
176
     1
 40
30.0
176
     1
 62
     7
420
 16777215
176
     1
 90
        1
176
     1
 90
        0
176
     1
 62
     7
176
     1
 62
   257
176
     1
 90
        1
176
     1
 90
        1
176
     1
 40
1.0
176
     1
 90
        8
176
     1
 62
     7
176
     1
 40
1.0
176
     1
 90
        1
176
     1
 90
        6
176
     1
 90
        2
176
     1
 62
     7
176
     1
 90
        3
176
     1
 90
        0
176
     1
 90
        0
176
     1
290
     0
176
     1
 90
       13
176
     1
 40
0.0
176
     1
 90
        0
176
     1
290
     0
176
     1
290
     1
176
     1
290
     1
176
     1
290
     0
176
     1
290
     0
176
     1
290
     0
176
     1
290
     0
176
     1
290
     0
176
     1
290
     0
176
     1
 90
       50
176
     1
 40
0.0
176
     1
 40
1.0
176
     1
 90
        0
176
     1
 62
    18
420
        0
176
     1
 90
       50
176
     1
 90
        3
176
     1
 62
     5
420
      255
176
     1
290
     0
176
     1
 90
       50
176
     1
 90
       50
176
     1
 90
       50
176
     1
290
     0
176
     1
 90
       50
176
     1
 62
   256
176
     0
 40
1.0
176
     0
 90
        2
176
     1
  1
strokes_ogs.tif
176
     1
290
     0
176
     1
 40
1.0
176
     1
 40
1.0
176
     1
  0
DICTIONARYVAR
  5
3C3
102
{ACAD_REACTORS
330
3C2
102
}
330
3C2
100
DictionaryVariables
280
     0
  1
1:1
  0
DICTIONARYVAR
  5
3C8
102
{ACAD_REACTORS
330
3C2
102
}
330
3C2
100
DictionaryVariables
280
     0
  1
Standard
  0
DICTIONARYVAR
  5
3C7
102
{ACAD_REACTORS
330
3C2
102
}
330
3C2
100
DictionaryVariables
280
     0
  1
Standard
  0
XRECORD
  5
351
102
{ACAD_REACTORS
330
34F
102
}
330
34F
100
AcDbXrecord
280
     1
1000
#ffffff
  0
XRECORD
  5
352
102
{ACAD_REACTORS
330
34F
102
}
330
34F
100
AcDbXrecord
280
     1
1000
FullColor
  0
XRECORD
  5
353
102
{ACAD_REACTORS
330
34F
102
}
330
34F
100
AcDbXrecord
280
     1
290
     1
  0
XRECORD
  5
354
102
{ACAD_REACTORS
330
34F
102
}
330
34F
100
AcDbXrecord
280
     1
290
     1
  0
XRECORD
  5
355
102
{ACAD_REACTORS
330
34F
102
}
330
34F
100
AcDbXrecord
280
     1
290
     1
  0
XRECORD
  5
356
102
{ACAD_REACTORS
330
34F
102
}
330
34F
100
AcDbXrecord
280
     1
290
     1
  0
XRECORD
  5
357
102
{ACAD_REACTORS
330
34F
102
}
330
34F
100
AcDbXrecord
280
     1
1000
auto
  0
XRECORD
  5
358
102
{ACAD_REACTORS
330
34F
102
}
330
34F
100
AcDbXrecord
280
     1
1000
auto
  0
XRECORD
  5
359
102
{ACAD_REACTORS
330
34F
102
}
330
34F
100
AcDbXrecord
280
     1
1000
auto
  0
XRECORD
  5
35A
102
{ACAD_REACTORS
330
34F
102
}
330
34F
100
AcDbXrecord
280
     1
1000
auto
  0
XRECORD
  5
35B
102
{ACAD_REACTORS
330
34F
102
}
330
34F
100
AcDbXrecord
280
     1
1000
auto
  0
XRECORD
  5
35C
102
{ACAD_REACTORS
330
34F
102
}
330
34F
100
AcDbXrecord
280
     1
1000
auto
  0
XRECORD
  5
35D
102
{ACAD_REACTORS
330
34F
102
}
330
34F
100
AcDbXrecord
280
     1
1000
auto
  0
XRECORD
  5
35E
102
{ACAD_REACTORS
330
34F
102
}
330
34F
100
AcDbXrecord
280
     1
1000
auto
  0
XRECORD
  5
35F
102
{ACAD_REACTORS
330
34F
102
}
330
34F
100
AcDbXrecord
280
     1
290
     0
  0
XRECORD
  5
360
102
{ACAD_REACTORS
330
34F
102
}
330
34F
100
AcDbXrecord
280
     1
290
     0
  0
XRECORD
  5
361
102
{ACAD_REACTORS
330
34F
102
}
330
34F
100
AcDbXrecord
280
     1
290
     0
  0
XRECORD
  5
362
102
{ACAD_REACTORS
330
34F
102
}
330
34F
100
AcDbXrecord
280
     1
290
     0
  0
XRECORD
  5
363
102
{ACAD_REACTORS
330
34F
102
}
330
34F
100
AcDbXrecord
280
     1
 90
    65537
  0
XRECORD
  5
364
102
{ACAD_REACTORS
330
34F
102
}
330
34F
100
AcDbXrecord
280
     1
 90
    65537
  0
XRECORD
  5
365
102
{ACAD_REACTORS
330
34F
102
}
330
34F
100
AcDbXrecord
280
     1
 90
    65537
  0
XRECORD
  5
366
102
{ACAD_REACTORS
330
34F
102
}
330
34F
100
AcDbXrecord
280
     1
 90
    65537
  0
XRECORD
  5
367
102
{ACAD_REACTORS
330
34F
102
}
330
34F
100
AcDbXrecord
280
     1
1000
auto
  0
XRECORD
  5
368
102
{ACAD_REACTORS
330
34F
102
}
330
34F
100
AcDbXrecord
280
     1
1000
auto
  0
XRECORD
  5
369
102
{ACAD_REACTORS
330
34F
102
}
330
34F
100
AcDbXrecord
280
     1
1000
auto
  0
XRECORD
  5
36A
102
{ACAD_REACTORS
330
34F
102
}
330
34F
100
AcDbXrecord
280
     1
1000
auto
  0
XRECORD
  5
36B
102
{ACAD_REACTORS
330
34F
102
}
330
34F
100
AcDbXrecord
280
     1
1000
auto
  0
XRECORD
  5
36C
102
{ACAD_REACTORS
330
34F
102
}
330
34F
100
AcDbXrecord
280
     1
1000
auto
  0
XRECORD
  5
36D
102
{ACAD_REACTORS
330
34F
102
}
330
34F
100
AcDbXrecord
280
     1
1000
auto
  0
XRECORD
  5
36E
102
{ACAD_REACTORS
330
34F
102
}
330
34F
100
AcDbXrecord
280
     1
1000
auto
  0
XRECORD
  5
36F
102
{ACAD_REACTORS
330
34F
102
}
330
34F
100
AcDbXrecord
280
     1
 90
        1
  0
XRECORD
  5
370
102
{ACAD_REACTORS
330
34F
102
}
330
34F
100
AcDbXrecord
280
     1
 40
10.0
  0
XRECORD
  5
371
102
{ACAD_REACTORS
330
34F
102
}
330
34F
100
AcDbXrecord
280
     1
 40
10.0
  0
XRECORD
  5
372
102
{ACAD_REACTORS
330
34F
102
}
330
34F
100
AcDbXrecord
280
     1
 40
10.0
  0
XRECORD
  5
373
102
{ACAD_REACTORS
330
34F
102
}
330
34F
100
AcDbXrecord
280
     1
 40
10.0
  0
XRECORD
  5
374
102
{ACAD_REACTORS
330
34F
102
}
330
34F
100
AcDbXrecord
280
     1
290
     0
  0
XRECORD
  5
375
102
{ACAD_REACTORS
330
34F
102
}
330
34F
100
AcDbXrecord
280
     1
 90
        1
  0
XRECORD
  5
376
102
{ACAD_REACTORS
330
34F
102
}
330
34F
100
AcDbXrecord
280
     1
 40
0.0
  0
XRECORD
  5
377
102
{ACAD_REACTORS
330
34F
102
}
330
34F
100
AcDbXrecord
280
     1
 40
0.0
  0
XRECORD
  5
378
102
{ACAD_REACTORS
330
34F
102
}
330
34F
100
AcDbXrecord
280
     1
1000
Portrait
  0
XRECORD
  5
379
102
{ACAD_REACTORS
330
34F
102
}
330
34F
100
AcDbXrecord
280
     1
 40
297.0
  0
XRECORD
  5
37A
102
{ACAD_REACTORS
330
34F
102
}
330
34F
100
AcDbXrecord
280
     1
 40
210.0
  0
XRECORD
  5
37B
102
{ACAD_REACTORS
330
34F
102
}
330
34F
100
AcDbXrecord
280
     1
1000
1:1
  0
XRECORD
  5
37C
102
{ACAD_REACTORS
330
34F
102
}
330
34F
100
AcDbXrecord
280
     1
290
     1
  0
XRECORD
  5
37D
102
{ACAD_REACTORS
330
34F
102
}
330
34F
100
AcDbXrecord
280
     1
290
     0
  0
XRECORD
  5
37E
102
{ACAD_REACTORS
330
34F
102
}
330
34F
100
AcDbXrecord
280
     1
1000
Inside
  0
XRECORD
  5
37F
102
{ACAD_REACTORS
330
34F
102
}
330
34F
100
AcDbXrecord
280
     1
1000
Arial,10,-1,5,400,0,0,0,0,0,0,0,0,0,0,1,,0,0
  0
XRECORD
  5
380
102
{ACAD_REACTORS
330
34F
102
}
330
34F
100
AcDbXrecord
280
     1
1000
TopLeft
  0
XRECORD
  5
381
102
{ACAD_REACTORS
330
34F
102
}
330
34F
100
AcDbXrecord
280
     1
1000
3.32.9
  0
XRECORD
  5
382
102
{ACAD_REACTORS
330
34F
102
}
330
34F
100
AcDbXrecord
280
     1
 90
        4
  0
XRECORD
  5
383
102
{ACAD_REACTORS
330
34F
102
}
330
34F
100
AcDbXrecord
280
     1
  0
XRECORD
  5
384
102
{ACAD_REACTORS
330
34F
102
}
330
34F
100
AcDbXrecord
280
     1
 40
2860.078216374269
  0
XRECORD
  5
385
102
{ACAD_REACTORS
330
34F
102
}
330
34F
100
AcDbXrecord
280
     1
 40
5829.260233918129
  0
DICTIONARY
  5
3C4
330
34A
100
AcDbDictionary
280
     1
281
     1
  3
ACAD_ROUNDTRIP_2008_TABLESTYLE_CELLSTYLEMAP
360
3C5
  0
CELLSTYLEMAP
  5
3C5
102
{ACAD_REACTORS
330
3C4
102
}
330
3C4
100
AcDbCellStyleMap
 90
        3
300
CELLSTYLE
  1
TABLEFORMAT_BEGIN
 90
        5
170
     1
 91
        0
 92
    32768
 62
   257
 93
        1
300
CONTENTFORMAT
  1
CONTENTFORMAT_BEGIN
 90
        0
 91
        0
 92
        4
 93
        0
300

 40
0.0
140
1.0
 94
        5
 62
     0
340
302
144
0.25
309
CONTENTFORMAT_END
171
     1
301
MARGIN
  1
CELLMARGIN_BEGIN
 40
0.06
 40
0.06
 40
0.06
 40
0.06
 40
0.06
 40
0.06
309
CELLMARGIN_END
 94
        6
 95
        1
302
GRIDFORMAT
  1
GRIDFORMAT_BEGIN
 90
        0
 91
        1
 62
     0
 92
       -2
340
304
 93
        0
 40
0.045
309
GRIDFORMAT_END
 95
        2
302
GRIDFORMAT
  1
GRIDFORMAT_BEGIN
 90
        0
 91
        1
 62
     0
 92
       -2
340
304
 93
        0
 40
0.045
309
GRIDFORMAT_END
 95
        4
302
GRIDFORMAT
  1
GRIDFORMAT_BEGIN
 90
        0
 91
        1
 62
     0
 92
       -2
340
304
 93
        0
 40
0.045
309
GRIDFORMAT_END
 95
        8
302
GRIDFORMAT
  1
GRIDFORMAT_BEGIN
 90
        0
 91
        1
 62
     0
 92
       -2
340
304
 93
        0
 40
0.045
309
GRIDFORMAT_END
 95
       16
302
GRIDFORMAT
  1
GRIDFORMAT_BEGIN
 90
        0
 91
        1
 62
     0
 92
       -2
340
304
 93
        0
 40
0.045
309
GRIDFORMAT_END
 95
       32
302
GRIDFORMAT
  1
GRIDFORMAT_BEGIN
 90
        0
 91
        1
 62
     0
 92
       -2
340
304
 93
        0
 40
0.045
309
GRIDFORMAT_END
309
TABLEFORMAT_END
  1
CELLSTYLE_BEGIN
 90
        1
 91
        1
300
_TITLE
309
CELLSTYLE_END
300
CELLSTYLE
  1
TABLEFORMAT_BEGIN
 90
        5
170
     1
 91
        0
 92
        0
 62
   257
 93
        1
300
CONTENTFORMAT
  1
CONTENTFORMAT_BEGIN
 90
        0
 91
        0
 92
        4
 93
        0
300

 40
0.0
140
1.0
 94
        5
 62
     0
340
302
144
0.18
309
CONTENTFORMAT_END
171
     1
301
MARGIN
  1
CELLMARGIN_BEGIN
 40
0.06
 40
0.06
 40
0.06
 40
0.06
 40
0.06
 40
0.06
309
CELLMARGIN_END
 94
        6
 95
        1
302
GRIDFORMAT
  1
GRIDFORMAT_BEGIN
 90
        0
 91
        1
 62
     0
 92
       -2
340
304
 93
        0
 40
0.045
309
GRIDFORMAT_END
 95
        2
302
GRIDFORMAT
  1
GRIDFORMAT_BEGIN
 90
        0
 91
        1
 62
     0
 92
       -2
340
304
 93
        0
 40
0.045
309
GRIDFORMAT_END
 95
        4
302
GRIDFORMAT
  1
GRIDFORMAT_BEGIN
 90
        0
 91
        1
 62
     0
 92
       -2
340
304
 93
        0
 40
0.045
309
GRIDFORMAT_END
 95
        8
302
GRIDFORMAT
  1
GRIDFORMAT_BEGIN
 90
        0
 91
        1
 62
     0
 92
       -2
340
304
 93
        0
 40
0.045
309
GRIDFORMAT_END
 95
       16
302
GRIDFORMAT
  1
GRIDFORMAT_BEGIN
 90
        0
 91
        1
 62
     0
 92
       -2
340
304
 93
        0
 40
0.045
309
GRIDFORMAT_END
 95
       32
302
GRIDFORMAT
  1
GRIDFORMAT_BEGIN
 90
        0
 91
        1
 62
     0
 92
       -2
340
304
 93
        0
 40
0.045
309
GRIDFORMAT_END
309
TABLEFORMAT_END
  1
CELLSTYLE_BEGIN
 90
        2
 91
        1
300
_HEADER
309
CELLSTYLE_END
300
CELLSTYLE
  1
TABLEFORMAT_BEGIN
 90
        5
170
     1
 91
        0
 92
        0
 62
   257
 93
        1
300
CONTENTFORMAT
  1
CONTENTFORMAT_BEGIN
 90
        0
 91
        0
 92
        4
 93
        0
300

 40
0.0
140
1.0
 94
        2
 62
     0
340
302
144
0.18
309
CONTENTFORMAT_END
171
     1
301
MARGIN
  1
CELLMARGIN_BEGIN
 40
0.06
 40
0.06
 40
0.06
 40
0.06
 40
0.06
 40
0.06
309
CELLMARGIN_END
 94
        6
 95
        1
302
GRIDFORMAT
  1
GRIDFORMAT_BEGIN
 90
        0
 91
        1
 62
     0
 92
       -2
340
304
 93
        0
 40
0.045
309
GRIDFORMAT_END
 95
        2
302
GRIDFORMAT
  1
GRIDFORMAT_BEGIN
 90
        0
 91
        1
 62
     0
 92
       -2
340
304
 93
        0
 40
0.045
309
GRIDFORMAT_END
 95
        4
302
GRIDFORMAT
  1
GRIDFORMAT_BEGIN
 90
        0
 91
        1
 62
     0
 92
       -2
340
304
 93
        0
 40
0.045
309
GRIDFORMAT_END
 95
        8
302
GRIDFORMAT
  1
GRIDFORMAT_BEGIN
 90
        0
 91
        1
 62
     0
 92
       -2
340
304
 93
        0
 40
0.045
309
GRIDFORMAT_END
 95
       16
302
GRIDFORMAT
  1
GRIDFORMAT_BEGIN
 90
        0
 91
        1
 62
     0
 92
       -2
340
304
 93
        0
 40
0.045
309
GRIDFORMAT_END
 95
       32
302
GRIDFORMAT
  1
GRIDFORMAT_BEGIN
 90
        0
 91
        1
 62
     0
 92
       -2
340
304
 93
        0
 40
0.045
309
GRIDFORMAT_END
309
TABLEFORMAT_END
  1
CELLSTYLE_BEGIN
 90
        3
 91
        2
300
_DATA
309
CELLSTYLE_END
  0
ENDSEC
  0
EOF
