  0
SECTION
  2
HEADER
  9
$ACADVER
  1
AC1027
  9
$ACADMAINTVER
 70
   105
  9
$DWGCODEPAGE
  3
ANSI_1252
  9
$LASTSAVEDBY
  1
samuel
  9
$REQUIREDVERSIONS
160
                 0
  9
$INSBASE
 10
0.0
 20
0.0
 30
0.0
  9
$EXTMIN
 10
-27.0
 20
-47.0
 30
0.0
  9
$EXTMAX
 10
27.0
 20
47.0
 30
0.0
  9
$LIMMIN
 10
0.0
 20
0.0
  9
$LIMMAX
 10
12.0
 20
9.0
  9
$ORTHOMODE
 70
     0
  9
$REGENMODE
 70
     1
  9
$FILLMODE
 70
     1
  9
$QTEXTMODE
 70
     0
  9
$MIRRTEXT
 70
     0
  9
$LTSCALE
 40
1.0
  9
$ATTMODE
 70
     1
  9
$TEXTSIZE
 40
0.2
  9
$TRACEWID
 40
0.05
  9
$TEXTSTYLE
  7
Standard
  9
$CLAYER
  8
0
  9
$CELTYPE
  6
ByLayer
  9
$CECOLOR
 62
   256
  9
$CELTSCALE
 40
1.0
  9
$DISPSILH
 70
     0
  9
$DIMSCALE
 40
1.0
  9
$DIMASZ
 40
2.5
  9
$DIMEXO
 40
0.625
  9
$DIMDLI
 40
5.0
  9
$DIMRND
 40
0.0
  9
$DIMDLE
 40
0.0
  9
$DIMEXE
 40
1.25
  9
$DIMTP
 40
0.0
  9
$DIMTM
 40
0.0
  9
$DIMTXT
 40
2.5
  9
$DIMCEN
 40
0.09
  9
$DIMTSZ
 40
0.0
  9
$DIMTOL
 70
     0
  9
$DIMLIM
 70
     0
  9
$DIMTIH
 70
     0
  9
$DIMTOH
 70
     1
  9
$DIMSE1
 70
     0
  9
$DIMSE2
 70
     0
  9
$DIMTAD
 70
     1
  9
$DIMZIN
 70
     8
  9
$DIMBLK
  1

  9
$DIMASO
 70
     1
  9
$DIMSHO
 70
     1
  9
$DIMPOST
  1

  9
$DIMAPOST
  1

  9
$DIMALT
 70
     0
  9
$DIMALTD
 70
     2
  9
$DIMALTF
 40
25.4
  9
$DIMLFAC
 40
1.0
  9
$DIMTOFL
 70
     0
  9
$DIMTVP
 40
0.0
  9
$DIMTIX
 70
     0
  9
$DIMSOXD
 70
     0
  9
$DIMSAH
 70
     0
  9
$DIMBLK1
  1

  9
$DIMBLK2
  1

  9
$DIMSTYLE
  2
Standard
  9
$DIMCLRD
 70
     0
  9
$DIMCLRE
 70
     0
  9
$DIMCLRT
 70
     0
  9
$DIMTFAC
 40
1.0
  9
$DIMGAP
 40
0.625
  9
$DIMJUST
 70
     0
  9
$DIMSD1
 70
     0
  9
$DIMSD2
 70
     0
  9
$DIMTOLJ
 70
     1
  9
$DIMTZIN
 70
     0
  9
$DIMALTZ
 70
     0
  9
$DIMALTTZ
 70
     0
  9
$DIMUPT
 70
     0
  9
$DIMDEC
 70
     4
  9
$DIMTDEC
 70
     4
  9
$DIMALTU
 70
     2
  9
$DIMALTTD
 70
     2
  9
$DIMTXSTY
  7
Standard
  9
$DIMAUNIT
 70
     0
  9
$DIMADEC
 70
     0
  9
$DIMALTRND
 40
0.0
  9
$DIMAZIN
 70
     2
  9
$DIMDSEP
 70
    46
  9
$DIMATFIT
 70
     0
  9
$DIMFRAC
 70
     0
  9
$DIMLDRBLK
  1

  9
$DIMLUNIT
 70
     2
  9
$DIMLWD
 70
    -2
  9
$DIMLWE
 70
    -2
  9
$DIMTMOVE
 70
     0
  9
$DIMFXL
 40
1.0
  9
$DIMFXLON
 70
     0
  9
$DIMJOGANG
 40
0.7853981633974483
  9
$DIMTFILL
 70
     0
  9
$DIMTFILLCLR
 70
     0
  9
$DIMARCSYM
 70
     0
  9
$DIMLTYPE
  6

  9
$DIMLTEX1
  6

  9
$DIMLTEX2
  6

  9
$DIMTXTDIRECTION
 70
     0
  9
$LUNITS
 70
     2
  9
$LUPREC
 70
     4
  9
$SKETCHINC
 40
0.1
  9
$FILLETRAD
 40
0.0
  9
$AUNITS
 70
     0
  9
$AUPREC
 70
     0
  9
$MENU
  1
.
  9
$ELEVATION
 40
0.0
  9
$PELEVATION
 40
0.0
  9
$THICKNESS
 40
0.0
  9
$LIMCHECK
 70
     0
  9
$CHAMFERA
 40
0.0
  9
$CHAMFERB
 40
0.0
  9
$CHAMFERC
 40
0.0
  9
$CHAMFERD
 40
0.0
  9
$SKPOLY
 70
     0
  9
$TDCREATE
 40
2461216.914460151
  9
$TDUCREATE
 40
2461216.872793484
  9
$TDUPDATE
 40
2461216.914460556
  9
$TDUUPDATE
 40
2461216.872793889
  9
$TDINDWG
 40
0.0000000116
  9
$TDUSRTIMER
 40
0.0000000116
  9
$USRTIMER
 70
     1
  9
$ANGBASE
 50
0.0
  9
$ANGDIR
 70
     0
  9
$PDMODE
 70
     0
  9
$PDSIZE
 40
0.0
  9
$PLINEWID
 40
0.0
  9
$SPLFRAME
 70
     0
  9
$SPLINETYPE
 70
     6
  9
$SPLINESEGS
 70
     8
  9
$HANDSEED
  5
30D
  9
$SURFTAB1
 70
     6
  9
$SURFTAB2
 70
     6
  9
$SURFTYPE
 70
     6
  9
$SURFU
 70
     6
  9
$SURFV
 70
     6
  9
$UCSBASE
  2

  9
$UCSNAME
  2

  9
$UCSORG
 10
0.0
 20
0.0
 30
0.0
  9
$UCSXDIR
 10
1.0
 20
0.0
 30
0.0
  9
$UCSYDIR
 10
0.0
 20
1.0
 30
0.0
  9
$UCSORTHOREF
  2

  9
$UCSORTHOVIEW
 70
     0
  9
$UCSORGTOP
 10
0.0
 20
0.0
 30
0.0
  9
$UCSORGBOTTOM
 10
0.0
 20
0.0
 30
0.0
  9
$UCSORGLEFT
 10
0.0
 20
0.0
 30
0.0
  9
$UCSORGRIGHT
 10
0.0
 20
0.0
 30
0.0
  9
$UCSORGFRONT
 10
0.0
 20
0.0
 30
0.0
  9
$UCSORGBACK
 10
0.0
 20
0.0
 30
0.0
  9
$PUCSBASE
  2

  9
$PUCSNAME
  2

  9
$PUCSORG
 10
0.0
 20
0.0
 30
0.0
  9
$PUCSXDIR
 10
1.0
 20
0.0
 30
0.0
  9
$PUCSYDIR
 10
0.0
 20
1.0
 30
0.0
  9
$PUCSORTHOREF
  2

  9
$PUCSORTHOVIEW
 70
     0
  9
$PUCSORGTOP
 10
0.0
 20
0.0
 30
0.0
  9
$PUCSORGBOTTOM
 10
0.0
 20
0.0
 30
0.0
  9
$PUCSORGLEFT
 10
0.0
 20
0.0
 30
0.0
  9
$PUCSORGRIGHT
 10
0.0
 20
0.0
 30
0.0
  9
$PUCSORGFRONT
 10
0.0
 20
0.0
 30
0.0
  9
$PUCSORGBACK
 10
0.0
 20
0.0
 30
0.0
  9
$USERI1
 70
     0
  9
$USERI2
 70
     0
  9
$USERI3
 70
     0
  9
$USERI4
 70
     0
  9
$USERI5
 70
     0
  9
$USERR1
 40
0.0
  9
$USERR2
 40
0.0
  9
$USERR3
 40
0.0
  9
$USERR4
 40
0.0
  9
$USERR5
 40
0.0
  9
$WORLDVIEW
 70
     1
  9
$SHADEDGE
 70
     3
  9
$SHADEDIF
 70
    70
  9
$TILEMODE
 70
     1
  9
$MAXACTVP
 70
    64
  9
$PINSBASE
 10
0.0
 20
0.0
 30
0.0
  9
$PLIMCHECK
 70
     0
  9
$PEXTMIN
 10
0.0
 20
0.0
 30
0.0
  9
$PEXTMAX
 10
0.0
 20
0.0
 30
0.0
  9
$PLIMMIN
 10
-20.0
 20
-7.5
  9
$PLIMMAX
 10
277.0
 20
202.5
  9
$UNITMODE
 70
     0
  9
$VISRETAIN
 70
     1
  9
$PLINEGEN
 70
     0
  9
$PSLTSCALE
 70
     1
  9
$TREEDEPTH
 70
  3020
  9
$CMLSTYLE
  2
Standard
  9
$CMLJUST
 70
     0
  9
$CMLSCALE
 40
1.0
  9
$PROXYGRAPHICS
 70
     1
  9
$MEASUREMENT
 70
     1
  9
$CELWEIGHT
370
    -1
  9
$ENDCAPS
280
     0
  9
$JOINSTYLE
280
     0
  9
$LWDISPLAY
290
     0
  9
$INSUNITS
 70
     4
  9
$HYPERLINKBASE
  1

  9
$STYLESHEET
  1

  9
$XEDIT
290
     1
  9
$CEPSNTYPE
380
     0
  9
$PSTYLEMODE
290
     1
  9
$FINGERPRINTGUID
  2
{76737433-3576-6165-3239-7376b476b366}
  9
$VERSIONGUID
  2
{FAEB1C32-E019-11D5-929B-00C0DF256EC4}
  9
$EXTNAMES
290
     1
  9
$PSVPSCALE
 40
0.0
  9
$OLESTARTUP
290
     0
  9
$SORTENTS
280
   127
  9
$INDEXCTL
280
     0
  9
$HIDETEXT
280
     1
  9
$XCLIPFRAME
280
     2
  9
$HALOGAP
280
     0
  9
$OBSCOLOR
 70
   257
  9
$OBSLTYPE
280
     0
  9
$INTERSECTIONDISPLAY
280
     0
  9
$INTERSECTIONCOLOR
 70
   257
  9
$DIMASSOC
280
     2
  9
$PROJECTNAME
  1

  9
$CAMERADISPLAY
290
     0
  9
$LENSLENGTH
 40
50.0
  9
$CAMERAHEIGHT
 40
0.0
  9
$STEPSPERSEC
 40
2.0
  9
$STEPSIZE
 40
6.0
  9
$3DDWFPREC
 40
2.0
  9
$PSOLWIDTH
 40
0.25
  9
$PSOLHEIGHT
 40
4.0
  9
$LOFTANG1
 40
1.570796326794897
  9
$LOFTANG2
 40
1.570796326794897
  9
$LOFTMAG1
 40
0.0
  9
$LOFTMAG2
 40
0.0
  9
$LOFTPARAM
 70
     7
  9
$LOFTNORMALS
280
     1
  9
$LATITUDE
 40
37.795
  9
$LONGITUDE
 40
-122.394
  9
$NORTHDIRECTION
 40
0.0
  9
$TIMEZONE
 70
 -8000
  9
$LIGHTGLYPHDISPLAY
280
     1
  9
$TILEMODELIGHTSYNCH
280
     1
  9
$CMATERIAL
347
278
  9
$SOLIDHIST
280
     0
  9
$SHOWHIST
280
     1
  9
$DWFFRAME
280
     2
  9
$DGNFRAME
280
     2
  9
$REALWORLDSCALE
290
     1
  9
$INTERFERECOLOR
 62
   256
  9
$CSHADOW
280
     0
  9
$SHADOWPLANELOCATION
 40
0.0
  0
ENDSEC
  0
SECTION
  2
CLASSES
  0
CLASS
  1
ACDBDICTIONARYWDFLT
  2
AcDbDictionaryWithDefault
  3
ObjectDBX Classes
 90
        0
 91
        3
280
     0
281
     0
  0
CLASS
  1
VISUALSTYLE
  2
AcDbVisualStyle
  3
ObjectDBX Classes
 90
     4095
 91
        3
280
     0
281
     0
  0
CLASS
  1
MATERIAL
  2
AcDbMaterial
  3
ObjectDBX Classes
 90
     1153
 91
        3
280
     0
281
     0
  0
CLASS
  1
SCALE
  2
AcDbScale
  3
ObjectDBX Classes
 90
     1153
 91
        3
280
     0
281
     0
  0
CLASS
  1
TABLESTYLE
  2
AcDbTableStyle
  3
ObjectDBX Classes
 90
     4095
 91
        3
280
     0
281
     0
  0
CLASS
  1
MLEADERSTYLE
  2
AcDbMLeaderStyle
  3
ACDB_MLEADERSTYLE_CLASS
 90
     4095
 91
        3
280
     0
281
     0
  0
CLASS
  1
SUN
  2
AcDbSun
  3
SCENEOE
 90
     1153
 91
        3
280
     0
281
     0
  0
CLASS
  1
RASTERVARIABLES
  2
AcDbRasterVariables
  3
ISM
 90
        0
 91
        3
280
     0
281
     0
  0
CLASS
  1
DICTIONARYVAR
  2
AcDbDictionaryVar
  3
ObjectDBX Classes
 90
        0
 91
        3
280
     0
281
     0
  0
CLASS
  1
CELLSTYLEMAP
  2
AcDbCellStyleMap
  3
ObjectDBX Classes
 90
     1152
 91
        3
280
     0
281
     0
  0
ENDSEC
  0
SECTION
  2
TABLES
  0
TABLE
  2
VPORT
  5
23D
330
0
100
AcDbSymbolTable
 70
     1
  0
VPORT
  5
25D
330
23D
100
AcDbSymbolTableRecord
100
AcDbViewportTableRecord
  2
*Active
 70
     0
 10
0.0
 20
0.0
 11
1.0
 21
1.0
 12
22.97839944134085
 22
-8.292770949720705
 13
0.0
 23
0.0
 14
0.5
 24
0.5
 15
0.5
 25
0.5
 16
0.0
 26
0.0
 36
1.0
 17
0.0
 27
0.0
 37
0.0
 40
169.8465921787709
 41
1.953002610966057
 42
50.0
 43
0.0
 44
0.0
 50
0.0
 51
0.0
 71
     0
 72
   100
 73
     1
 74
     3
 75
     0
 76
     0
 77
     0
 78
     0
281
     0
 65
     1
110
0.0
120
0.0
130
0.0
111
1.0
121
0.0
131
0.0
112
0.0
122
1.0
132
0.0
 79
     0
146
0.0
348
263
 60
     3
 61
     5
292
     1
282
     1
141
0.0
142
0.0
 63
   250
361
291
  0
ENDTAB
  0
TABLE
  2
LTYPE
  5
23A
330
0
100
AcDbSymbolTable
 70
    51
  0
LTYPE
  5
248
330
23A
100
AcDbSymbolTableRecord
100
AcDbLinetypeTableRecord
  2
ByBlock
 70
     0
  3

 72
    65
 73
     0
 40
0.0
  0
LTYPE
  5
249
330
23A
100
AcDbSymbolTableRecord
100
AcDbLinetypeTableRecord
  2
ByLayer
 70
     0
  3

 72
    65
 73
     0
 40
0.0
  0
LTYPE
  5
24A
330
23A
100
AcDbSymbolTableRecord
100
AcDbLinetypeTableRecord
  2
Continuous
 70
     0
  3
Solid line
 72
    65
 73
     0
 40
0.0
  0
LTYPE
  5
2CD
330
23A
100
AcDbSymbolTableRecord
100
AcDbLinetypeTableRecord
  2
DRAINAGE2
 70
     0
  3
Drainage reversed----<----<----<----
 72
    65
 73
     2
 40
10.16
 49
5.08
 74
     2
 75
     0
340
2CC
 46
2.54
 50
0.0
 44
0.0
 45
0.0
  9
RIGHT_ARROW
 49
5.08
 74
     0
  0
LTYPE
  5
2CF
330
23A
100
AcDbSymbolTableRecord
100
AcDbLinetypeTableRecord
  2
HOT_WATER_SUPPLY
 70
     0
  3
Hot water supply ---- HW ---- HW ---- HW ----
 72
    65
 73
     3
 40
22.86
 49
12.7
 74
     0
 49
-5.08
 74
     2
 75
     0
340
2CE
 46
2.54
 50
0.0
 44
-2.54
 45
-1.27
  9
HW
 49
-5.08
 74
     0
  0
LTYPE
  5
2D1
330
23A
100
AcDbSymbolTableRecord
100
AcDbLinetypeTableRecord
  2
BATTING
 70
     0
  3
Batting SSSSSSSSSSSSSSSSSSSSSSSSSSSSSSSSSSSSSSSSSSSSSSS
 72
    65
 73
     4
 40
10.16254
 49
0.00254
 74
     0
 49
-2.54
 74
     2
 75
     0
340
2D0
 46
2.54
 50
0.0
 44
-2.54
 45
0.0
  9
BAT
 49
-5.08
 74
     2
 75
     0
340
2D0
 46
2.54
 50
180.0
 44
2.54
 45
0.0
  9
BAT
 49
-2.54
 74
     0
  0
LTYPE
  5
2D2
330
23A
100
AcDbSymbolTableRecord
100
AcDbLinetypeTableRecord
  2
ACAD_ISO05W100
 70
     0
  3
ISO long-dash double-dot ____ .. ____ .. ____ . 
 72
    65
 73
     6
 40
33.0
 49
24.0
 74
     0
 49
-3.0
 74
     0
 49
0.0
 74
     0
 49
-3.0
 74
     0
 49
0.0
 74
     0
 49
-3.0
 74
     0
  0
LTYPE
  5
2D3
330
23A
100
AcDbSymbolTableRecord
100
AcDbLinetypeTableRecord
  2
ACAD_ISO07W100
 70
     0
  3
ISO dot . . . . . . . . . . . . . . . . . . . . 
 72
    65
 73
     2
 40
3.0
 49
0.0
 74
     0
 49
-3.0
 74
     0
  0
LTYPE
  5
2D4
330
23A
100
AcDbSymbolTableRecord
100
AcDbLinetypeTableRecord
  2
ACAD_ISO13W100
 70
     0
  3
ISO double-dash double-dot __ __ . . __ __ . . _
 72
    65
 73
     8
 40
36.0
 49
12.0
 74
     0
 49
-3.0
 74
     0
 49
12.0
 74
     0
 49
-3.0
 74
     0
 49
0.0
 74
     0
 49
-3.0
 74
     0
 49
0.0
 74
     0
 49
-3.0
 74
     0
  0
LTYPE
  5
2D5
330
23A
100
AcDbSymbolTableRecord
100
AcDbLinetypeTableRecord
  2
PHANTOMX2
 70
     0
  3
Phantom (2x) ____________    ____    ____   _
 72
    65
 73
     6
 40
127.0
 49
63.5
 74
     0
 49
-12.7
 74
     0
 49
12.7
 74
     0
 49
-12.7
 74
     0
 49
12.7
 74
     0
 49
-12.7
 74
     0
  0
LTYPE
  5
2D6
330
23A
100
AcDbSymbolTableRecord
100
AcDbLinetypeTableRecord
  2
ACAD_ISO02W100
 70
     0
  3
ISO dash __ __ __ __ __ __ __ __ __ __ __ __ __
 72
    65
 73
     2
 40
15.0
 49
12.0
 74
     0
 49
-3.0
 74
     0
  0
LTYPE
  5
2D7
330
23A
100
AcDbSymbolTableRecord
100
AcDbLinetypeTableRecord
  2
ACAD_ISO06W100
 70
     0
  3
ISO long-dash triple-dot ____ ... ____ ... ____
 72
    65
 73
     8
 40
36.0
 49
24.0
 74
     0
 49
-3.0
 74
     0
 49
0.0
 74
     0
 49
-3.0
 74
     0
 49
0.0
 74
     0
 49
-3.0
 74
     0
 49
0.0
 74
     0
 49
-3.0
 74
     0
  0
LTYPE
  5
2D8
330
23A
100
AcDbSymbolTableRecord
100
AcDbLinetypeTableRecord
  2
FENCELINE2
 70
     0
  3
Fenceline square ----[]-----[]----[]-----[]----[]---
 72
    65
 73
     4
 40
36.83
 49
6.35
 74
     0
 49
-2.54
 74
     2
 75
     0
340
2D0
 46
2.54
 50
0.0
 44
-2.54
 45
0.0
  9
BOX
 49
-2.54
 74
     0
 49
25.4
 74
     0
  0
LTYPE
  5
2D9
330
23A
100
AcDbSymbolTableRecord
100
AcDbLinetypeTableRecord
  2
POINT2
 70
     0
  3
----\/-----\/---
 72
    65
 73
     2
 40
31.26232
 49
25.4
 74
     2
 75
     0
340
2D0
 46
5.08
 50
0.0
 44
0.0
 45
0.0
  9
PT2
 49
-5.86232
 74
     0
  0
LTYPE
  5
2DA
330
23A
100
AcDbSymbolTableRecord
100
AcDbLinetypeTableRecord
  2
CENTER2
 70
     0
  3
Center (.5x) ___ _ ___ _ ___ _ ___ _ ___ _ ___
 72
    65
 73
     4
 40
28.575
 49
19.05
 74
     0
 49
-3.175
 74
     0
 49
3.175
 74
     0
 49
-3.175
 74
     0
  0
LTYPE
  5
2DB
330
23A
100
AcDbSymbolTableRecord
100
AcDbLinetypeTableRecord
  2
ACAD_ISO14W100
 70
     0
  3
ISO dash triple-dot __ . . . __ . . . __ . . . _
 72
    65
 73
     8
 40
24.0
 49
12.0
 74
     0
 49
-3.0
 74
     0
 49
0.0
 74
     0
 49
-3.0
 74
     0
 49
0.0
 74
     0
 49
-3.0
 74
     0
 49
0.0
 74
     0
 49
-3.0
 74
     0
  0
LTYPE
  5
2DC
330
23A
100
AcDbSymbolTableRecord
100
AcDbLinetypeTableRecord
  2
DASHDOT2
 70
     0
  3
Dash dot (.5x) _._._._._._._._._._._._._._._.
 72
    65
 73
     4
 40
12.7
 49
6.35
 74
     0
 49
-3.175
 74
     0
 49
0.0
 74
     0
 49
-3.175
 74
     0
  0
LTYPE
  5
2DD
330
23A
100
AcDbSymbolTableRecord
100
AcDbLinetypeTableRecord
  2
BORDERX2
 70
     0
  3
Border (2x) ____  ____  .  ____  ____  .  ___
 72
    65
 73
     6
 40
88.89999999999999
 49
25.4
 74
     0
 49
-12.7
 74
     0
 49
25.4
 74
     0
 49
-12.7
 74
     0
 49
0.0
 74
     0
 49
-12.7
 74
     0
  0
LTYPE
  5
2DE
330
23A
100
AcDbSymbolTableRecord
100
AcDbLinetypeTableRecord
  2
DIVIDEX2
 70
     0
  3
Divide (2x) ________  .  .  ________  .  .  _
 72
    65
 73
     6
 40
63.5
 49
25.4
 74
     0
 49
-12.7
 74
     0
 49
0.0
 74
     0
 49
-12.7
 74
     0
 49
0.0
 74
     0
 49
-12.7
 74
     0
  0
LTYPE
  5
2DF
330
23A
100
AcDbSymbolTableRecord
100
AcDbLinetypeTableRecord
  2
ACAD_ISO15W100
 70
     0
  3
ISO double-dash triple-dot __ __ . . . __ __ . .
 72
    65
 73
    10
 40
39.0
 49
12.0
 74
     0
 49
-3.0
 74
     0
 49
12.0
 74
     0
 49
-3.0
 74
     0
 49
0.0
 74
     0
 49
-3.0
 74
     0
 49
0.0
 74
     0
 49
-3.0
 74
     0
 49
0.0
 74
     0
 49
-3.0
 74
     0
  0
LTYPE
  5
2E0
330
23A
100
AcDbSymbolTableRecord
100
AcDbLinetypeTableRecord
  2
DOT
 70
     0
  3
Dot . . . . . . . . . . . . . . . . . . . . . . . .
 72
    65
 73
     2
 40
6.35
 49
0.0
 74
     0
 49
-6.35
 74
     0
  0
LTYPE
  5
2E1
330
23A
100
AcDbSymbolTableRecord
100
AcDbLinetypeTableRecord
  2
DOTX2
 70
     0
  3
Dot (2x) .  .  .  .  .  .  .  .  .  .  .  .  .  .
 72
    65
 73
     2
 40
12.7
 49
0.0
 74
     0
 49
-12.7
 74
     0
  0
LTYPE
  5
2E2
330
23A
100
AcDbSymbolTableRecord
100
AcDbLinetypeTableRecord
  2
DRAINAGE
 70
     0
  3
Drainage ---->---->---->----
 72
    65
 73
     2
 40
10.16
 49
5.08
 74
     2
 75
     0
340
2CC
 46
2.54
 50
180.0
 44
0.0
 45
0.0
  9
RIGHT_ARROW
 49
5.08
 74
     0
  0
LTYPE
  5
2E3
330
23A
100
AcDbSymbolTableRecord
100
AcDbLinetypeTableRecord
  2
PHANTOM2
 70
     0
  3
Phantom (.5x) ___ _ _ ___ _ _ ___ _ _ ___ _ _
 72
    65
 73
     6
 40
31.75
 49
15.875
 74
     0
 49
-3.175
 74
     0
 49
3.175
 74
     0
 49
-3.175
 74
     0
 49
3.175
 74
     0
 49
-3.175
 74
     0
  0
LTYPE
  5
2E4
330
23A
100
AcDbSymbolTableRecord
100
AcDbLinetypeTableRecord
  2
ACAD_ISO09W100
 70
     0
  3
ISO long-dash double-short-dash ____ __ __ ____
 72
    65
 73
     6
 40
45.0
 49
24.0
 74
     0
 49
-3.0
 74
     0
 49
6.0
 74
     0
 49
-3.0
 74
     0
 49
6.0
 74
     0
 49
-3.0
 74
     0
  0
LTYPE
  5
2E5
330
23A
100
AcDbSymbolTableRecord
100
AcDbLinetypeTableRecord
  2
PLANT
 70
     0
  3
_/^ \_\^ \_
 72
    65
 73
     7
 40
21.94
 49
0.01
 74
     2
 75
     0
340
2D0
 46
1.0
 50
0.0
 44
0.0
 45
0.0
  9
PLANT1
 49
-3.0
 74
     2
 75
     0
340
2D0
 46
1.0
 50
0.0
 44
0.0
 45
0.0
  9
PLANT2
 49
-3.15
 74
     2
 75
     0
340
2D0
 46
1.0
 50
0.0
 44
0.0
 45
0.0
  9
PLANT3
 49
-4.23
 74
     2
 75
     0
340
2D0
 46
1.0
 50
0.0
 44
0.0
 45
0.0
  9
PLANT4
 49
-4.63
 74
     2
 75
     0
340
2D0
 46
1.0
 50
0.0
 44
0.0
 45
0.0
  9
PLANT5
 49
-2.5
 74
     2
 75
     0
340
2D0
 46
1.0
 50
0.0
 44
0.0
 45
0.0
  9
PLANT6
 49
-4.42
 74
     0
  0
LTYPE
  5
2E6
330
23A
100
AcDbSymbolTableRecord
100
AcDbLinetypeTableRecord
  2
DASHEDX2
 70
     0
  3
Dashed (2x) ____  ____  ____  ____  ____  ___
 72
    65
 73
     2
 40
38.09999999999999
 49
25.4
 74
     0
 49
-12.7
 74
     0
  0
LTYPE
  5
2E7
330
23A
100
AcDbSymbolTableRecord
100
AcDbLinetypeTableRecord
  2
BORDER
 70
     0
  3
Border __ __ . __ __ . __ __ . __ __ . __ __ .
 72
    65
 73
     6
 40
44.45
 49
12.7
 74
     0
 49
-6.35
 74
     0
 49
12.7
 74
     0
 49
-6.35
 74
     0
 49
0.0
 74
     0
 49
-6.35
 74
     0
  0
LTYPE
  5
2E8
330
23A
100
AcDbSymbolTableRecord
100
AcDbLinetypeTableRecord
  2
HIDDENX2
 70
     0
  3
Hidden (2x) ____ ____ ____ ____ ____ ____ ____ 
 72
    65
 73
     2
 40
19.05
 49
12.7
 74
     0
 49
-6.35
 74
     0
  0
LTYPE
  5
2E9
330
23A
100
AcDbSymbolTableRecord
100
AcDbLinetypeTableRecord
  2
DASHDOT
 70
     0
  3
Dash dot __ . __ . __ . __ . __ . __ . __ . __
 72
    65
 73
     4
 40
25.4
 49
12.7
 74
     0
 49
-6.35
 74
     0
 49
0.0
 74
     0
 49
-6.35
 74
     0
  0
LTYPE
  5
2EA
330
23A
100
AcDbSymbolTableRecord
100
AcDbLinetypeTableRecord
  2
ZIGZAG
 70
     0
  3
Zig zag /\/\/\/\/\/\/\/\/\/\/\/\/\/\/\/\/\/\/\/\/\/\/\/
 72
    65
 73
     4
 40
20.32254
 49
0.00254
 74
     0
 49
-5.08
 74
     2
 75
     0
340
2D0
 46
5.08
 50
0.0
 44
-5.08
 45
0.0
  9
ZIG
 49
-10.16
 74
     2
 75
     0
340
2D0
 46
5.08
 50
180.0
 44
5.08
 45
0.0
  9
ZIG
 49
-5.08
 74
     0
  0
LTYPE
  5
2EB
330
23A
100
AcDbSymbolTableRecord
100
AcDbLinetypeTableRecord
  2
HIDDEN
 70
     0
  3
Hidden __ __ __ __ __ __ __ __ __ __ __ __ __ __
 72
    65
 73
     2
 40
9.524999999999999
 49
6.35
 74
     0
 49
-3.175
 74
     0
  0
LTYPE
  5
2EC
330
23A
100
AcDbSymbolTableRecord
100
AcDbLinetypeTableRecord
  2
DASHDOTX2
 70
     0
  3
Dash dot (2x) ____  .  ____  .  ____  .  ___
 72
    65
 73
     4
 40
50.8
 49
25.4
 74
     0
 49
-12.7
 74
     0
 49
0.0
 74
     0
 49
-12.7
 74
     0
  0
LTYPE
  5
2ED
330
23A
100
AcDbSymbolTableRecord
100
AcDbLinetypeTableRecord
  2
FENCELINE1
 70
     0
  3
Fenceline circle ----0-----0----0-----0----0-----0--
 72
    65
 73
     4
 40
36.83
 49
6.35
 74
     0
 49
-2.54
 74
     2
 75
     0
340
2D0
 46
2.54
 50
0.0
 44
-2.54
 45
0.0
  9
CIRC1
 49
-2.54
 74
     0
 49
25.4
 74
     0
  0
LTYPE
  5
2EE
330
23A
100
AcDbSymbolTableRecord
100
AcDbLinetypeTableRecord
  2
ACAD_ISO11W100
 70
     0
  3
ISO double-dash dot __ __ . __ __ . __ __ . __ _
 72
    65
 73
     6
 40
33.0
 49
12.0
 74
     0
 49
-3.0
 74
     0
 49
12.0
 74
     0
 49
-3.0
 74
     0
 49
0.0
 74
     0
 49
-3.0
 74
     0
  0
LTYPE
  5
2EF
330
23A
100
AcDbSymbolTableRecord
100
AcDbLinetypeTableRecord
  2
ACAD_ISO08W100
 70
     0
  3
ISO long-dash short-dash ____ __ ____ __ ____ _
 72
    65
 73
     4
 40
36.0
 49
24.0
 74
     0
 49
-3.0
 74
     0
 49
6.0
 74
     0
 49
-3.0
 74
     0
  0
LTYPE
  5
2F0
330
23A
100
AcDbSymbolTableRecord
100
AcDbLinetypeTableRecord
  2
DASHED
 70
     0
  3
Dashed __ __ __ __ __ __ __ __ __ __ __ __ __ _
 72
    65
 73
     2
 40
19.05
 49
12.7
 74
     0
 49
-6.35
 74
     0
  0
LTYPE
  5
2F1
330
23A
100
AcDbSymbolTableRecord
100
AcDbLinetypeTableRecord
  2
PHANTOM
 70
     0
  3
Phantom ______  __  __  ______  __  __  ______ 
 72
    65
 73
     6
 40
63.50000000000001
 49
31.75
 74
     0
 49
-6.35
 74
     0
 49
6.35
 74
     0
 49
-6.35
 74
     0
 49
6.35
 74
     0
 49
-6.35
 74
     0
  0
LTYPE
  5
2F2
330
23A
100
AcDbSymbolTableRecord
100
AcDbLinetypeTableRecord
  2
DOT2
 70
     0
  3
Dot (.5x) ........................................
 72
    65
 73
     2
 40
3.175
 49
0.0
 74
     0
 49
-3.175
 74
     0
  0
LTYPE
  5
2F3
330
23A
100
AcDbSymbolTableRecord
100
AcDbLinetypeTableRecord
  2
ACAD_ISO10W100
 70
     0
  3
ISO dash dot __ . __ . __ . __ . __ . __ . __ . 
 72
    65
 73
     4
 40
18.0
 49
12.0
 74
     0
 49
-3.0
 74
     0
 49
0.0
 74
     0
 49
-3.0
 74
     0
  0
LTYPE
  5
2F4
330
23A
100
AcDbSymbolTableRecord
100
AcDbLinetypeTableRecord
  2
DASHED2
 70
     0
  3
Dashed (.5x) _ _ _ _ _ _ _ _ _ _ _ _ _ _ _ _ _ 
 72
    65
 73
     2
 40
9.524999999999999
 49
6.35
 74
     0
 49
-3.175
 74
     0
  0
LTYPE
  5
2F5
330
23A
100
AcDbSymbolTableRecord
100
AcDbLinetypeTableRecord
  2
TRACKS
 70
     0
  3
Tracks -|-|-|-|-|-|-|-|-|-|-|-|-|-|-|-|-|-|-|-|-|-|-|-|-
 72
    65
 73
     2
 40
7.62
 49
3.81
 74
     2
 75
     0
340
2D0
 46
6.35
 50
0.0
 44
0.0
 45
0.0
  9
TRACK1
 49
3.81
 74
     0
  0
LTYPE
  5
2F6
330
23A
100
AcDbSymbolTableRecord
100
AcDbLinetypeTableRecord
  2
GAS_LINE
 70
     0
  3
Gas line ----GAS----GAS----GAS----GAS----GAS----GAS--
 72
    65
 73
     3
 40
24.13
 49
12.7
 74
     0
 49
-5.08
 74
     2
 75
     0
340
2CE
 46
2.54
 50
0.0
 44
-2.54
 45
-1.27
  9
GAS
 49
-6.35
 74
     0
  0
LTYPE
  5
2F7
330
23A
100
AcDbSymbolTableRecord
100
AcDbLinetypeTableRecord
  2
DIVIDE
 70
     0
  3
Divide ____ . . ____ . . ____ . . ____ . . ____
 72
    65
 73
     6
 40
31.75
 49
12.7
 74
     0
 49
-6.35
 74
     0
 49
0.0
 74
     0
 49
-6.35
 74
     0
 49
0.0
 74
     0
 49
-6.35
 74
     0
  0
LTYPE
  5
2F8
330
23A
100
AcDbSymbolTableRecord
100
AcDbLinetypeTableRecord
  2
DIVIDE2
 70
     0
  3
Divide (.5x) __..__..__..__..__..__..__..__.._
 72
    65
 73
     6
 40
15.875
 49
6.35
 74
     0
 49
-3.175
 74
     0
 49
0.0
 74
     0
 49
-3.175
 74
     0
 49
0.0
 74
     0
 49
-3.175
 74
     0
  0
LTYPE
  5
2F9
330
23A
100
AcDbSymbolTableRecord
100
AcDbLinetypeTableRecord
  2
CENTERX2
 70
     0
  3
Center (2x) ________  __  ________  __  _____
 72
    65
 73
     4
 40
101.6
 49
63.5
 74
     0
 49
-12.7
 74
     0
 49
12.7
 74
     0
 49
-12.7
 74
     0
  0
LTYPE
  5
2FA
330
23A
100
AcDbSymbolTableRecord
100
AcDbLinetypeTableRecord
  2
ACAD_ISO04W100
 70
     0
  3
ISO long-dash dot ____ . ____ . ____ . ____ . _
 72
    65
 73
     4
 40
30.0
 49
24.0
 74
     0
 49
-3.0
 74
     0
 49
0.0
 74
     0
 49
-3.0
 74
     0
  0
LTYPE
  5
2FB
330
23A
100
AcDbSymbolTableRecord
100
AcDbLinetypeTableRecord
  2
CENTER
 70
     0
  3
Center ____ _ ____ _ ____ _ ____ _ ____ _ ____
 72
    65
 73
     4
 40
50.8
 49
31.75
 74
     0
 49
-6.35
 74
     0
 49
6.35
 74
     0
 49
-6.35
 74
     0
  0
LTYPE
  5
2FC
330
23A
100
AcDbSymbolTableRecord
100
AcDbLinetypeTableRecord
  2
ACAD_ISO03W100
 70
     0
  3
ISO dash space __    __    __    __    __    __
 72
    65
 73
     2
 40
30.0
 49
12.0
 74
     0
 49
-18.0
 74
     0
  0
LTYPE
  5
2FD
330
23A
100
AcDbSymbolTableRecord
100
AcDbLinetypeTableRecord
  2
BORDER2
 70
     0
  3
Border (.5x) __.__.__.__.__.__.__.__.__.__.__.
 72
    65
 73
     6
 40
22.225
 49
6.35
 74
     0
 49
-3.175
 74
     0
 49
6.35
 74
     0
 49
-3.175
 74
     0
 49
0.0
 74
     0
 49
-3.175
 74
     0
  0
LTYPE
  5
2FE
330
23A
100
AcDbSymbolTableRecord
100
AcDbLinetypeTableRecord
  2
HIDDEN2
 70
     0
  3
Hidden (.5x) _ _ _ _ _ _ _ _ _ _ _ _ _ _ _ _ _ 
 72
    65
 73
     2
 40
4.762499999999999
 49
3.175
 74
     0
 49
-1.5875
 74
     0
  0
LTYPE
  5
2FF
330
23A
100
AcDbSymbolTableRecord
100
AcDbLinetypeTableRecord
  2
POINT1
 70
     0
  3
----/\-----/\---
 72
    65
 73
     2
 40
31.26232
 49
25.4
 74
     2
 75
     0
340
2D0
 46
5.08
 50
0.0
 44
0.0
 45
0.0
  9
PT1
 49
-5.86232
 74
     0
  0
LTYPE
  5
300
330
23A
100
AcDbSymbolTableRecord
100
AcDbLinetypeTableRecord
  2
ACAD_ISO12W100
 70
     0
  3
ISO dash double-dot __ . . __ . . __ . . __ . . 
 72
    65
 73
     6
 40
21.0
 49
12.0
 74
     0
 49
-3.0
 74
     0
 49
0.0
 74
     0
 49
-3.0
 74
     0
 49
0.0
 74
     0
 49
-3.0
 74
     0
  0
ENDTAB
  0
TABLE
  2
LAYER
  5
238
330
0
100
AcDbSymbolTable
 70
     2
  0
LAYER
  5
245
330
238
100
AcDbSymbolTableRecord
100
AcDbLayerTableRecord
  2
0
 70
     0
 62
     7
  6
Continuous
370
    25
390
244
347
27A
348
0
  0
LAYER
  5
301
330
238
100
AcDbSymbolTableRecord
100
AcDbLayerTableRecord
  2
layer 1
 70
     0
 62
     3
  6
Continuous
370
     0
390
244
347
27A
348
0
  0
ENDTAB
  0
TABLE
  2
STYLE
  5
239
330
0
100
AcDbSymbolTable
 70
     4
  0
STYLE
  5
246
330
239
100
AcDbSymbolTableRecord
100
AcDbTextStyleTableRecord
  2
Standard
 70
     0
 40
0.0
 41
1.0
 50
0.0
 71
     0
 42
0.2
  3
txt
  4

  0
STYLE
  5
2CC
330
239
100
AcDbSymbolTableRecord
100
AcDbTextStyleTableRecord
  2
textstyle0
 70
     0
 40
0.0
 41
1.0
 50
0.0
 71
     0
 42
0.2
  3
qcadshp.shx
  4

  0
STYLE
  5
2CE
330
239
100
AcDbSymbolTableRecord
100
AcDbTextStyleTableRecord
  2
textstyle1
 70
     0
 40
0.0
 41
1.0
 50
0.0
 71
     0
 42
0.2
  3
STANDARD
  4

  0
STYLE
  5
2D0
330
239
100
AcDbSymbolTableRecord
100
AcDbTextStyleTableRecord
  2
textstyle2
 70
     0
 40
0.0
 41
1.0
 50
0.0
 71
     0
 42
0.2
  3
ltypeshp.shx
  4

  0
ENDTAB
  0
TABLE
  2
VIEW
  5
23B
330
0
100
AcDbSymbolTable
 70
     0
  0
ENDTAB
  0
TABLE
  2
UCS
  5
23C
330
0
100
AcDbSymbolTable
 70
     0
  0
ENDTAB
  0
TABLE
  2
APPID
  5
23E
330
0
100
AcDbSymbolTable
 70
     2
  0
APPID
  5
247
330
23E
100
AcDbSymbolTableRecord
100
AcDbRegAppTableRecord
  2
ACAD
 70
     0
  0
APPID
  5
292
330
23E
100
AcDbSymbolTableRecord
100
AcDbRegAppTableRecord
  2
QCAD
 70
     0
  0
ENDTAB
  0
TABLE
  2
DIMSTYLE
  5
23F
330
0
100
AcDbSymbolTable
 70
     2
100
AcDbDimStyleTable
  0
DIMSTYLE
105
25B
330
23F
100
AcDbSymbolTableRecord
100
AcDbDimStyleTableRecord
  2
Standard
 70
     0
178
     0
340
246
  0
DIMSTYLE
105
2CB
330
23F
100
AcDbSymbolTableRecord
100
AcDbDimStyleTableRecord
  2
QCADDimStyle
 70
     0
 41
2.5
 42
0.625
 43
5.0
 44
1.25
 73
     0
 77
     1
 78
     8
 79
     2
140
2.5
147
0.625
178
     0
279
     2
340
246
  0
ENDTAB
  0
TABLE
  2
BLOCK_RECORD
  5
237
330
0
100
AcDbSymbolTable
 70
     0
  0
BLOCK_RECORD
  5
253
330
237
100
AcDbSymbolTableRecord
100
AcDbBlockTableRecord
  2
*Model_Space
340
256
 70
     0
280
     1
281
     0
  0
BLOCK_RECORD
  5
24F
330
237
100
AcDbSymbolTableRecord
100
AcDbBlockTableRecord
  2
*Paper_Space
340
252
 70
     0
280
     1
281
     0
  0
ENDTAB
  0
ENDSEC
  0
SECTION
  2
BLOCKS
  0
BLOCK
  5
254
330
253
100
AcDbEntity
  8
0
100
AcDbBlockBegin
  2
*Model_Space
 70
     0
 10
0.0
 20
0.0
 30
0.0
  3
*Model_Space
  1

  0
ENDBLK
  5
255
330
253
100
AcDbEntity
  8
0
100
AcDbBlockEnd
  0
BLOCK
  5
250
330
24F
100
AcDbEntity
 67
     1
  8
0
100
AcDbBlockBegin
  2
*Paper_Space
 70
     0
 10
0.0
 20
0.0
 30
0.0
  3
*Paper_Space
  1

  0
ENDBLK
  5
251
330
24F
100
AcDbEntity
 67
     1
  8
0
100
AcDbBlockEnd
  0
ENDSEC
  0
SECTION
  2
ENTITIES
  0
LINE
  5
10F
330
253
100
AcDbEntity
  8
0
100
AcDbLine
 10
-16.5
 20
28.5
 30
0.0
 11
-12.5
 21
32.5
 31
0.0
  0
LINE
  5
110
330
253
100
AcDbEntity
  8
0
100
AcDbLine
 10
-12.5
 20
32.5
 30
0.0
 11
-8.5
 21
32.5
 31
0.0
  0
LINE
  5
111
330
253
100
AcDbEntity
  8
0
100
AcDbLine
 10
-8.5
 20
32.5
 30
0.0
 11
-4.5
 21
28.5
 31
0.0
  0
LINE
  5
112
330
253
100
AcDbEntity
  8
0
100
AcDbLine
 10
-4.5
 20
28.5
 30
0.0
 11
-4.5
 21
-28.5
 31
0.0
  0
LINE
  5
113
330
253
100
AcDbEntity
  8
0
100
AcDbLine
 10
-4.5
 20
-28.5
 30
0.0
 11
-8.5
 21
-32.5
 31
0.0
  0
LINE
  5
114
330
253
100
AcDbEntity
  8
0
100
AcDbLine
 10
-8.5
 20
-32.5
 30
0.0
 11
-12.5
 21
-32.5
 31
0.0
  0
LINE
  5
115
330
253
100
AcDbEntity
  8
0
100
AcDbLine
 10
-12.5
 20
-32.5
 30
0.0
 11
-16.5
 21
-28.5
 31
0.0
  0
LINE
  5
116
330
253
100
AcDbEntity
  8
0
100
AcDbLine
 10
-16.5
 20
-28.5
 30
0.0
 11
-16.5
 21
28.5
 31
0.0
  0
LINE
  5
117
330
253
100
AcDbEntity
  8
layer 1
100
AcDbLine
 10
9.999999999999986
 20
31.51180134404196
 30
0.0
 11
5.999999999999986
 21
25.51180134404196
 31
0.0
  0
LINE
  5
118
330
253
100
AcDbEntity
  8
layer 1
100
AcDbLine
 10
9.999999999999986
 20
-32.48819865595804
 30
0.0
 11
5.999999999999986
 21
-26.48819865595804
 31
0.0
  0
LINE
  5
119
330
253
100
AcDbEntity
  8
layer 1
100
AcDbLine
 10
9.999999999999986
 20
31.51180134404196
 30
0.0
 11
13.99999999999999
 21
25.51180134404196
 31
0.0
  0
LINE
  5
11A
330
253
100
AcDbEntity
  8
layer 1
100
AcDbLine
 10
9.999999999999986
 20
-32.48819865595804
 30
0.0
 11
13.99999999999999
 21
-26.48819865595804
 31
0.0
  0
LINE
  5
11B
330
253
100
AcDbEntity
  8
layer 1
100
AcDbLine
 10
13.99999999999999
 20
25.51180134404196
 30
0.0
 11
11.99999999999999
 21
25.51180134404196
 31
0.0
  0
LINE
  5
11C
330
253
100
AcDbEntity
  8
layer 1
100
AcDbLine
 10
13.99999999999999
 20
-26.48819865595804
 30
0.0
 11
11.99999999999999
 21
-26.48819865595804
 31
0.0
  0
LINE
  5
11D
330
253
100
AcDbEntity
  8
layer 1
100
AcDbLine
 10
5.999999999999986
 20
25.51180134404196
 30
0.0
 11
7.999999999999986
 21
25.51180134404196
 31
0.0
  0
LINE
  5
11E
330
253
100
AcDbEntity
  8
layer 1
100
AcDbLine
 10
5.999999999999986
 20
-26.48819865595804
 30
0.0
 11
7.999999999999986
 21
-26.48819865595804
 31
0.0
  0
LINE
  5
11F
330
253
100
AcDbEntity
  8
layer 1
100
AcDbLine
 10
7.999999999999986
 20
25.51180134404196
 30
0.0
 11
7.999999999999986
 21
12.51180134404196
 31
0.0
  0
LINE
  5
120
330
253
100
AcDbEntity
  8
layer 1
100
AcDbLine
 10
7.999999999999986
 20
-26.48819865595804
 30
0.0
 11
7.999999999999986
 21
2.01180134404196
 31
0.0
  0
LINE
  5
121
330
253
100
AcDbEntity
  8
layer 1
100
AcDbLine
 10
7.999999999999986
 20
12.51180134404196
 30
0.0
 11
11.99999999999999
 21
12.51180134404196
 31
0.0
  0
LINE
  5
122
330
253
100
AcDbEntity
  8
layer 1
100
AcDbLine
 10
7.999999999999986
 20
2.01180134404196
 30
0.0
 11
11.99999999999999
 21
2.011801344041961
 31
0.0
  0
LINE
  5
123
330
253
100
AcDbEntity
  8
layer 1
100
AcDbLine
 10
11.99999999999999
 20
12.51180134404196
 30
0.0
 11
11.99999999999999
 21
25.51180134404196
 31
0.0
  0
LINE
  5
124
330
253
100
AcDbEntity
  8
layer 1
100
AcDbLine
 10
11.99999999999999
 20
2.011801344041961
 30
0.0
 11
11.99999999999999
 21
-26.48819865595804
 31
0.0
  0
LWPOLYLINE
  5
125
330
253
100
AcDbEntity
  8
layer 1
100
AcDbPolyline
 90
       12
 70
   129
 43
0.0
 10
14.83205029433783
 20
26.06650154026719
 42
-0.5990215383385253
 10
13.99999999999999
 20
24.51180134404196
 10
12.99999999999999
 20
24.51180134404196
 10
12.99999999999999
 20
12.51180134404196
 42
-0.414213562373095
 10
11.99999999999999
 20
11.51180134404196
 10
7.999999999999986
 20
11.51180134404196
 42
-0.414213562373095
 10
6.999999999999986
 20
12.51180134404196
 10
6.999999999999986
 20
24.51180134404196
 10
5.999999999999986
 20
24.51180134404196
 42
-0.5990215383385258
 10
5.167949705662139
 20
26.06650154026719
 10
9.167949705662139
 20
32.06650154026718
 42
-0.5351837584879956
 10
10.83205029433783
 20
32.06650154026718
  0
LWPOLYLINE
  5
126
330
253
100
AcDbEntity
  8
layer 1
100
AcDbPolyline
 90
       12
 70
   129
 43
0.0
 10
12.99999999999999
 20
-25.48819865595804
 10
13.99999999999999
 20
-25.48819865595804
 42
-0.5990215383385253
 10
14.83205029433783
 20
-27.04289885218327
 10
10.83205029433783
 20
-33.04289885218326
 42
-0.5351837584879966
 10
9.167949705662139
 20
-33.04289885218326
 10
5.167949705662139
 20
-27.04289885218327
 42
-0.599021538338525
 10
5.999999999999986
 20
-25.48819865595804
 10
6.999999999999986
 20
-25.48819865595804
 10
6.999999999999986
 20
2.01180134404196
 42
-0.414213562373095
 10
7.999999999999986
 20
3.01180134404196
 10
11.99999999999999
 20
3.011801344041961
 42
-0.414213562373095
 10
12.99999999999999
 20
2.011801344041961
  0
LWPOLYLINE
  5
230
330
253
100
AcDbEntity
  8
layer 1
100
AcDbPolyline
 90
        8
 70
   129
 43
0.0
 10
5.915997377479089
 20
-39.96287493853465
 42
-0.2206056821278265
 10
5.485985903950158
 20
-41.10195049991803
 42
-0.1871160514240165
 10
4.282986395672826
 20
-41.48524831994754
 10
3.437223405999003
 20
-41.48524831994754
 10
3.437223405999003
 20
-38.49754138665791
 10
4.374938534666434
 20
-38.49754138665791
 42
-0.1132619899007044
 10
5.190460580232735
 20
-38.6639895099164
 42
-0.1530129043250537
 10
5.725946566136685
 20
-39.15644976233403
 42
-0.1335530868741643
  0
LWPOLYLINE
  5
231
330
253
100
AcDbEntity
  8
layer 1
100
AcDbPolyline
 90
        9
 70
   129
 43
0.0
 10
5.258072447139799
 20
-39.97910178659235
 42
0.1892261384100841
 10
5.040485166366155
 20
-39.24938534666447
 42
0.2140569221194035
 10
4.40788395345024
 20
-39.01630880183576
 10
4.070562202917541
 20
-39.01630880183576
 10
4.070562202917541
 20
-40.96205540075396
 10
4.342484838551044
 20
-40.96205540075396
 42
0.0900630286767873
 10
4.780706871288303
 20
-40.88247468679625
 42
0.1251661609914284
 10
5.045665758280057
 20
-40.69795172777593
 42
0.1069381487854893
 10
5.193092081548023
 20
-40.42832847324802
 42
0.0719502807466813
  0
LWPOLYLINE
  5
232
330
253
100
AcDbEntity
  8
layer 1
100
AcDbPolyline
 90
       12
 70
   129
 43
0.0
 10
9.246926733322388
 20
-39.98696934928699
 42
-0.1041764420008088
 10
9.094738567447946
 20
-40.79560727749548
 42
-0.1571172925826674
 10
8.627847893787889
 20
-41.33404359940992
 42
-0.13829776198542
 10
7.824373053597756
 20
-41.52606130142598
 42
-0.1380416596528193
 10
7.022373381412868
 20
-41.33404359940992
 42
-0.1577845678096629
 10
6.554499262415984
 20
-40.79462383215865
 42
-0.1038913710103391
 10
6.402311096541537
 20
-39.98303556793967
 42
-0.104654629906346
 10
6.554499262415984
 20
-39.1748893623996
 42
-0.158561511484018
 10
7.0233568267497
 20
-38.64038682183247
 42
-0.136386607007344
 10
7.828798557613492
 20
-38.45033601049007
 42
-0.1374546021232607
 10
8.62883133912472
 20
-38.64038682183247
 42
-0.1576987016238627
 10
9.094738567447946
 20
-39.17587280773643
 42
-0.1043665570490422
  0
LWPOLYLINE
  5
233
330
253
100
AcDbEntity
  8
layer 1
100
AcDbPolyline
 90
        8
 70
   129
 43
0.0
 10
7.066136698901804
 20
-39.98696934928699
 42
0.1477753195051688
 10
7.2461071955417
 20
-40.72578265858055
 42
0.2643255300910287
 10
7.824373053597757
 20
-40.99450909686935
 42
0.2663868111878977
 10
8.40583510899851
 20
-40.72578265858055
 42
0.145473221869033
 10
8.582609408293708
 20
-39.98696934928699
 42
0.1443037927074347
 10
8.406818554335342
 20
-39.24741845599081
 42
0.2680730145270554
 10
7.828798557613492
 20
-38.97746271103097
 42
0.2641630714929704
 10
7.247090640878531
 20
-39.24741845599081
 42
0.1480125940358784
  0
LWPOLYLINE
  5
234
330
253
100
AcDbEntity
  8
layer 1
100
AcDbPolyline
 90
       33
 70
   129
 43
0.0
 10
13.53622356990656
 20
-38.49754138665791
 10
12.77602032453695
 20
-41.48524831994754
 10
12.05466316997212
 20
-41.48524831994754
 10
11.64997541386657
 20
-39.91566956236682
 42
-0.0114448959672552
 10
11.61727585641697
 20
-39.77872479921323
 42
-0.0038965972768244
 10
11.57449598426486
 20
-39.57736436649729
 42
-0.0060603855419944
 10
11.53466644812324
 20
-39.37108670709718
 42
-0.0176975362944344
 10
11.51130962137353
 20
-39.21693165054908
 42
-0.0161355838984203
 10
11.4874610719554
 20
-39.37010326176036
 42
-0.0038846140236865
 10
11.44861498115062
 20
-39.57441403048681
 42
-0.0045348403658218
 10
11.40681855433534
 20
-39.77675790853959
 42
-0.0078396781756708
 10
11.37411899688574
 20
-39.91960334371413
 10
10.97139813145385
 20
-41.48524831994754
 10
10.25200786756268
 20
-41.48524831994754
 10
9.489837731519408
 20
-38.49754138665791
 10
10.11334207506965
 20
-38.49754138665791
 10
10.49541058842811
 20
-40.1280937551221
 42
-0.0075566113349107
 10
10.5475331912801
 20
-40.3705130306507
 42
-0.0067870361219929
 10
10.60260613014258
 20
-40.66357974102605
 42
-0.012212626997361
 10
10.64046877561054
 20
-40.9109162432388
 42
-0.0123641205062668
 10
10.67734797574167
 20
-40.66161285035239
 42
-0.0100771850221248
 10
10.73045402393049
 20
-40.38157679069004
 42
-0.014044722695942
 10
10.77962629077199
 20
-40.17136534994262
 10
11.21480085231928
 20
-38.49754138665791
 10
11.81371906244877
 20
-38.49754138665791
 10
12.24889362399605
 20
-40.17136534994262
 42
-0.0100731788663094
 10
12.29486969349285
 20
-40.38157679069004
 42
-0.0071115015324484
 10
12.34797574168168
 20
-40.66456318636288
 42
-0.0121035826898459
 10
12.38559252581543
 20
-40.9109162432388
 42
-0.0069418776564115
 10
12.42566792329125
 20
-40.66259629568923
 42
-0.0076472148358417
 10
12.48074086215373
 20
-40.37149647598752
 42
-0.0057858766833572
 10
12.53310932633993
 20
-40.12809375512211
 10
12.91321094902474
 20
-38.49754138665791
  0
LWPOLYLINE
  5
235
330
253
100
AcDbEntity
  8
layer 1
100
AcDbPolyline
 90
       16
 70
   129
 43
0.0
 10
16.56277659400097
 20
-41.48524831994754
 10
15.75782658580559
 20
-41.48524831994754
 10
14.45771185051629
 20
-39.22479921324372
 10
14.43951811178494
 20
-39.22479921324372
 42
-0.0004107091233178
 10
14.45992460252415
 20
-39.65186035076221
 42
-0.0018995806584524
 10
14.47836420258972
 20
-40.07892148828039
 10
14.47836420258973
 20
-41.48524831994754
 10
13.91239141124404
 20
-41.48524831994754
 10
13.91239141124404
 20
-38.49754138665791
 10
14.71144074741844
 20
-38.49754138665791
 10
16.00909686936566
 20
-40.73537125061464
 10
16.0233568267497
 20
-40.73537125061464
 42
0.0006426552097506
 10
16.00712997869201
 20
-40.32330765448265
 42
-0.0030039499190269
 10
15.99287002130797
 20
-39.91173578101964
 10
15.99287002130797
 20
-38.49754138665791
 10
16.56277659400097
 20
-38.49754138665791
  0
LWPOLYLINE
  5
22C
330
253
100
AcDbEntity
  8
layer 1
100
AcDbPolyline
 90
       15
 70
   129
 43
0.0
 10
9.828634650057353
 20
38.526061301426
 10
9.828634650057353
 20
36.59309949188658
 42
-0.1277318929809551
 10
9.692673332240602
 20
36.03597770857237
 42
-0.1501086634566813
 10
9.281839042779858
 20
35.64259957384036
 42
-0.1217621331472981
 10
8.589985248319934
 20
35.49754138665793
 42
-0.1990187915838782
 10
7.686690706441553
 20
35.79995082773316
 42
-0.2102421720020735
 10
7.375921980003264
 20
36.60096705458122
 10
7.375921980003264
 20
38.526061301426
 10
8.007293886248142
 20
38.526061301426
 10
8.007293886248142
 20
36.69734469759057
 42
0.1963466696815462
 10
8.158744468119966
 20
36.17808555974431
 42
0.2000424013937452
 10
8.606212096377629
 20
36.02909359121456
 42
0.2223836972135286
 10
9.056875921979989
 20
36.19136207179152
 42
0.1770375633662263
 10
9.19677102114406
 20
36.70127847893788
 10
9.19677102114406
 20
38.526061301426
  0
LWPOLYLINE
  5
22D
330
253
100
AcDbEntity
  8
layer 1
100
AcDbPolyline
 90
       10
 70
   129
 43
0.0
 10
11.51425995738402
 20
38.526061301426
 42
-0.18861184727443
 10
12.35830191771839
 20
38.27774135387642
 42
-0.2156391382457329
 10
12.62407801999671
 20
37.59424684477955
 42
-0.1133878799763716
 10
12.5156531716112
 20
37.10596623504344
 42
-0.1602398142372269
 10
12.15374528765775
 20
36.74012456974267
 42
-0.1240851604505929
 10
11.46508769054252
 20
36.60096705458122
 10
11.19316505490902
 20
36.60096705458122
 10
11.19316505490902
 20
35.53835436813637
 10
10.55982625799048
 20
35.53835436813637
 10
10.55982625799048
 20
38.526061301426
  0
LWPOLYLINE
  5
22E
330
253
100
AcDbEntity
  8
layer 1
100
AcDbPolyline
 90
        9
 70
   129
 43
0.0
 10
11.48131453860021
 20
38.00729388624816
 10
11.19316505490902
 20
38.00729388624816
 10
11.19316505490902
 20
37.12022619242747
 10
11.40165546631698
 20
37.12022619242747
 42
0.1505638867741556
 10
11.82699557449597
 20
37.22742173414195
 42
0.2615490400870483
 10
11.98434682838877
 20
37.57162760203246
 42
0.099660380026879
 10
11.94183693802612
 20
37.78278309825912
 42
0.1319048613052034
 10
11.84136985422898
 20
37.91233375077516
 42
0.0980650460217967
 10
11.70635129361536
 20
37.9781173888228
 42
0.0645559108187126
  0
LINE
  5
223
330
253
100
AcDbEntity
  8
0
100
AcDbLine
 10
-27.0
 20
38.15
 30
0.0
 11
-18.15
 21
47.0
 31
0.0
  0
LINE
  5
224
330
253
100
AcDbEntity
  8
0
100
AcDbLine
 10
-18.15
 20
47.0
 30
0.0
 11
18.15
 21
47.0
 31
0.0
  0
LINE
  5
225
330
253
100
AcDbEntity
  8
0
100
AcDbLine
 10
18.15
 20
47.0
 30
0.0
 11
27.0
 21
38.15
 31
0.0
  0
LINE
  5
226
330
253
100
AcDbEntity
  8
0
100
AcDbLine
 10
27.0
 20
38.15
 30
0.0
 11
27.0
 21
-38.15
 31
0.0
  0
LINE
  5
227
330
253
100
AcDbEntity
  8
0
100
AcDbLine
 10
27.0
 20
-38.15
 30
0.0
 11
18.15
 21
-47.0
 31
0.0
  0
LINE
  5
228
330
253
100
AcDbEntity
  8
0
100
AcDbLine
 10
18.15
 20
-47.0
 30
0.0
 11
-18.15
 21
-47.0
 31
0.0
  0
LINE
  5
229
330
253
100
AcDbEntity
  8
0
100
AcDbLine
 10
-18.15
 20
-47.0
 30
0.0
 11
-27.0
 21
-38.15
 31
0.0
  0
LINE
  5
22A
330
253
100
AcDbEntity
  8
0
100
AcDbLine
 10
-27.0
 20
-38.15
 30
0.0
 11
-26.99999999999999
 21
38.15000000000001
 31
0.0
  0
VIEWPORT
  5
302
330
24F
100
AcDbEntity
 67
     1
  8
0
100
AcDbViewport
 10
128.5
 20
97.5
 30
0.0
 40
314.226
 41
222.18
 68
     1
 69
     1
 12
128.5
 22
97.5
 13
0.0
 23
0.0
 14
10.0
 24
10.0
 15
10.0
 25
10.0
 16
0.0
 26
0.0
 36
1.0
 17
0.0
 27
0.0
 37
0.0
 42
50.0
 43
0.0
 44
0.0
 45
222.18
 50
0.0
 51
0.0
 72
   100
 90
   557152
  1

281
     0
 71
     1
 74
     0
110
0.0
120
0.0
130
0.0
111
1.0
121
0.0
131
0.0
112
0.0
122
1.0
132
0.0
 79
     0
146
0.0
170
     0
 61
     5
348
263
292
     1
282
     1
141
0.0
142
0.0
 63
   256
361
303
  0
ENDSEC
  0
SECTION
  2
OBJECTS
  0
DICTIONARY
  5
241
330
0
100
AcDbDictionary
281
     1
  3
ACAD_DETAILVIEWSTYLE
350
30B
  3
ACAD_GROUP
350
242
  3
ACAD_IMAGE_VARS
350
2CA
  3
ACAD_LAYOUT
350
24E
  3
ACAD_MATERIAL
350
277
  3
ACAD_MLEADERSTYLE
350
28F
  3
ACAD_MLINESTYLE
350
24B
  3
ACAD_PLOTSETTINGS
350
24D
  3
ACAD_PLOTSTYLENAME
350
243
  3
ACAD_SCALELIST
350
27B
  3
ACAD_SECTIONVIEWSTYLE
350
30C
  3
ACAD_TABLESTYLE
350
28D
  3
ACAD_VISUALSTYLE
350
25E
  3
ACDB_RECOMPOSE_DATA
350
308
  3
AcDbVariableDictionary
350
304
  3
QCAD_OBJECTS
350
293
  0
SUN
  5
291
330
25D
100
AcDbSun
 90
        1
290
     0
 63
     7
421
 16777215
 40
1.0
291
     1
 91
  2455826
 92
 54000000
292
     0
 70
     2
 71
   256
280
     1
  0
SUN
  5
303
330
302
100
AcDbSun
 90
        1
290
     0
 63
     7
421
 16777215
 40
1.0
291
     1
 91
  2455826
 92
 54000000
292
     0
 70
     2
 71
   256
280
     1
  0
DICTIONARY
  5
30B
102
{ACAD_REACTORS
330
241
102
}
330
241
100
AcDbDictionary
281
     1
  0
DICTIONARY
  5
242
102
{ACAD_REACTORS
330
241
102
}
330
241
100
AcDbDictionary
281
     1
  0
RASTERVARIABLES
  5
2CA
102
{ACAD_REACTORS
330
241
102
}
330
241
100
AcDbRasterVariables
 90
        0
 70
     1
 71
     1
 72
     1
  0
DICTIONARY
  5
24E
102
{ACAD_REACTORS
330
241
102
}
330
241
100
AcDbDictionary
281
     1
  3
Layout1
350
252
  3
Model
350
256
  0
DICTIONARY
  5
277
102
{ACAD_REACTORS
330
241
102
}
330
241
100
AcDbDictionary
281
     1
  3
ByBlock
350
279
  3
ByLayer
350
278
  3
Global
350
27A
  0
DICTIONARY
  5
28F
102
{ACAD_REACTORS
330
241
102
}
330
241
100
AcDbDictionary
281
     1
  3
Standard
350
290
  0
DICTIONARY
  5
24B
102
{ACAD_REACTORS
330
241
102
}
330
241
100
AcDbDictionary
281
     1
  3
Standard
350
24C
  0
DICTIONARY
  5
24D
102
{ACAD_REACTORS
330
241
102
}
330
241
100
AcDbDictionary
281
     1
  0
ACDBDICTIONARYWDFLT
  5
243
102
{ACAD_REACTORS
330
241
102
}
330
241
100
AcDbDictionary
281
     1
  3
Normal
350
244
100
AcDbDictionaryWithDefault
340
244
  0
DICTIONARY
  5
27B
102
{ACAD_REACTORS
330
241
102
}
330
241
100
AcDbDictionary
281
     1
  3
A0
350
27C
  3
A1
350
27D
  3
A2
350
27E
  3
A3
350
27F
  3
A4
350
280
  3
A5
350
281
  3
A6
350
282
  3
A7
350
283
  3
A8
350
284
  3
A9
350
285
  3
B1
350
286
  3
B2
350
287
  3
B3
350
288
  3
B4
350
289
  3
B5
350
28A
  3
B6
350
28B
  3
B7
350
28C
  0
DICTIONARY
  5
30C
102
{ACAD_REACTORS
330
241
102
}
330
241
100
AcDbDictionary
281
     1
  0
DICTIONARY
  5
28D
102
{ACAD_REACTORS
330
241
102
}
330
241
100
AcDbDictionary
281
     1
  3
Standard
350
28E
  0
DICTIONARY
  5
25E
102
{ACAD_REACTORS
330
241
102
}
330
241
100
AcDbDictionary
281
     1
  3
2dWireframe
350
263
  3
Basic
350
266
  3
Brighten
350
26A
  3
ColorChange
350
26E
  3
Conceptual
350
268
  3
Dim
350
269
  3
EdgeColorOff
350
271
  3
Facepattern
350
26D
  3
Flat
350
25F
  3
FlatWithEdges
350
260
  3
Gouraud
350
261
  3
GouraudWithEdges
350
262
  3
Hidden
350
265
  3
JitterOff
350
26F
  3
Linepattern
350
26C
  3
OverhangOff
350
270
  3
Realistic
350
267
  3
Shaded
350
276
  3
Shaded with edges
350
275
  3
Shades of Gray
350
272
  3
Sketchy
350
273
  3
Thicken
350
26B
  3
Wireframe
350
264
  3
X-Ray
350
274
  0
XRECORD
  5
308
102
{ACAD_REACTORS
330
241
102
}
330
241
100
AcDbXrecord
280
     1
 90
        1
330
28E
  0
DICTIONARY
  5
304
102
{ACAD_REACTORS
330
241
102
}
330
241
100
AcDbDictionary
281
     1
  3
CANNOSCALE
350
305
  3
CMLEADERSTYLE
350
30A
  3
CTABLESTYLE
350
309
  0
DICTIONARY
  5
293
102
{ACAD_REACTORS
330
241
102
}
330
241
100
AcDbDictionary
281
     1
  3
ColorSettings/BackgroundColor
350
295
  3
ColorSettings/ColorMode
350
296
  3
Grid/DisplayGrid00
350
297
  3
Grid/DisplayGrid01
350
298
  3
Grid/DisplayGrid02
350
299
  3
Grid/DisplayGrid03
350
29A
  3
Grid/GridSpacingX00
350
29B
  3
Grid/GridSpacingX01
350
29C
  3
Grid/GridSpacingX02
350
29D
  3
Grid/GridSpacingX03
350
29E
  3
Grid/GridSpacingY00
350
29F
  3
Grid/GridSpacingY01
350
2A0
  3
Grid/GridSpacingY02
350
2A1
  3
Grid/GridSpacingY03
350
2A2
  3
Grid/IsometricGrid00
350
2A3
  3
Grid/IsometricGrid01
350
2A4
  3
Grid/IsometricGrid02
350
2A5
  3
Grid/IsometricGrid03
350
2A6
  3
Grid/IsometricProjection00
350
2A7
  3
Grid/IsometricProjection01
350
2A8
  3
Grid/IsometricProjection02
350
2A9
  3
Grid/IsometricProjection03
350
2AA
  3
Grid/MetaGridSpacingX00
350
2AB
  3
Grid/MetaGridSpacingX01
350
2AC
  3
Grid/MetaGridSpacingX02
350
2AD
  3
Grid/MetaGridSpacingX03
350
2AE
  3
Grid/MetaGridSpacingY00
350
2AF
  3
Grid/MetaGridSpacingY01
350
2B0
  3
Grid/MetaGridSpacingY02
350
2B1
  3
Grid/MetaGridSpacingY03
350
2B2
  3
MultiPageSettings/Columns
350
2B3
  3
MultiPageSettings/GlueMarginsBottom
350
2B4
  3
MultiPageSettings/GlueMarginsLeft
350
2B5
  3
MultiPageSettings/GlueMarginsRight
350
2B6
  3
MultiPageSettings/GlueMarginsTop
350
2B7
  3
MultiPageSettings/PrintCropMarks
350
2B8
  3
MultiPageSettings/Rows
350
2B9
  3
PageSettings/OffsetX
350
2BA
  3
PageSettings/OffsetY
350
2BB
  3
PageSettings/PageOrientation
350
2BC
  3
PageSettings/PaperHeight
350
2BD
  3
PageSettings/PaperWidth
350
2BE
  3
PageSettings/Scale
350
2BF
  3
PageSettings/ShowPaperBorders
350
2C0
  3
PageTagSettings/EnablePageTags
350
2C1
  3
PageTagSettings/TagAlignment
350
2C2
  3
PageTagSettings/TagFont
350
2C3
  3
PageTagSettings/TagPosition
350
2C4
  3
QCADVersion
350
2C5
  3
UnitSettings/PaperUnit
350
2C6
  3
ViewportCenter
350
2C7
  3
ViewportHeight
350
2C8
  3
ViewportWidth
350
2C9
  0
LAYOUT
  5
252
102
{ACAD_REACTORS
330
24E
102
}
330
24E
100
AcDbPlotSettings
  1

  2
none_device
  4
ISO_A4_(210.00_x_297.00_MM)
  6

 40
7.5
 41
20.0
 42
7.5
 43
20.0
 44
210.0
 45
297.0
 46
0.0
 47
0.0
 48
0.0
 49
0.0
140
0.0
141
0.0
142
1.0
143
1.0
 70
   688
 72
     1
 73
     1
 74
     5
  7

 75
     0
 76
     0
 77
     2
 78
   300
147
1.0
148
0.0
149
0.0
100
AcDbLayout
  1
Layout1
 70
     1
 71
     0
 10
-20.0
 20
-7.5
 11
277.0
 21
202.5
 12
0.0
 22
0.0
 32
0.0
 14
0.0
 24
0.0
 34
0.0
 15
0.0
 25
0.0
 35
0.0
146
0.0
 13
0.0
 23
0.0
 33
0.0
 16
1.0
 26
0.0
 36
0.0
 17
0.0
 27
1.0
 37
0.0
 76
     0
330
24F
331
302
  0
LAYOUT
  5
256
102
{ACAD_REACTORS
330
24E
102
}
330
24E
100
AcDbPlotSettings
  1

  2
none_device
  4
Letter_(8.50_x_11.00_Inches)
  6

 40
6.35
 41
6.35
 42
6.35000508
 43
6.35000508
 44
215.9
 45
279.4
 46
0.0
 47
0.0
 48
0.0
 49
0.0
140
0.0
141
0.0
142
1.0
143
1.0
 70
  1712
 72
     0
 73
     0
 74
     0
  7

 75
     0
 76
     0
 77
     2
 78
   300
147
1.0
148
0.0
149
0.0
100
AcDbLayout
  1
Model
 70
     1
 71
     0
 10
0.0
 20
0.0
 11
12.0
 21
9.0
 12
0.0
 22
0.0
 32
0.0
 14
-27.0
 24
-47.0
 34
0.0
 15
27.0
 25
47.0
 35
0.0
146
0.0
 13
0.0
 23
0.0
 33
0.0
 16
1.0
 26
0.0
 36
0.0
 17
0.0
 27
1.0
 37
0.0
 76
     0
330
253
331
25D
  0
MATERIAL
  5
279
102
{ACAD_REACTORS
330
277
102
}
330
277
100
AcDbMaterial
  1
ByBlock
 72
     1
 94
      127
  0
MATERIAL
  5
278
102
{ACAD_REACTORS
330
277
102
}
330
277
100
AcDbMaterial
  1
ByLayer
 72
     1
 94
      127
  0
MATERIAL
  5
27A
102
{ACAD_REACTORS
330
277
102
}
330
277
100
AcDbMaterial
  1
Global
 72
     1
 94
      127
  0
MLEADERSTYLE
  5
290
102
{ACAD_REACTORS
330
28F
102
}
330
28F
100
AcDbMLeaderStyle
179
     2
170
     2
171
     1
172
     0
 90
        2
 40
0.0
 41
0.0
173
     1
 91
-1056964608
340
248
 92
       -2
290
     1
 42
0.09
291
     1
 43
0.36
  3
Standard
341
0
 44
0.18
300

342
246
174
     1
178
     6
175
     1
176
     0
 93
-1056964608
 45
0.18
292
     0
297
     0
 46
0.18
343
0
 94
-1056964608
 47
1.0
 49
1.0
140
1.0
293
     1
141
0.0
294
     1
177
     0
142
1.0
295
     0
296
     0
143
0.125
271
     0
272
     9
273
     9
298
     0
  0
MLINESTYLE
  5
24C
102
{ACAD_REACTORS
330
24B
102
}
330
24B
100
AcDbMlineStyle
  2
Standard
 70
     0
  3

 62
   256
 51
90.0
 52
90.0
 71
     2
 49
0.5
 62
   256
  6
BYLAYER
 49
-0.5
 62
   256
  6
BYLAYER
  0
ACDBPLACEHOLDER
  5
244
102
{ACAD_REACTORS
330
243
102
}
330
243
  0
SCALE
  5
27C
102
{ACAD_REACTORS
330
27B
102
}
330
27B
100
AcDbScale
 70
     0
300
1:1
140
1.0
141
1.0
290
     1
  0
SCALE
  5
27D
102
{ACAD_REACTORS
330
27B
102
}
330
27B
100
AcDbScale
 70
     0
300
1/128" = 1'-0"
140
0.0078125
141
12.0
290
     0
  0
SCALE
  5
27E
102
{ACAD_REACTORS
330
27B
102
}
330
27B
100
AcDbScale
 70
     0
300
1/64" = 1'-0"
140
0.015625
141
12.0
290
     0
  0
SCALE
  5
27F
102
{ACAD_REACTORS
330
27B
102
}
330
27B
100
AcDbScale
 70
     0
300
1/32" = 1'-0"
140
0.03125
141
12.0
290
     0
  0
SCALE
  5
280
102
{ACAD_REACTORS
330
27B
102
}
330
27B
100
AcDbScale
 70
     0
300
1/16" = 1'-0"
140
0.0625
141
12.0
290
     0
  0
SCALE
  5
281
102
{ACAD_REACTORS
330
27B
102
}
330
27B
100
AcDbScale
 70
     0
300
3/32" = 1'-0"
140
0.09375
141
12.0
290
     0
  0
SCALE
  5
282
102
{ACAD_REACTORS
330
27B
102
}
330
27B
100
AcDbScale
 70
     0
300
1/8" = 1'-0"
140
0.125
141
12.0
290
     0
  0
SCALE
  5
283
102
{ACAD_REACTORS
330
27B
102
}
330
27B
100
AcDbScale
 70
     0
300
3/16" = 1'-0"
140
0.1875
141
12.0
290
     0
  0
SCALE
  5
284
102
{ACAD_REACTORS
330
27B
102
}
330
27B
100
AcDbScale
 70
     0
300
1/4" = 1'-0"
140
0.25
141
12.0
290
     0
  0
SCALE
  5
285
102
{ACAD_REACTORS
330
27B
102
}
330
27B
100
AcDbScale
 70
     0
300
3/8" = 1'-0"
140
0.375
141
12.0
290
     0
  0
SCALE
  5
286
102
{ACAD_REACTORS
330
27B
102
}
330
27B
100
AcDbScale
 70
     0
300
1/2" = 1'-0"
140
0.5
141
12.0
290
     0
  0
SCALE
  5
287
102
{ACAD_REACTORS
330
27B
102
}
330
27B
100
AcDbScale
 70
     0
300
3/4" = 1'-0"
140
0.75
141
12.0
290
     0
  0
SCALE
  5
288
102
{ACAD_REACTORS
330
27B
102
}
330
27B
100
AcDbScale
 70
     0
300
1" = 1'-0"
140
1.0
141
12.0
290
     0
  0
SCALE
  5
289
102
{ACAD_REACTORS
330
27B
102
}
330
27B
100
AcDbScale
 70
     0
300
1-1/2" = 1'-0"
140
1.5
141
12.0
290
     0
  0
SCALE
  5
28A
102
{ACAD_REACTORS
330
27B
102
}
330
27B
100
AcDbScale
 70
     0
300
3" = 1'-0"
140
3.0
141
12.0
290
     0
  0
SCALE
  5
28B
102
{ACAD_REACTORS
330
27B
102
}
330
27B
100
AcDbScale
 70
     0
300
6" = 1'-0"
140
6.0
141
12.0
290
     0
  0
SCALE
  5
28C
102
{ACAD_REACTORS
330
27B
102
}
330
27B
100
AcDbScale
 70
     0
300
1'-0" = 1'-0"
140
12.0
141
12.0
290
     0
  0
TABLESTYLE
  5
28E
102
{ACAD_REACTORS
330
28D
102
}
102
{ACAD_XDICTIONARY
360
306
102
}
330
28D
100
AcDbTableStyle
  3
Standard
 70
     0
 71
     0
 40
0.06
 41
0.06
280
     0
281
     0
  7
Standard
140
0.18
170
     2
 62
     0
 63
   257
283
     0
 90
        4
 91
        0
  1

274
    -2
284
     1
 64
     0
275
    -2
285
     1
 65
     0
276
    -2
286
     1
 66
     0
277
    -2
287
     1
 67
     0
278
    -2
288
     1
 68
     0
279
    -2
289
     1
 69
     0
  7
Standard
140
0.25
170
     5
 62
     0
 63
   257
283
     0
 90
        4
 91
        0
  1

274
    -2
284
     1
 64
     0
275
    -2
285
     1
 65
     0
276
    -2
286
     1
 66
     0
277
    -2
287
     1
 67
     0
278
    -2
288
     1
 68
     0
279
    -2
289
     1
 69
     0
  7
Standard
140
0.18
170
     5
 62
     0
 63
   257
283
     0
 90
        4
 91
        0
  1

274
    -2
284
     1
 64
     0
275
    -2
285
     1
 65
     0
276
    -2
286
     1
 66
     0
277
    -2
287
     1
 67
     0
278
    -2
288
     1
 68
     0
279
    -2
289
     1
 69
     0
  0
VISUALSTYLE
  5
263
102
{ACAD_REACTORS
330
25E
102
}
330
25E
100
AcDbVisualStyle
  2
2dWireframe
 70
     4
177
     3
291
     0
 70
    58
 90
        0
176
     1
 90
        2
176
     1
 90
        0
176
     1
 90
        0
176
     1
 40
0.6
176
     1
 40
30.0
176
     1
 62
     7
420
 16777215
176
     1
 90
        1
176
     1
 90
        4
176
     1
 62
     7
176
     1
 62
   257
176
     1
 90
        1
176
     1
 90
        1
176
     1
 40
1.0
176
     1
 90
        0
176
     1
 62
   257
176
     1
 40
1.0
176
     1
 90
        1
176
     1
 90
        6
176
     1
 90
        2
176
     1
 62
     7
176
     1
 90
        5
176
     1
 90
        0
176
     1
 90
        0
176
     1
290
     0
176
     1
 90
        1
176
     1
 40
0.0
176
     1
 90
        0
176
     1
290
     1
176
     1
290
     1
176
     1
290
     0
176
     1
290
     0
176
     1
290
     0
176
     1
290
     0
176
     1
290
     0
176
     1
290
     0
176
     1
290
     0
176
     1
 90
       50
176
     1
 40
0.0
176
     1
 40
1.0
176
     1
 90
        0
176
     1
 62
    18
420
        0
176
     1
 90
       50
176
     1
 90
        3
176
     1
 62
     5
420
      255
176
     1
290
     0
176
     1
 90
       50
176
     1
 90
       50
176
     1
 90
       50
176
     1
290
     0
176
     1
 90
       50
176
     1
 62
   256
176
     0
 40
1.0
176
     0
 90
        2
176
     1
  1
strokes_ogs.tif
176
     1
290
     0
176
     1
 40
1.0
176
     1
 40
1.0
176
     1
  0
VISUALSTYLE
  5
266
102
{ACAD_REACTORS
330
25E
102
}
330
25E
100
AcDbVisualStyle
  2
Basic
 70
     7
177
     3
291
     1
 70
    58
 90
        1
176
     1
 90
        0
176
     1
 90
        1
176
     1
 90
        0
176
     1
 40
0.6
176
     1
 40
30.0
176
     1
 62
     7
420
 16777215
176
     1
 90
        0
176
     1
 90
        4
176
     1
 62
     7
176
     1
 62
   257
176
     1
 90
        1
176
     1
 90
        1
176
     1
 40
1.0
176
     1
 90
        8
176
     1
 62
     7
176
     1
 40
1.0
176
     1
 90
        1
176
     1
 90
        6
176
     1
 90
        2
176
     1
 62
     7
176
     1
 90
        5
176
     1
 90
        0
176
     1
 90
        0
176
     1
290
     0
176
     1
 90
        1
176
     1
 40
0.0
176
     1
 90
        0
176
     1
290
     0
176
     1
290
     1
176
     1
290
     1
176
     1
290
     0
176
     1
290
     0
176
     1
290
     0
176
     1
290
     0
176
     1
290
     0
176
     1
290
     0
176
     1
 90
       50
176
     1
 40
0.0
176
     1
 40
1.0
176
     1
 90
        0
176
     1
 62
    18
420
        0
176
     1
 90
       50
176
     1
 90
        3
176
     1
 62
     5
420
      255
176
     1
290
     0
176
     1
 90
       50
176
     1
 90
       50
176
     1
 90
       50
176
     1
290
     0
176
     1
 90
       50
176
     1
 62
   256
176
     0
 40
1.0
176
     0
 90
        2
176
     1
  1
strokes_ogs.tif
176
     1
290
     0
176
     1
 40
1.0
176
     1
 40
1.0
176
     1
  0
VISUALSTYLE
  5
26A
102
{ACAD_REACTORS
330
25E
102
}
330
25E
100
AcDbVisualStyle
  2
Brighten
 70
    12
177
     3
291
     1
 70
    58
 90
        2
176
     1
 90
        2
176
     1
 90
        0
176
     1
 90
        0
176
     1
 40
0.6
176
     1
 40
30.0
176
     1
 62
     7
420
 16777215
176
     1
 90
        1
176
     1
 90
        4
176
     1
 62
     7
176
     1
 62
   257
176
     1
 90
        1
176
     1
 90
        1
176
     1
 40
1.0
176
     1
 90
        8
176
     1
 62
     7
176
     1
 40
1.0
176
     1
 90
        1
176
     1
 90
        6
176
     1
 90
        2
176
     1
 62
     7
176
     1
 90
        5
176
     1
 90
        0
176
     1
 90
        0
176
     1
290
     0
176
     1
 90
        1
176
     1
 40
50.0
176
     1
 90
        0
176
     1
290
     0
176
     1
290
     1
176
     1
290
     1
176
     1
290
     0
176
     1
290
     0
176
     1
290
     0
176
     1
290
     0
176
     1
290
     0
176
     1
290
     0
176
     1
 90
       50
176
     1
 40
0.0
176
     1
 40
1.0
176
     1
 90
        0
176
     1
 62
    18
420
        0
176
     1
 90
       50
176
     1
 90
        3
176
     1
 62
     5
420
      255
176
     1
290
     0
176
     1
 90
       50
176
     1
 90
       50
176
     1
 90
       50
176
     1
290
     0
176
     1
 90
       50
176
     1
 62
   256
176
     0
 40
1.0
176
     0
 90
        2
176
     1
  1
strokes_ogs.tif
176
     1
290
     0
176
     1
 40
1.0
176
     1
 40
1.0
176
     1
  0
VISUALSTYLE
  5
26E
102
{ACAD_REACTORS
330
25E
102
}
330
25E
100
AcDbVisualStyle
  2
ColorChange
 70
    16
177
     3
291
     1
 70
    58
 90
        2
176
     1
 90
        2
176
     1
 90
        3
176
     1
 90
        0
176
     1
 40
0.6
176
     1
 40
30.0
176
     1
 62
     8
420
  8421504
176
     1
 90
        1
176
     1
 90
        4
176
     1
 62
     7
176
     1
 62
   257
176
     1
 90
        1
176
     1
 90
        1
176
     1
 40
1.0
176
     1
 90
        8
176
     1
 62
     8
420
  8421504
176
     1
 40
1.0
176
     1
 90
        1
176
     1
 90
        6
176
     1
 90
        2
176
     1
 62
     7
176
     1
 90
        5
176
     1
 90
        0
176
     1
 90
        0
176
     1
290
     0
176
     1
 90
        1
176
     1
 40
0.0
176
     1
 90
        0
176
     1
290
     0
176
     1
290
     1
176
     1
290
     1
176
     1
290
     0
176
     1
290
     0
176
     1
290
     0
176
     1
290
     0
176
     1
290
     0
176
     1
290
     0
176
     1
 90
       50
176
     1
 40
0.0
176
     1
 40
1.0
176
     1
 90
        0
176
     1
 62
    18
420
        0
176
     1
 90
       50
176
     1
 90
        3
176
     1
 62
     5
420
      255
176
     1
290
     0
176
     1
 90
       50
176
     1
 90
       50
176
     1
 90
       50
176
     1
290
     0
176
     1
 90
       50
176
     1
 62
   256
176
     0
 40
1.0
176
     0
 90
        2
176
     1
  1
strokes_ogs.tif
176
     1
290
     0
176
     1
 40
1.0
176
     1
 40
1.0
176
     1
  0
VISUALSTYLE
  5
268
102
{ACAD_REACTORS
330
25E
102
}
330
25E
100
AcDbVisualStyle
  2
Conceptual
 70
     9
177
     3
291
     0
 70
    58
 90
        3
176
     1
 90
        2
176
     1
 90
        0
176
     1
 90
        0
176
     1
 40
0.6
176
     1
 40
30.0
176
     1
 62
     7
420
 16777215
176
     1
 90
        2
176
     1
 90
        2
176
     1
 62
     7
176
     1
 62
   257
176
     1
 90
        1
176
     1
 90
        1
176
     1
 40
179.0
176
     1
 90
        8
176
     1
 62
     7
176
     1
 40
1.0
176
     1
 90
        1
176
     1
 90
        6
176
     1
 90
        2
176
     1
 62
     7
176
     1
 90
        3
176
     1
 90
        0
176
     1
 90
        0
176
     1
290
     0
176
     1
 90
        1
176
     1
 40
0.0
176
     1
 90
        0
176
     1
290
     0
176
     1
290
     1
176
     1
290
     1
176
     1
290
     0
176
     1
290
     0
176
     1
290
     0
176
     1
290
     0
176
     1
290
     0
176
     1
290
     0
176
     1
 90
       50
176
     1
 40
0.0
176
     1
 40
1.0
176
     1
 90
        0
176
     1
 62
    18
420
        0
176
     1
 90
       50
176
     1
 90
        3
176
     1
 62
     5
420
      255
176
     1
290
     0
176
     1
 90
       50
176
     1
 90
       50
176
     1
 90
       50
176
     1
290
     0
176
     1
 90
       50
176
     1
 62
   256
176
     0
 40
1.0
176
     0
 90
        2
176
     1
  1
strokes_ogs.tif
176
     1
290
     0
176
     1
 40
1.0
176
     1
 40
1.0
176
     1
  0
VISUALSTYLE
  5
269
102
{ACAD_REACTORS
330
25E
102
}
330
25E
100
AcDbVisualStyle
  2
Dim
 70
    11
177
     3
291
     1
 70
    58
 90
        2
176
     1
 90
        2
176
     1
 90
        0
176
     1
 90
        0
176
     1
 40
0.6
176
     1
 40
30.0
176
     1
 62
     7
420
 16777215
176
     1
 90
        1
176
     1
 90
        4
176
     1
 62
     7
176
     1
 62
   257
176
     1
 90
        1
176
     1
 90
        1
176
     1
 40
1.0
176
     1
 90
        8
176
     1
 62
     7
176
     1
 40
1.0
176
     1
 90
        1
176
     1
 90
        6
176
     1
 90
        2
176
     1
 62
     7
176
     1
 90
        5
176
     1
 90
        0
176
     1
 90
        0
176
     1
290
     0
176
     1
 90
        1
176
     1
 40
-50.0
176
     1
 90
        0
176
     1
290
     0
176
     1
290
     1
176
     1
290
     1
176
     1
290
     0
176
     1
290
     0
176
     1
290
     0
176
     1
290
     0
176
     1
290
     0
176
     1
290
     0
176
     1
 90
       50
176
     1
 40
0.0
176
     1
 40
1.0
176
     1
 90
        0
176
     1
 62
    18
420
        0
176
     1
 90
       50
176
     1
 90
        3
176
     1
 62
     5
420
      255
176
     1
290
     0
176
     1
 90
       50
176
     1
 90
       50
176
     1
 90
       50
176
     1
290
     0
176
     1
 90
       50
176
     1
 62
   256
176
     0
 40
1.0
176
     0
 90
        2
176
     1
  1
strokes_ogs.tif
176
     1
290
     0
176
     1
 40
1.0
176
     1
 40
1.0
176
     1
  0
VISUALSTYLE
  5
271
102
{ACAD_REACTORS
330
25E
102
}
330
25E
100
AcDbVisualStyle
  2
EdgeColorOff
 70
    22
177
     3
291
     1
 70
    58
 90
        2
176
     0
 90
        2
176
     0
 90
        0
176
     0
 90
        0
176
     0
 40
0.6
176
     0
 40
30.0
176
     0
 62
     7
420
 16777215
176
     0
 90
        1
176
     0
 90
        4
176
     0
 62
     7
176
     0
 62
   257
176
     0
 90
        1
176
     0
 90
        1
176
     0
 40
1.0
176
     0
 90
        8
176
     2
 62
     7
176
     0
 40
1.0
176
     0
 90
        1
176
     0
 90
        6
176
     0
 90
        2
176
     0
 62
     7
176
     0
 90
        5
176
     0
 90
        0
176
     0
 90
        0
176
     0
290
     0
176
     0
 90
        1
176
     0
 40
0.0
176
     0
 90
        0
176
     0
290
     0
176
     0
290
     1
176
     0
290
     1
176
     0
290
     0
176
     0
290
     0
176
     0
290
     0
176
     0
290
     0
176
     0
290
     0
176
     0
290
     0
176
     0
 90
       50
176
     0
 40
0.0
176
     0
 40
1.0
176
     0
 90
        0
176
     0
 62
    18
420
        0
176
     0
 90
       50
176
     0
 90
        3
176
     0
 62
     5
420
      255
176
     0
290
     0
176
     0
 90
       50
176
     0
 90
       50
176
     0
 90
       50
176
     0
290
     0
176
     0
 90
       50
176
     0
 62
   256
176
     0
 40
1.0
176
     0
 90
        2
176
     0
  1
strokes_ogs.tif
176
     0
290
     0
176
     0
 40
1.0
176
     0
 40
1.0
176
     0
  0
VISUALSTYLE
  5
26D
102
{ACAD_REACTORS
330
25E
102
}
330
25E
100
AcDbVisualStyle
  2
Facepattern
 70
    15
177
     3
291
     1
 70
    58
 90
        2
176
     1
 90
        2
176
     1
 90
        0
176
     1
 90
        0
176
     1
 40
0.6
176
     1
 40
30.0
176
     1
 62
     7
420
 16777215
176
     1
 90
        1
176
     1
 90
        4
176
     1
 62
     7
176
     1
 62
   257
176
     1
 90
        1
176
     1
 90
        1
176
     1
 40
1.0
176
     1
 90
        8
176
     1
 62
     7
176
     1
 40
1.0
176
     1
 90
        1
176
     1
 90
        6
176
     1
 90
        2
176
     1
 62
     7
176
     1
 90
        5
176
     1
 90
        0
176
     1
 90
        0
176
     1
290
     0
176
     1
 90
        1
176
     1
 40
0.0
176
     1
 90
        0
176
     1
290
     0
176
     1
290
     1
176
     1
290
     1
176
     1
290
     0
176
     1
290
     0
176
     1
290
     0
176
     1
290
     0
176
     1
290
     0
176
     1
290
     0
176
     1
 90
       50
176
     1
 40
0.0
176
     1
 40
1.0
176
     1
 90
        0
176
     1
 62
    18
420
        0
176
     1
 90
       50
176
     1
 90
        3
176
     1
 62
     5
420
      255
176
     1
290
     0
176
     1
 90
       50
176
     1
 90
       50
176
     1
 90
       50
176
     1
290
     0
176
     1
 90
       50
176
     1
 62
   256
176
     0
 40
1.0
176
     0
 90
        2
176
     1
  1
strokes_ogs.tif
176
     1
290
     0
176
     1
 40
1.0
176
     1
 40
1.0
176
     1
  0
VISUALSTYLE
  5
25F
102
{ACAD_REACTORS
330
25E
102
}
330
25E
100
AcDbVisualStyle
  2
Flat
 70
     0
177
     3
291
     1
 70
    58
 90
        2
176
     1
 90
        1
176
     1
 90
        1
176
     1
 90
        2
176
     1
 40
0.6
176
     1
 40
30.0
176
     1
 62
     7
420
 16777215
176
     1
 90
        0
176
     1
 90
        0
176
     1
 62
     7
176
     1
 62
   257
176
     1
 90
        1
176
     1
 90
        1
176
     1
 40
1.0
176
     1
 90
        8
176
     1
 62
     7
176
     1
 40
1.0
176
     1
 90
        1
176
     1
 90
        6
176
     1
 90
        2
176
     1
 62
     7
176
     1
 90
        5
176
     1
 90
        0
176
     1
 90
        0
176
     1
290
     0
176
     1
 90
       13
176
     1
 40
0.0
176
     1
 90
        0
176
     1
290
     0
176
     1
290
     1
176
     1
290
     1
176
     1
290
     0
176
     1
290
     0
176
     1
290
     0
176
     1
290
     0
176
     1
290
     0
176
     1
290
     0
176
     1
 90
       50
176
     1
 40
0.0
176
     1
 40
1.0
176
     1
 90
        0
176
     1
 62
    18
420
        0
176
     1
 90
       50
176
     1
 90
        3
176
     1
 62
     5
420
      255
176
     1
290
     0
176
     1
 90
       50
176
     1
 90
       50
176
     1
 90
       50
176
     1
290
     0
176
     1
 90
       50
176
     1
 62
   256
176
     0
 40
1.0
176
     0
 90
        2
176
     1
  1
strokes_ogs.tif
176
     1
290
     0
176
     1
 40
1.0
176
     1
 40
1.0
176
     1
  0
VISUALSTYLE
  5
260
102
{ACAD_REACTORS
330
25E
102
}
330
25E
100
AcDbVisualStyle
  2
FlatWithEdges
 70
     1
177
     3
291
     1
 70
    58
 90
        2
176
     1
 90
        1
176
     1
 90
        1
176
     1
 90
        2
176
     1
 40
0.6
176
     1
 40
30.0
176
     1
 62
     7
420
 16777215
176
     1
 90
        1
176
     1
 90
        0
176
     1
 62
     7
176
     1
 62
   257
176
     1
 90
        1
176
     1
 90
        1
176
     1
 40
1.0
176
     1
 90
        0
176
     1
 62
   257
176
     1
 40
1.0
176
     1
 90
        1
176
     1
 90
        6
176
     1
 90
        2
176
     1
 62
     7
176
     1
 90
        5
176
     1
 90
        0
176
     1
 90
        0
176
     1
290
     0
176
     1
 90
       13
176
     1
 40
0.0
176
     1
 90
        0
176
     1
290
     0
176
     1
290
     1
176
     1
290
     1
176
     1
290
     0
176
     1
290
     0
176
     1
290
     0
176
     1
290
     0
176
     1
290
     0
176
     1
290
     0
176
     1
 90
       50
176
     1
 40
0.0
176
     1
 40
1.0
176
     1
 90
        0
176
     1
 62
    18
420
        0
176
     1
 90
       50
176
     1
 90
        3
176
     1
 62
     5
420
      255
176
     1
290
     0
176
     1
 90
       50
176
     1
 90
       50
176
     1
 90
       50
176
     1
290
     0
176
     1
 90
       50
176
     1
 62
   256
176
     0
 40
1.0
176
     0
 90
        2
176
     1
  1
strokes_ogs.tif
176
     1
290
     0
176
     1
 40
1.0
176
     1
 40
1.0
176
     1
  0
VISUALSTYLE
  5
261
102
{ACAD_REACTORS
330
25E
102
}
330
25E
100
AcDbVisualStyle
  2
Gouraud
 70
     2
177
     3
291
     1
 70
    58
 90
        2
176
     1
 90
        2
176
     1
 90
        1
176
     1
 90
        2
176
     1
 40
0.6
176
     1
 40
30.0
176
     1
 62
     7
420
 16777215
176
     1
 90
        0
176
     1
 90
        0
176
     1
 62
     7
176
     1
 62
   257
176
     1
 90
        1
176
     1
 90
        1
176
     1
 40
1.0
176
     1
 90
        0
176
     1
 62
     7
176
     1
 40
1.0
176
     1
 90
        1
176
     1
 90
        6
176
     1
 90
        2
176
     1
 62
     7
176
     1
 90
        5
176
     1
 90
        0
176
     1
 90
        0
176
     1
290
     0
176
     1
 90
       13
176
     1
 40
0.0
176
     1
 90
        0
176
     1
290
     0
176
     1
290
     1
176
     1
290
     1
176
     1
290
     0
176
     1
290
     0
176
     1
290
     0
176
     1
290
     0
176
     1
290
     0
176
     1
290
     0
176
     1
 90
       50
176
     1
 40
0.0
176
     1
 40
1.0
176
     1
 90
        0
176
     1
 62
    18
420
        0
176
     1
 90
       50
176
     1
 90
        3
176
     1
 62
     5
420
      255
176
     1
290
     0
176
     1
 90
       50
176
     1
 90
       50
176
     1
 90
       50
176
     1
290
     0
176
     1
 90
       50
176
     1
 62
   256
176
     0
 40
1.0
176
     0
 90
        2
176
     1
  1
strokes_ogs.tif
176
     1
290
     0
176
     1
 40
1.0
176
     1
 40
1.0
176
     1
  0
VISUALSTYLE
  5
262
102
{ACAD_REACTORS
330
25E
102
}
330
25E
100
AcDbVisualStyle
  2
GouraudWithEdges
 70
     3
177
     3
291
     1
 70
    58
 90
        2
176
     1
 90
        2
176
     1
 90
        1
176
     1
 90
        2
176
     1
 40
0.6
176
     1
 40
30.0
176
     1
 62
     7
420
 16777215
176
     1
 90
        1
176
     1
 90
        0
176
     1
 62
     7
176
     1
 62
   257
176
     1
 90
        1
176
     1
 90
        1
176
     1
 40
1.0
176
     1
 90
        0
176
     1
 62
   257
176
     1
 40
1.0
176
     1
 90
        1
176
     1
 90
        6
176
     1
 90
        2
176
     1
 62
     7
176
     1
 90
        5
176
     1
 90
        0
176
     1
 90
        0
176
     1
290
     0
176
     1
 90
       13
176
     1
 40
0.0
176
     1
 90
        0
176
     1
290
     0
176
     1
290
     1
176
     1
290
     1
176
     1
290
     0
176
     1
290
     0
176
     1
290
     0
176
     1
290
     0
176
     1
290
     0
176
     1
290
     0
176
     1
 90
       50
176
     1
 40
0.0
176
     1
 40
1.0
176
     1
 90
        0
176
     1
 62
    18
420
        0
176
     1
 90
       50
176
     1
 90
        3
176
     1
 62
     5
420
      255
176
     1
290
     0
176
     1
 90
       50
176
     1
 90
       50
176
     1
 90
       50
176
     1
290
     0
176
     1
 90
       50
176
     1
 62
   256
176
     0
 40
1.0
176
     0
 90
        2
176
     1
  1
strokes_ogs.tif
176
     1
290
     0
176
     1
 40
1.0
176
     1
 40
1.0
176
     1
  0
VISUALSTYLE
  5
265
102
{ACAD_REACTORS
330
25E
102
}
330
25E
100
AcDbVisualStyle
  2
Hidden
 70
     6
177
     3
291
     0
 70
    58
 90
        1
176
     1
 90
        2
176
     1
 90
        2
176
     1
 90
        0
176
     1
 40
0.6
176
     1
 40
30.0
176
     1
 62
     7
420
 16777215
176
     1
 90
        2
176
     1
 90
        2
176
     1
 62
     7
176
     1
 62
   257
176
     1
 90
        2
176
     1
 90
        1
176
     1
 40
40.0
176
     1
 90
        0
176
     1
 62
   257
176
     1
 40
1.0
176
     1
 90
        1
176
     1
 90
        6
176
     1
 90
        2
176
     1
 62
     7
176
     1
 90
        3
176
     1
 90
        0
176
     1
 90
        0
176
     1
290
     0
176
     1
 90
        1
176
     1
 40
0.0
176
     1
 90
        0
176
     1
290
     0
176
     1
290
     1
176
     1
290
     1
176
     1
290
     0
176
     1
290
     0
176
     1
290
     0
176
     1
290
     0
176
     1
290
     0
176
     1
290
     0
176
     1
 90
       50
176
     1
 40
0.0
176
     1
 40
1.0
176
     1
 90
        0
176
     1
 62
    18
420
        0
176
     1
 90
       50
176
     1
 90
        3
176
     1
 62
     5
420
      255
176
     1
290
     0
176
     1
 90
       50
176
     1
 90
       50
176
     1
 90
       50
176
     1
290
     0
176
     1
 90
       50
176
     1
 62
   256
176
     0
 40
1.0
176
     0
 90
        2
176
     1
  1
strokes_ogs.tif
176
     1
290
     0
176
     1
 40
1.0
176
     1
 40
1.0
176
     1
  0
VISUALSTYLE
  5
26F
102
{ACAD_REACTORS
330
25E
102
}
330
25E
100
AcDbVisualStyle
  2
JitterOff
 70
    20
177
     3
291
     1
 70
    58
 90
        2
176
     0
 90
        2
176
     0
 90
        0
176
     0
 90
        0
176
     0
 40
0.6
176
     0
 40
30.0
176
     0
 62
     7
420
 16777215
176
     0
 90
        1
176
     0
 90
        4
176
     0
 62
     7
176
     0
 62
   257
176
     0
 90
        1
176
     0
 90
        1
176
     0
 40
1.0
176
     0
 90
       10
176
     2
 62
     7
176
     0
 40
1.0
176
     0
 90
        1
176
     0
 90
        6
176
     0
 90
        2
176
     0
 62
     7
176
     0
 90
        5
176
     0
 90
        0
176
     0
 90
        0
176
     0
290
     0
176
     0
 90
        1
176
     0
 40
0.0
176
     0
 90
        0
176
     0
290
     0
176
     0
290
     1
176
     0
290
     1
176
     0
290
     0
176
     0
290
     0
176
     0
290
     0
176
     0
290
     0
176
     0
290
     0
176
     0
290
     0
176
     0
 90
       50
176
     0
 40
0.0
176
     0
 40
1.0
176
     0
 90
        0
176
     0
 62
    18
420
        0
176
     0
 90
       50
176
     0
 90
        3
176
     0
 62
     5
420
      255
176
     0
290
     0
176
     0
 90
       50
176
     0
 90
       50
176
     0
 90
       50
176
     0
290
     0
176
     0
 90
       50
176
     0
 62
   256
176
     0
 40
1.0
176
     0
 90
        2
176
     0
  1
strokes_ogs.tif
176
     0
290
     0
176
     0
 40
1.0
176
     0
 40
1.0
176
     0
  0
VISUALSTYLE
  5
26C
102
{ACAD_REACTORS
330
25E
102
}
330
25E
100
AcDbVisualStyle
  2
Linepattern
 70
    14
177
     3
291
     1
 70
    58
 90
        2
176
     1
 90
        2
176
     1
 90
        0
176
     1
 90
        0
176
     1
 40
0.6
176
     1
 40
30.0
176
     1
 62
     7
420
 16777215
176
     1
 90
        1
176
     1
 90
        4
176
     1
 62
     7
176
     1
 62
   257
176
     1
 90
        7
176
     1
 90
        7
176
     1
 40
1.0
176
     1
 90
        8
176
     1
 62
     7
176
     1
 40
1.0
176
     1
 90
        1
176
     1
 90
        6
176
     1
 90
        2
176
     1
 62
     7
176
     1
 90
        5
176
     1
 90
        0
176
     1
 90
        0
176
     1
290
     0
176
     1
 90
        1
176
     1
 40
0.0
176
     1
 90
        0
176
     1
290
     0
176
     1
290
     1
176
     1
290
     1
176
     1
290
     0
176
     1
290
     0
176
     1
290
     0
176
     1
290
     0
176
     1
290
     0
176
     1
290
     0
176
     1
 90
       50
176
     1
 40
0.0
176
     1
 40
1.0
176
     1
 90
        0
176
     1
 62
    18
420
        0
176
     1
 90
       50
176
     1
 90
        3
176
     1
 62
     5
420
      255
176
     1
290
     0
176
     1
 90
       50
176
     1
 90
       50
176
     1
 90
       50
176
     1
290
     0
176
     1
 90
       50
176
     1
 62
   256
176
     0
 40
1.0
176
     0
 90
        2
176
     1
  1
strokes_ogs.tif
176
     1
290
     0
176
     1
 40
1.0
176
     1
 40
1.0
176
     1
  0
VISUALSTYLE
  5
270
102
{ACAD_REACTORS
330
25E
102
}
330
25E
100
AcDbVisualStyle
  2
OverhangOff
 70
    21
177
     3
291
     1
 70
    58
 90
        2
176
     0
 90
        2
176
     0
 90
        0
176
     0
 90
        0
176
     0
 40
0.6
176
     0
 40
30.0
176
     0
 62
     7
420
 16777215
176
     0
 90
        1
176
     0
 90
        4
176
     0
 62
     7
176
     0
 62
   257
176
     0
 90
        1
176
     0
 90
        1
176
     0
 40
1.0
176
     0
 90
        9
176
     2
 62
     7
176
     0
 40
1.0
176
     0
 90
        1
176
     0
 90
        6
176
     0
 90
        2
176
     0
 62
     7
176
     0
 90
        5
176
     0
 90
        0
176
     0
 90
        0
176
     0
290
     0
176
     0
 90
        1
176
     0
 40
0.0
176
     0
 90
        0
176
     0
290
     0
176
     0
290
     1
176
     0
290
     1
176
     0
290
     0
176
     0
290
     0
176
     0
290
     0
176
     0
290
     0
176
     0
290
     0
176
     0
290
     0
176
     0
 90
       50
176
     0
 40
0.0
176
     0
 40
1.0
176
     0
 90
        0
176
     0
 62
    18
420
        0
176
     0
 90
       50
176
     0
 90
        3
176
     0
 62
     5
420
      255
176
     0
290
     0
176
     0
 90
       50
176
     0
 90
       50
176
     0
 90
       50
176
     0
290
     0
176
     0
 90
       50
176
     0
 62
   256
176
     0
 40
1.0
176
     0
 90
        2
176
     0
  1
strokes_ogs.tif
176
     0
290
     0
176
     0
 40
1.0
176
     0
 40
1.0
176
     0
  0
VISUALSTYLE
  5
267
102
{ACAD_REACTORS
330
25E
102
}
330
25E
100
AcDbVisualStyle
  2
Realistic
 70
     8
177
     3
291
     0
 70
    58
 90
        2
176
     1
 90
        3
176
     1
 90
        0
176
     1
 90
        2
176
     1
 40
0.6
176
     1
 40
30.0
176
     1
 62
     7
420
 16777215
176
     1
 90
        0
176
     1
 90
        0
176
     1
 62
     7
176
     1
 62
   257
176
     1
 90
        1
176
     1
 90
        1
176
     1
 40
1.0
176
     1
 90
        8
176
     1
 62
   257
176
     1
 40
1.0
176
     1
 90
        1
176
     1
 90
        6
176
     1
 90
        2
176
     1
 62
     7
176
     1
 90
        3
176
     1
 90
        0
176
     1
 90
        0
176
     1
290
     0
176
     1
 90
       13
176
     1
 40
0.0
176
     1
 90
        0
176
     1
290
     0
176
     1
290
     1
176
     1
290
     1
176
     1
290
     0
176
     1
290
     0
176
     1
290
     0
176
     1
290
     0
176
     1
290
     0
176
     1
290
     0
176
     1
 90
       50
176
     1
 40
0.0
176
     1
 40
1.0
176
     1
 90
        0
176
     1
 62
    18
420
        0
176
     1
 90
       50
176
     1
 90
        3
176
     1
 62
     5
420
      255
176
     1
290
     0
176
     1
 90
       50
176
     1
 90
       50
176
     1
 90
       50
176
     1
290
     0
176
     1
 90
       50
176
     1
 62
   256
176
     0
 40
1.0
176
     0
 90
        2
176
     1
  1
strokes_ogs.tif
176
     1
290
     0
176
     1
 40
1.0
176
     1
 40
1.0
176
     1
  0
VISUALSTYLE
  5
276
102
{ACAD_REACTORS
330
25E
102
}
330
25E
100
AcDbVisualStyle
  2
Shaded
 70
    27
177
     3
291
     0
 70
    58
 90
        2
176
     1
 90
        2
176
     1
 90
        1
176
     1
 90
        2
176
     1
 40
0.6
176
     1
 40
30.0
176
     1
 62
     7
420
 16777215
176
     1
 90
        0
176
     1
 90
        4
176
     1
 62
     7
176
     1
 62
   257
176
     1
 90
        1
176
     1
 90
        1
176
     1
 40
1.0
176
     1
 90
        8
176
     1
 62
   257
176
     1
 40
1.0
176
     1
 90
        1
176
     1
 90
        6
176
     1
 90
        2
176
     1
 62
     8
420
  7895160
176
     1
 90
        3
176
     1
 90
        0
176
     1
 90
        0
176
     1
290
     0
176
     1
 90
        5
176
     1
 40
0.0
176
     1
 90
        0
176
     1
290
     0
176
     1
290
     1
176
     1
290
     1
176
     1
290
     0
176
     1
290
     0
176
     1
290
     0
176
     1
290
     0
176
     1
290
     0
176
     1
290
     0
176
     1
 90
       50
176
     1
 40
0.0
176
     1
 40
1.0
176
     1
 90
        0
176
     1
 62
    18
420
        0
176
     1
 90
       50
176
     1
 90
        3
176
     1
 62
     5
420
      255
176
     1
290
     0
176
     1
 90
       50
176
     1
 90
       50
176
     1
 90
       50
176
     1
290
     0
176
     1
 90
       50
176
     1
 62
   256
176
     0
 40
1.0
176
     0
 90
        2
176
     1
  1
strokes_ogs.tif
176
     1
290
     0
176
     1
 40
1.0
176
     1
 40
1.0
176
     1
  0
VISUALSTYLE
  5
275
102
{ACAD_REACTORS
330
25E
102
}
330
25E
100
AcDbVisualStyle
  2
Shaded with edges
 70
    26
177
     3
291
     0
 70
    58
 90
        2
176
     1
 90
        2
176
     1
 90
        1
176
     1
 90
        2
176
     1
 40
0.6
176
     1
 40
30.0
176
     1
 62
     7
420
 16777215
176
     1
 90
        1
176
     1
 90
       10
176
     1
 62
     7
176
     1
 62
   257
176
     1
 90
        2
176
     1
 90
        1
176
     1
 40
1.0
176
     1
 90
        8
176
     1
 62
   257
176
     1
 40
1.0
176
     1
 90
        1
176
     1
 90
        6
176
     1
 90
        2
176
     1
 62
     7
176
     1
 90
        3
176
     1
 90
        0
176
     1
 90
        0
176
     1
290
     0
176
     1
 90
        5
176
     1
 40
0.0
176
     1
 90
        0
176
     1
290
     0
176
     1
290
     1
176
     1
290
     1
176
     1
290
     0
176
     1
290
     0
176
     1
290
     0
176
     1
290
     0
176
     1
290
     0
176
     1
290
     0
176
     1
 90
       50
176
     1
 40
0.0
176
     1
 40
1.0
176
     1
 90
        0
176
     1
 62
    18
420
        0
176
     1
 90
       50
176
     1
 90
        3
176
     1
 62
     5
420
      255
176
     1
290
     0
176
     1
 90
       50
176
     1
 90
       50
176
     1
 90
       50
176
     1
290
     0
176
     1
 90
       50
176
     1
 62
   256
176
     0
 40
1.0
176
     0
 90
        2
176
     1
  1
strokes_ogs.tif
176
     1
290
     0
176
     1
 40
1.0
176
     1
 40
1.0
176
     1
  0
VISUALSTYLE
  5
272
102
{ACAD_REACTORS
330
25E
102
}
330
25E
100
AcDbVisualStyle
  2
Shades of Gray
 70
    23
177
     3
291
     0
 70
    58
 90
        2
176
     1
 90
        2
176
     1
 90
        3
176
     1
 90
        0
176
     1
 40
0.6
176
     1
 40
30.0
176
     1
 62
     7
420
 16777215
176
     1
 90
        2
176
     1
 90
        2
176
     1
 62
     7
176
     1
 62
     7
176
     1
 90
        1
176
     1
 90
        1
176
     1
 40
40.0
176
     1
 90
        8
176
     1
 62
     7
176
     1
 40
1.0
176
     1
 90
        1
176
     1
 90
        6
176
     1
 90
        2
176
     1
 62
     7
176
     1
 90
        3
176
     1
 90
        0
176
     1
 90
        0
176
     1
290
     0
176
     1
 90
        1
176
     1
 40
0.0
176
     1
 90
        0
176
     1
290
     0
176
     1
290
     1
176
     1
290
     1
176
     1
290
     0
176
     1
290
     0
176
     1
290
     0
176
     1
290
     0
176
     1
290
     0
176
     1
290
     0
176
     1
 90
       50
176
     1
 40
0.0
176
     1
 40
1.0
176
     1
 90
        0
176
     1
 62
    18
420
        0
176
     1
 90
       50
176
     1
 90
        3
176
     1
 62
     5
420
      255
176
     1
290
     0
176
     1
 90
       50
176
     1
 90
       50
176
     1
 90
       50
176
     1
290
     0
176
     1
 90
       50
176
     1
 62
   256
176
     0
 40
1.0
176
     0
 90
        2
176
     1
  1
strokes_ogs.tif
176
     1
290
     0
176
     1
 40
1.0
176
     1
 40
1.0
176
     1
  0
VISUALSTYLE
  5
273
102
{ACAD_REACTORS
330
25E
102
}
330
25E
100
AcDbVisualStyle
  2
Sketchy
 70
    24
177
     3
291
     0
 70
    58
 90
        1
176
     1
 90
        2
176
     1
 90
        2
176
     1
 90
        0
176
     1
 40
0.6
176
     1
 40
30.0
176
     1
 62
     7
420
 16777215
176
     1
 90
        2
176
     1
 90
        2
176
     1
 62
     7
176
     1
 62
     7
176
     1
 90
        1
176
     1
 90
        1
176
     1
 40
40.0
176
     1
 90
       11
176
     1
 62
     7
176
     1
 40
1.0
176
     1
 90
        1
176
     1
 90
        6
176
     1
 90
        2
176
     1
 62
     7
176
     1
 90
        6
176
     1
 90
        0
176
     1
 90
        0
176
     1
290
     0
176
     1
 90
        1
176
     1
 40
0.0
176
     1
 90
        0
176
     1
290
     0
176
     1
290
     1
176
     1
290
     1
176
     1
290
     0
176
     1
290
     0
176
     1
290
     0
176
     1
290
     0
176
     1
290
     0
176
     1
290
     0
176
     1
 90
       50
176
     1
 40
0.0
176
     1
 40
1.0
176
     1
 90
        0
176
     1
 62
    18
420
        0
176
     1
 90
       50
176
     1
 90
        3
176
     1
 62
     5
420
      255
176
     1
290
     0
176
     1
 90
       50
176
     1
 90
       50
176
     1
 90
       50
176
     1
290
     0
176
     1
 90
       50
176
     1
 62
   256
176
     0
 40
1.0
176
     0
 90
        2
176
     1
  1
strokes_ogs.tif
176
     1
290
     0
176
     1
 40
1.0
176
     1
 40
1.0
176
     1
  0
VISUALSTYLE
  5
26B
102
{ACAD_REACTORS
330
25E
102
}
330
25E
100
AcDbVisualStyle
  2
Thicken
 70
    13
177
     3
291
     1
 70
    58
 90
        2
176
     1
 90
        2
176
     1
 90
        0
176
     1
 90
        0
176
     1
 40
0.6
176
     1
 40
30.0
176
     1
 62
     7
420
 16777215
176
     1
 90
        1
176
     1
 90
        4
176
     1
 62
     7
176
     1
 62
   257
176
     1
 90
        1
176
     1
 90
        1
176
     1
 40
1.0
176
     1
 90
       12
176
     1
 62
     7
176
     1
 40
1.0
176
     1
 90
        1
176
     1
 90
        6
176
     1
 90
        2
176
     1
 62
     7
176
     1
 90
        5
176
     1
 90
        0
176
     1
 90
        0
176
     1
290
     0
176
     1
 90
        1
176
     1
 40
0.0
176
     1
 90
        0
176
     1
290
     0
176
     1
290
     1
176
     1
290
     1
176
     1
290
     0
176
     1
290
     0
176
     1
290
     0
176
     1
290
     0
176
     1
290
     0
176
     1
290
     0
176
     1
 90
       50
176
     1
 40
0.0
176
     1
 40
1.0
176
     1
 90
        0
176
     1
 62
    18
420
        0
176
     1
 90
       50
176
     1
 90
        3
176
     1
 62
     5
420
      255
176
     1
290
     0
176
     1
 90
       50
176
     1
 90
       50
176
     1
 90
       50
176
     1
290
     0
176
     1
 90
       50
176
     1
 62
   256
176
     0
 40
1.0
176
     0
 90
        2
176
     1
  1
strokes_ogs.tif
176
     1
290
     0
176
     1
 40
1.0
176
     1
 40
1.0
176
     1
  0
VISUALSTYLE
  5
264
102
{ACAD_REACTORS
330
25E
102
}
330
25E
100
AcDbVisualStyle
  2
Wireframe
 70
     5
177
     3
291
     0
 70
    58
 90
        0
176
     1
 90
        2
176
     1
 90
        0
176
     1
 90
        0
176
     1
 40
0.6
176
     1
 40
30.0
176
     1
 62
     7
420
 16777215
176
     1
 90
        1
176
     1
 90
        4
176
     1
 62
     7
176
     1
 62
   257
176
     1
 90
        1
176
     1
 90
        1
176
     1
 40
1.0
176
     1
 90
        0
176
     1
 62
   257
176
     1
 40
1.0
176
     1
 90
        1
176
     1
 90
        6
176
     1
 90
        2
176
     1
 62
     7
176
     1
 90
        3
176
     1
 90
        0
176
     1
 90
        0
176
     1
290
     0
176
     1
 90
        1
176
     1
 40
0.0
176
     1
 90
        0
176
     1
290
     0
176
     1
290
     1
176
     1
290
     1
176
     1
290
     0
176
     1
290
     0
176
     1
290
     0
176
     1
290
     0
176
     1
290
     0
176
     1
290
     0
176
     1
 90
       50
176
     1
 40
0.0
176
     1
 40
1.0
176
     1
 90
        0
176
     1
 62
    18
420
        0
176
     1
 90
       50
176
     1
 90
        3
176
     1
 62
     5
420
      255
176
     1
290
     0
176
     1
 90
       50
176
     1
 90
       50
176
     1
 90
       50
176
     1
290
     0
176
     1
 90
       50
176
     1
 62
   256
176
     0
 40
1.0
176
     0
 90
        2
176
     1
  1
strokes_ogs.tif
176
     1
290
     0
176
     1
 40
1.0
176
     1
 40
1.0
176
     1
  0
VISUALSTYLE
  5
274
102
{ACAD_REACTORS
330
25E
102
}
330
25E
100
AcDbVisualStyle
  2
X-Ray
 70
    25
177
     3
291
     0
 70
    58
 90
        2
176
     1
 90
        2
176
     1
 90
        1
176
     1
 90
        1
176
     1
 40
0.5
176
     1
 40
30.0
176
     1
 62
     7
420
 16777215
176
     1
 90
        1
176
     1
 90
        0
176
     1
 62
     7
176
     1
 62
   257
176
     1
 90
        1
176
     1
 90
        1
176
     1
 40
1.0
176
     1
 90
        8
176
     1
 62
     7
176
     1
 40
1.0
176
     1
 90
        1
176
     1
 90
        6
176
     1
 90
        2
176
     1
 62
     7
176
     1
 90
        3
176
     1
 90
        0
176
     1
 90
        0
176
     1
290
     0
176
     1
 90
       13
176
     1
 40
0.0
176
     1
 90
        0
176
     1
290
     0
176
     1
290
     1
176
     1
290
     1
176
     1
290
     0
176
     1
290
     0
176
     1
290
     0
176
     1
290
     0
176
     1
290
     0
176
     1
290
     0
176
     1
 90
       50
176
     1
 40
0.0
176
     1
 40
1.0
176
     1
 90
        0
176
     1
 62
    18
420
        0
176
     1
 90
       50
176
     1
 90
        3
176
     1
 62
     5
420
      255
176
     1
290
     0
176
     1
 90
       50
176
     1
 90
       50
176
     1
 90
       50
176
     1
290
     0
176
     1
 90
       50
176
     1
 62
   256
176
     0
 40
1.0
176
     0
 90
        2
176
     1
  1
strokes_ogs.tif
176
     1
290
     0
176
     1
 40
1.0
176
     1
 40
1.0
176
     1
  0
DICTIONARYVAR
  5
305
102
{ACAD_REACTORS
330
304
102
}
330
304
100
DictionaryVariables
280
     0
  1
1:1
  0
DICTIONARYVAR
  5
30A
102
{ACAD_REACTORS
330
304
102
}
330
304
100
DictionaryVariables
280
     0
  1
Standard
  0
DICTIONARYVAR
  5
309
102
{ACAD_REACTORS
330
304
102
}
330
304
100
DictionaryVariables
280
     0
  1
Standard
  0
XRECORD
  5
295
102
{ACAD_REACTORS
330
293
102
}
330
293
100
AcDbXrecord
280
     1
1000
#ffffff
  0
XRECORD
  5
296
102
{ACAD_REACTORS
330
293
102
}
330
293
100
AcDbXrecord
280
     1
1000
FullColor
  0
XRECORD
  5
297
102
{ACAD_REACTORS
330
293
102
}
330
293
100
AcDbXrecord
280
     1
290
     1
  0
XRECORD
  5
298
102
{ACAD_REACTORS
330
293
102
}
330
293
100
AcDbXrecord
280
     1
290
     1
  0
XRECORD
  5
299
102
{ACAD_REACTORS
330
293
102
}
330
293
100
AcDbXrecord
280
     1
290
     1
  0
XRECORD
  5
29A
102
{ACAD_REACTORS
330
293
102
}
330
293
100
AcDbXrecord
280
     1
290
     1
  0
XRECORD
  5
29B
102
{ACAD_REACTORS
330
293
102
}
330
293
100
AcDbXrecord
280
     1
1000
auto
  0
XRECORD
  5
29C
102
{ACAD_REACTORS
330
293
102
}
330
293
100
AcDbXrecord
280
     1
1000
auto
  0
XRECORD
  5
29D
102
{ACAD_REACTORS
330
293
102
}
330
293
100
AcDbXrecord
280
     1
1000
auto
  0
XRECORD
  5
29E
102
{ACAD_REACTORS
330
293
102
}
330
293
100
AcDbXrecord
280
     1
1000
auto
  0
XRECORD
  5
29F
102
{ACAD_REACTORS
330
293
102
}
330
293
100
AcDbXrecord
280
     1
1000
auto
  0
XRECORD
  5
2A0
102
{ACAD_REACTORS
330
293
102
}
330
293
100
AcDbXrecord
280
     1
1000
auto
  0
XRECORD
  5
2A1
102
{ACAD_REACTORS
330
293
102
}
330
293
100
AcDbXrecord
280
     1
1000
auto
  0
XRECORD
  5
2A2
102
{ACAD_REACTORS
330
293
102
}
330
293
100
AcDbXrecord
280
     1
1000
auto
  0
XRECORD
  5
2A3
102
{ACAD_REACTORS
330
293
102
}
330
293
100
AcDbXrecord
280
     1
290
     0
  0
XRECORD
  5
2A4
102
{ACAD_REACTORS
330
293
102
}
330
293
100
AcDbXrecord
280
     1
290
     0
  0
XRECORD
  5
2A5
102
{ACAD_REACTORS
330
293
102
}
330
293
100
AcDbXrecord
280
     1
290
     0
  0
XRECORD
  5
2A6
102
{ACAD_REACTORS
330
293
102
}
330
293
100
AcDbXrecord
280
     1
290
     0
  0
XRECORD
  5
2A7
102
{ACAD_REACTORS
330
293
102
}
330
293
100
AcDbXrecord
280
     1
 90
    65537
  0
XRECORD
  5
2A8
102
{ACAD_REACTORS
330
293
102
}
330
293
100
AcDbXrecord
280
     1
 90
    65537
  0
XRECORD
  5
2A9
102
{ACAD_REACTORS
330
293
102
}
330
293
100
AcDbXrecord
280
     1
 90
    65537
  0
XRECORD
  5
2AA
102
{ACAD_REACTORS
330
293
102
}
330
293
100
AcDbXrecord
280
     1
 90
    65537
  0
XRECORD
  5
2AB
102
{ACAD_REACTORS
330
293
102
}
330
293
100
AcDbXrecord
280
     1
1000
auto
  0
XRECORD
  5
2AC
102
{ACAD_REACTORS
330
293
102
}
330
293
100
AcDbXrecord
280
     1
1000
auto
  0
XRECORD
  5
2AD
102
{ACAD_REACTORS
330
293
102
}
330
293
100
AcDbXrecord
280
     1
1000
auto
  0
XRECORD
  5
2AE
102
{ACAD_REACTORS
330
293
102
}
330
293
100
AcDbXrecord
280
     1
1000
auto
  0
XRECORD
  5
2AF
102
{ACAD_REACTORS
330
293
102
}
330
293
100
AcDbXrecord
280
     1
1000
auto
  0
XRECORD
  5
2B0
102
{ACAD_REACTORS
330
293
102
}
330
293
100
AcDbXrecord
280
     1
1000
auto
  0
XRECORD
  5
2B1
102
{ACAD_REACTORS
330
293
102
}
330
293
100
AcDbXrecord
280
     1
1000
auto
  0
XRECORD
  5
2B2
102
{ACAD_REACTORS
330
293
102
}
330
293
100
AcDbXrecord
280
     1
1000
auto
  0
XRECORD
  5
2B3
102
{ACAD_REACTORS
330
293
102
}
330
293
100
AcDbXrecord
280
     1
 90
        1
  0
XRECORD
  5
2B4
102
{ACAD_REACTORS
330
293
102
}
330
293
100
AcDbXrecord
280
     1
 40
10.0
  0
XRECORD
  5
2B5
102
{ACAD_REACTORS
330
293
102
}
330
293
100
AcDbXrecord
280
     1
 40
10.0
  0
XRECORD
  5
2B6
102
{ACAD_REACTORS
330
293
102
}
330
293
100
AcDbXrecord
280
     1
 40
10.0
  0
XRECORD
  5
2B7
102
{ACAD_REACTORS
330
293
102
}
330
293
100
AcDbXrecord
280
     1
 40
10.0
  0
XRECORD
  5
2B8
102
{ACAD_REACTORS
330
293
102
}
330
293
100
AcDbXrecord
280
     1
290
     0
  0
XRECORD
  5
2B9
102
{ACAD_REACTORS
330
293
102
}
330
293
100
AcDbXrecord
280
     1
 90
        1
  0
XRECORD
  5
2BA
102
{ACAD_REACTORS
330
293
102
}
330
293
100
AcDbXrecord
280
     1
 40
0.0
  0
XRECORD
  5
2BB
102
{ACAD_REACTORS
330
293
102
}
330
293
100
AcDbXrecord
280
     1
 40
0.0
  0
XRECORD
  5
2BC
102
{ACAD_REACTORS
330
293
102
}
330
293
100
AcDbXrecord
280
     1
1000
Portrait
  0
XRECORD
  5
2BD
102
{ACAD_REACTORS
330
293
102
}
330
293
100
AcDbXrecord
280
     1
 40
297.0
  0
XRECORD
  5
2BE
102
{ACAD_REACTORS
330
293
102
}
330
293
100
AcDbXrecord
280
     1
 40
210.0
  0
XRECORD
  5
2BF
102
{ACAD_REACTORS
330
293
102
}
330
293
100
AcDbXrecord
280
     1
1000
1:1
  0
XRECORD
  5
2C0
102
{ACAD_REACTORS
330
293
102
}
330
293
100
AcDbXrecord
280
     1
290
     1
  0
XRECORD
  5
2C1
102
{ACAD_REACTORS
330
293
102
}
330
293
100
AcDbXrecord
280
     1
290
     0
  0
XRECORD
  5
2C2
102
{ACAD_REACTORS
330
293
102
}
330
293
100
AcDbXrecord
280
     1
1000
Inside
  0
XRECORD
  5
2C3
102
{ACAD_REACTORS
330
293
102
}
330
293
100
AcDbXrecord
280
     1
1000
Arial,10,-1,5,400,0,0,0,0,0,0,0,0,0,0,1,,0,0
  0
XRECORD
  5
2C4
102
{ACAD_REACTORS
330
293
102
}
330
293
100
AcDbXrecord
280
     1
1000
TopLeft
  0
XRECORD
  5
2C5
102
{ACAD_REACTORS
330
293
102
}
330
293
100
AcDbXrecord
280
     1
1000
3.32.9
  0
XRECORD
  5
2C6
102
{ACAD_REACTORS
330
293
102
}
330
293
100
AcDbXrecord
280
     1
 90
        4
  0
XRECORD
  5
2C7
102
{ACAD_REACTORS
330
293
102
}
330
293
100
AcDbXrecord
280
     1
  0
XRECORD
  5
2C8
102
{ACAD_REACTORS
330
293
102
}
330
293
100
AcDbXrecord
280
     1
 40
169.8465921787709
  0
XRECORD
  5
2C9
102
{ACAD_REACTORS
330
293
102
}
330
293
100
AcDbXrecord
280
     1
 40
331.7108379888268
  0
DICTIONARY
  5
306
330
28E
100
AcDbDictionary
280
     1
281
     1
  3
ACAD_ROUNDTRIP_2008_TABLESTYLE_CELLSTYLEMAP
360
307
  0
CELLSTYLEMAP
  5
307
102
{ACAD_REACTORS
330
306
102
}
330
306
100
AcDbCellStyleMap
 90
        3
300
CELLSTYLE
  1
TABLEFORMAT_BEGIN
 90
        5
170
     1
 91
        0
 92
    32768
 62
   257
 93
        1
300
CONTENTFORMAT
  1
CONTENTFORMAT_BEGIN
 90
        0
 91
        0
 92
        4
 93
        0
300

 40
0.0
140
1.0
 94
        5
 62
     0
340
246
144
0.25
309
CONTENTFORMAT_END
171
     1
301
MARGIN
  1
CELLMARGIN_BEGIN
 40
0.06
 40
0.06
 40
0.06
 40
0.06
 40
0.06
 40
0.06
309
CELLMARGIN_END
 94
        6
 95
        1
302
GRIDFORMAT
  1
GRIDFORMAT_BEGIN
 90
        0
 91
        1
 62
     0
 92
       -2
340
248
 93
        0
 40
0.045
309
GRIDFORMAT_END
 95
        2
302
GRIDFORMAT
  1
GRIDFORMAT_BEGIN
 90
        0
 91
        1
 62
     0
 92
       -2
340
248
 93
        0
 40
0.045
309
GRIDFORMAT_END
 95
        4
302
GRIDFORMAT
  1
GRIDFORMAT_BEGIN
 90
        0
 91
        1
 62
     0
 92
       -2
340
248
 93
        0
 40
0.045
309
GRIDFORMAT_END
 95
        8
302
GRIDFORMAT
  1
GRIDFORMAT_BEGIN
 90
        0
 91
        1
 62
     0
 92
       -2
340
248
 93
        0
 40
0.045
309
GRIDFORMAT_END
 95
       16
302
GRIDFORMAT
  1
GRIDFORMAT_BEGIN
 90
        0
 91
        1
 62
     0
 92
       -2
340
248
 93
        0
 40
0.045
309
GRIDFORMAT_END
 95
       32
302
GRIDFORMAT
  1
GRIDFORMAT_BEGIN
 90
        0
 91
        1
 62
     0
 92
       -2
340
248
 93
        0
 40
0.045
309
GRIDFORMAT_END
309
TABLEFORMAT_END
  1
CELLSTYLE_BEGIN
 90
        1
 91
        1
300
_TITLE
309
CELLSTYLE_END
300
CELLSTYLE
  1
TABLEFORMAT_BEGIN
 90
        5
170
     1
 91
        0
 92
        0
 62
   257
 93
        1
300
CONTENTFORMAT
  1
CONTENTFORMAT_BEGIN
 90
        0
 91
        0
 92
        4
 93
        0
300

 40
0.0
140
1.0
 94
        5
 62
     0
340
246
144
0.18
309
CONTENTFORMAT_END
171
     1
301
MARGIN
  1
CELLMARGIN_BEGIN
 40
0.06
 40
0.06
 40
0.06
 40
0.06
 40
0.06
 40
0.06
309
CELLMARGIN_END
 94
        6
 95
        1
302
GRIDFORMAT
  1
GRIDFORMAT_BEGIN
 90
        0
 91
        1
 62
     0
 92
       -2
340
248
 93
        0
 40
0.045
309
GRIDFORMAT_END
 95
        2
302
GRIDFORMAT
  1
GRIDFORMAT_BEGIN
 90
        0
 91
        1
 62
     0
 92
       -2
340
248
 93
        0
 40
0.045
309
GRIDFORMAT_END
 95
        4
302
GRIDFORMAT
  1
GRIDFORMAT_BEGIN
 90
        0
 91
        1
 62
     0
 92
       -2
340
248
 93
        0
 40
0.045
309
GRIDFORMAT_END
 95
        8
302
GRIDFORMAT
  1
GRIDFORMAT_BEGIN
 90
        0
 91
        1
 62
     0
 92
       -2
340
248
 93
        0
 40
0.045
309
GRIDFORMAT_END
 95
       16
302
GRIDFORMAT
  1
GRIDFORMAT_BEGIN
 90
        0
 91
        1
 62
     0
 92
       -2
340
248
 93
        0
 40
0.045
309
GRIDFORMAT_END
 95
       32
302
GRIDFORMAT
  1
GRIDFORMAT_BEGIN
 90
        0
 91
        1
 62
     0
 92
       -2
340
248
 93
        0
 40
0.045
309
GRIDFORMAT_END
309
TABLEFORMAT_END
  1
CELLSTYLE_BEGIN
 90
        2
 91
        1
300
_HEADER
309
CELLSTYLE_END
300
CELLSTYLE
  1
TABLEFORMAT_BEGIN
 90
        5
170
     1
 91
        0
 92
        0
 62
   257
 93
        1
300
CONTENTFORMAT
  1
CONTENTFORMAT_BEGIN
 90
        0
 91
        0
 92
        4
 93
        0
300

 40
0.0
140
1.0
 94
        2
 62
     0
340
246
144
0.18
309
CONTENTFORMAT_END
171
     1
301
MARGIN
  1
CELLMARGIN_BEGIN
 40
0.06
 40
0.06
 40
0.06
 40
0.06
 40
0.06
 40
0.06
309
CELLMARGIN_END
 94
        6
 95
        1
302
GRIDFORMAT
  1
GRIDFORMAT_BEGIN
 90
        0
 91
        1
 62
     0
 92
       -2
340
248
 93
        0
 40
0.045
309
GRIDFORMAT_END
 95
        2
302
GRIDFORMAT
  1
GRIDFORMAT_BEGIN
 90
        0
 91
        1
 62
     0
 92
       -2
340
248
 93
        0
 40
0.045
309
GRIDFORMAT_END
 95
        4
302
GRIDFORMAT
  1
GRIDFORMAT_BEGIN
 90
        0
 91
        1
 62
     0
 92
       -2
340
248
 93
        0
 40
0.045
309
GRIDFORMAT_END
 95
        8
302
GRIDFORMAT
  1
GRIDFORMAT_BEGIN
 90
        0
 91
        1
 62
     0
 92
       -2
340
248
 93
        0
 40
0.045
309
GRIDFORMAT_END
 95
       16
302
GRIDFORMAT
  1
GRIDFORMAT_BEGIN
 90
        0
 91
        1
 62
     0
 92
       -2
340
248
 93
        0
 40
0.045
309
GRIDFORMAT_END
 95
       32
302
GRIDFORMAT
  1
GRIDFORMAT_BEGIN
 90
        0
 91
        1
 62
     0
 92
       -2
340
248
 93
        0
 40
0.045
309
GRIDFORMAT_END
309
TABLEFORMAT_END
  1
CELLSTYLE_BEGIN
 90
        3
 91
        2
300
_DATA
309
CELLSTYLE_END
  0
ENDSEC
  0
EOF
