  0
SECTION
  2
HEADER
  9
$ACADVER
  1
AC1027
  9
$ACADMAINTVER
 70
   105
  9
$DWGCODEPAGE
  3
ANSI_1252
  9
$LASTSAVEDBY
  1
samuel
  9
$REQUIREDVERSIONS
160
                 0
  9
$INSBASE
 10
0.0
 20
0.0
 30
0.0
  9
$EXTMIN
 10
-1500.0
 20
-830.0
 30
0.0
  9
$EXTMAX
 10
1500.0
 20
2170.0
 30
1.0
  9
$LIMMIN
 10
0.0
 20
0.0
  9
$LIMMAX
 10
12.0
 20
9.0
  9
$ORTHOMODE
 70
     0
  9
$REGENMODE
 70
     1
  9
$FILLMODE
 70
     1
  9
$QTEXTMODE
 70
     0
  9
$MIRRTEXT
 70
     0
  9
$LTSCALE
 40
1.0
  9
$ATTMODE
 70
     1
  9
$TEXTSIZE
 40
2.5
  9
$TRACEWID
 40
0.05
  9
$TEXTSTYLE
  7
Standard
  9
$CLAYER
  8
Screens
  9
$CELTYPE
  6
ByLayer
  9
$CECOLOR
 62
   256
  9
$CELTSCALE
 40
1.0
  9
$DISPSILH
 70
     0
  9
$DIMSCALE
 40
1.0
  9
$DIMASZ
 40
2.5
  9
$DIMEXO
 40
0.625
  9
$DIMDLI
 40
5.0
  9
$DIMRND
 40
0.0
  9
$DIMDLE
 40
0.0
  9
$DIMEXE
 40
1.25
  9
$DIMTP
 40
0.0
  9
$DIMTM
 40
0.0
  9
$DIMTXT
 40
2.5
  9
$DIMCEN
 40
0.09
  9
$DIMTSZ
 40
0.0
  9
$DIMTOL
 70
     0
  9
$DIMLIM
 70
     0
  9
$DIMTIH
 70
     0
  9
$DIMTOH
 70
     1
  9
$DIMSE1
 70
     0
  9
$DIMSE2
 70
     0
  9
$DIMTAD
 70
     1
  9
$DIMZIN
 70
     8
  9
$DIMBLK
  1

  9
$DIMASO
 70
     1
  9
$DIMSHO
 70
     1
  9
$DIMPOST
  1

  9
$DIMAPOST
  1

  9
$DIMALT
 70
     0
  9
$DIMALTD
 70
     2
  9
$DIMALTF
 40
25.4
  9
$DIMLFAC
 40
1.0
  9
$DIMTOFL
 70
     0
  9
$DIMTVP
 40
0.0
  9
$DIMTIX
 70
     0
  9
$DIMSOXD
 70
     0
  9
$DIMSAH
 70
     0
  9
$DIMBLK1
  1

  9
$DIMBLK2
  1

  9
$DIMSTYLE
  2
Standard
  9
$DIMCLRD
 70
     0
  9
$DIMCLRE
 70
     0
  9
$DIMCLRT
 70
     0
  9
$DIMTFAC
 40
1.0
  9
$DIMGAP
 40
0.625
  9
$DIMJUST
 70
     0
  9
$DIMSD1
 70
     0
  9
$DIMSD2
 70
     0
  9
$DIMTOLJ
 70
     1
  9
$DIMTZIN
 70
     0
  9
$DIMALTZ
 70
     0
  9
$DIMALTTZ
 70
     0
  9
$DIMUPT
 70
     0
  9
$DIMDEC
 70
     4
  9
$DIMTDEC
 70
     4
  9
$DIMALTU
 70
     2
  9
$DIMALTTD
 70
     2
  9
$DIMTXSTY
  7
Standard
  9
$DIMAUNIT
 70
     0
  9
$DIMADEC
 70
     0
  9
$DIMALTRND
 40
0.0
  9
$DIMAZIN
 70
     2
  9
$DIMDSEP
 70
    46
  9
$DIMATFIT
 70
     0
  9
$DIMFRAC
 70
     0
  9
$DIMLDRBLK
  1

  9
$DIMLUNIT
 70
     2
  9
$DIMLWD
 70
    -2
  9
$DIMLWE
 70
    -2
  9
$DIMTMOVE
 70
     0
  9
$DIMFXL
 40
1.0
  9
$DIMFXLON
 70
     0
  9
$DIMJOGANG
 40
0.7853981633974483
  9
$DIMTFILL
 70
     0
  9
$DIMTFILLCLR
 70
     0
  9
$DIMARCSYM
 70
     0
  9
$DIMLTYPE
  6

  9
$DIMLTEX1
  6

  9
$DIMLTEX2
  6

  9
$DIMTXTDIRECTION
 70
     0
  9
$LUNITS
 70
     2
  9
$LUPREC
 70
     4
  9
$SKETCHINC
 40
0.1
  9
$FILLETRAD
 40
0.0
  9
$AUNITS
 70
     0
  9
$AUPREC
 70
     0
  9
$MENU
  1
.
  9
$ELEVATION
 40
0.0
  9
$PELEVATION
 40
0.0
  9
$THICKNESS
 40
0.0
  9
$LIMCHECK
 70
     0
  9
$CHAMFERA
 40
0.0
  9
$CHAMFERB
 40
0.0
  9
$CHAMFERC
 40
0.0
  9
$CHAMFERD
 40
0.0
  9
$SKPOLY
 70
     0
  9
$TDCREATE
 40
2461278.758947315
  9
$TDUCREATE
 40
2461278.717280648
  9
$TDUPDATE
 40
2461278.758948681
  9
$TDUUPDATE
 40
2461278.717282014
  9
$TDINDWG
 40
0.0000000116
  9
$TDUSRTIMER
 40
0.0000000116
  9
$USRTIMER
 70
     1
  9
$ANGBASE
 50
0.0
  9
$ANGDIR
 70
     0
  9
$PDMODE
 70
     0
  9
$PDSIZE
 40
0.0
  9
$PLINEWID
 40
0.0
  9
$SPLFRAME
 70
     0
  9
$SPLINETYPE
 70
     6
  9
$SPLINESEGS
 70
     8
  9
$HANDSEED
  5
2B0
  9
$SURFTAB1
 70
     6
  9
$SURFTAB2
 70
     6
  9
$SURFTYPE
 70
     6
  9
$SURFU
 70
     6
  9
$SURFV
 70
     6
  9
$UCSBASE
  2

  9
$UCSNAME
  2

  9
$UCSORG
 10
0.0
 20
0.0
 30
0.0
  9
$UCSXDIR
 10
1.0
 20
0.0
 30
0.0
  9
$UCSYDIR
 10
0.0
 20
1.0
 30
0.0
  9
$UCSORTHOREF
  2

  9
$UCSORTHOVIEW
 70
     0
  9
$UCSORGTOP
 10
0.0
 20
0.0
 30
0.0
  9
$UCSORGBOTTOM
 10
0.0
 20
0.0
 30
0.0
  9
$UCSORGLEFT
 10
0.0
 20
0.0
 30
0.0
  9
$UCSORGRIGHT
 10
0.0
 20
0.0
 30
0.0
  9
$UCSORGFRONT
 10
0.0
 20
0.0
 30
0.0
  9
$UCSORGBACK
 10
0.0
 20
0.0
 30
0.0
  9
$PUCSBASE
  2

  9
$PUCSNAME
  2

  9
$PUCSORG
 10
0.0
 20
0.0
 30
0.0
  9
$PUCSXDIR
 10
1.0
 20
0.0
 30
0.0
  9
$PUCSYDIR
 10
0.0
 20
1.0
 30
0.0
  9
$PUCSORTHOREF
  2

  9
$PUCSORTHOVIEW
 70
     0
  9
$PUCSORGTOP
 10
0.0
 20
0.0
 30
0.0
  9
$PUCSORGBOTTOM
 10
0.0
 20
0.0
 30
0.0
  9
$PUCSORGLEFT
 10
0.0
 20
0.0
 30
0.0
  9
$PUCSORGRIGHT
 10
0.0
 20
0.0
 30
0.0
  9
$PUCSORGFRONT
 10
0.0
 20
0.0
 30
0.0
  9
$PUCSORGBACK
 10
0.0
 20
0.0
 30
0.0
  9
$USERI1
 70
     0
  9
$USERI2
 70
     0
  9
$USERI3
 70
     0
  9
$USERI4
 70
     0
  9
$USERI5
 70
     0
  9
$USERR1
 40
0.0
  9
$USERR2
 40
0.0
  9
$USERR3
 40
0.0
  9
$USERR4
 40
0.0
  9
$USERR5
 40
0.0
  9
$WORLDVIEW
 70
     1
  9
$SHADEDGE
 70
     3
  9
$SHADEDIF
 70
    70
  9
$TILEMODE
 70
     1
  9
$MAXACTVP
 70
    64
  9
$PINSBASE
 10
0.0
 20
0.0
 30
0.0
  9
$PLIMCHECK
 70
     0
  9
$PEXTMIN
 10
0.0
 20
0.0
 30
0.0
  9
$PEXTMAX
 10
0.0
 20
0.0
 30
0.0
  9
$PLIMMIN
 10
-20.0
 20
-7.5
  9
$PLIMMAX
 10
277.0
 20
202.5
  9
$UNITMODE
 70
     0
  9
$VISRETAIN
 70
     1
  9
$PLINEGEN
 70
     0
  9
$PSLTSCALE
 70
     1
  9
$TREEDEPTH
 70
  3020
  9
$CMLSTYLE
  2
Standard
  9
$CMLJUST
 70
     0
  9
$CMLSCALE
 40
1.0
  9
$PROXYGRAPHICS
 70
     1
  9
$MEASUREMENT
 70
     1
  9
$CELWEIGHT
370
    -1
  9
$ENDCAPS
280
     0
  9
$JOINSTYLE
280
     0
  9
$LWDISPLAY
290
     0
  9
$INSUNITS
 70
     4
  9
$HYPERLINKBASE
  1

  9
$STYLESHEET
  1

  9
$XEDIT
290
     1
  9
$CEPSNTYPE
380
     0
  9
$PSTYLEMODE
290
     1
  9
$FINGERPRINTGUID
  2
{34b37536-7473-7265-7572-f26235737534}
  9
$VERSIONGUID
  2
{FAEB1C32-E019-11D5-929B-00C0DF256EC4}
  9
$EXTNAMES
290
     1
  9
$PSVPSCALE
 40
0.0
  9
$OLESTARTUP
290
     0
  9
$SORTENTS
280
   127
  9
$INDEXCTL
280
     0
  9
$HIDETEXT
280
     1
  9
$XCLIPFRAME
280
     2
  9
$HALOGAP
280
     0
  9
$OBSCOLOR
 70
   257
  9
$OBSLTYPE
280
     0
  9
$INTERSECTIONDISPLAY
280
     0
  9
$INTERSECTIONCOLOR
 70
   257
  9
$DIMASSOC
280
     2
  9
$PROJECTNAME
  1

  9
$CAMERADISPLAY
290
     0
  9
$LENSLENGTH
 40
50.0
  9
$CAMERAHEIGHT
 40
0.0
  9
$STEPSPERSEC
 40
2.0
  9
$STEPSIZE
 40
6.0
  9
$3DDWFPREC
 40
2.0
  9
$PSOLWIDTH
 40
0.25
  9
$PSOLHEIGHT
 40
4.0
  9
$LOFTANG1
 40
1.570796326794897
  9
$LOFTANG2
 40
1.570796326794897
  9
$LOFTMAG1
 40
0.0
  9
$LOFTMAG2
 40
0.0
  9
$LOFTPARAM
 70
     7
  9
$LOFTNORMALS
280
     1
  9
$LATITUDE
 40
37.795
  9
$LONGITUDE
 40
-122.394
  9
$NORTHDIRECTION
 40
0.0
  9
$TIMEZONE
 70
 -8000
  9
$LIGHTGLYPHDISPLAY
280
     1
  9
$TILEMODELIGHTSYNCH
280
     1
  9
$CMATERIAL
347
20B
  9
$SOLIDHIST
280
     0
  9
$SHOWHIST
280
     1
  9
$DWFFRAME
280
     2
  9
$DGNFRAME
280
     2
  9
$REALWORLDSCALE
290
     1
  9
$INTERFERECOLOR
 62
   256
  9
$CSHADOW
280
     0
  9
$SHADOWPLANELOCATION
 40
0.0
  0
ENDSEC
  0
SECTION
  2
CLASSES
  0
CLASS
  1
ACDBDICTIONARYWDFLT
  2
AcDbDictionaryWithDefault
  3
ObjectDBX Classes
 90
        0
 91
        3
280
     0
281
     0
  0
CLASS
  1
VISUALSTYLE
  2
AcDbVisualStyle
  3
ObjectDBX Classes
 90
     4095
 91
        3
280
     0
281
     0
  0
CLASS
  1
MATERIAL
  2
AcDbMaterial
  3
ObjectDBX Classes
 90
     1153
 91
        3
280
     0
281
     0
  0
CLASS
  1
SCALE
  2
AcDbScale
  3
ObjectDBX Classes
 90
     1153
 91
        3
280
     0
281
     0
  0
CLASS
  1
TABLESTYLE
  2
AcDbTableStyle
  3
ObjectDBX Classes
 90
     4095
 91
        3
280
     0
281
     0
  0
CLASS
  1
MLEADERSTYLE
  2
AcDbMLeaderStyle
  3
ACDB_MLEADERSTYLE_CLASS
 90
     4095
 91
        3
280
     0
281
     0
  0
CLASS
  1
SUN
  2
AcDbSun
  3
SCENEOE
 90
     1153
 91
        3
280
     0
281
     0
  0
CLASS
  1
RASTERVARIABLES
  2
AcDbRasterVariables
  3
ISM
 90
        0
 91
        3
280
     0
281
     0
  0
CLASS
  1
DICTIONARYVAR
  2
AcDbDictionaryVar
  3
ObjectDBX Classes
 90
        0
 91
        3
280
     0
281
     0
  0
CLASS
  1
CELLSTYLEMAP
  2
AcDbCellStyleMap
  3
ObjectDBX Classes
 90
     1152
 91
        3
280
     0
281
     0
  0
ENDSEC
  0
SECTION
  2
TABLES
  0
TABLE
  2
VPORT
  5
1D0
330
0
100
AcDbSymbolTable
 70
     1
  0
VPORT
  5
1F0
330
1D0
100
AcDbSymbolTableRecord
100
AcDbViewportTableRecord
  2
*Active
 70
     0
 10
0.0
 20
0.0
 11
1.0
 21
1.0
 12
186.2311262811837
 22
334.5021424476345
 13
0.0
 23
0.0
 14
0.5
 24
0.5
 15
0.5
 25
0.5
 16
0.0
 26
0.0
 36
1.0
 17
0.0
 27
0.0
 37
0.0
 40
631.1737231985232
 41
2.038147138964578
 42
50.0
 43
0.0
 44
0.0
 50
0.0
 51
0.0
 71
     0
 72
   100
 73
     1
 74
     3
 75
     0
 76
     0
 77
     0
 78
     0
281
     0
 65
     1
110
0.0
120
0.0
130
0.0
111
1.0
121
0.0
131
0.0
112
0.0
122
1.0
132
0.0
 79
     0
146
0.0
348
1F6
 60
     3
 61
     5
292
     1
282
     1
141
0.0
142
0.0
 63
   250
361
224
  0
ENDTAB
  0
TABLE
  2
LTYPE
  5
1CD
330
0
100
AcDbSymbolTable
 70
    51
  0
LTYPE
  5
1DB
330
1CD
100
AcDbSymbolTableRecord
100
AcDbLinetypeTableRecord
  2
ByBlock
 70
     0
  3

 72
    65
 73
     0
 40
0.0
  0
LTYPE
  5
1DC
330
1CD
100
AcDbSymbolTableRecord
100
AcDbLinetypeTableRecord
  2
ByLayer
 70
     0
  3

 72
    65
 73
     0
 40
0.0
  0
LTYPE
  5
1DD
330
1CD
100
AcDbSymbolTableRecord
100
AcDbLinetypeTableRecord
  2
Continuous
 70
     0
  3
Solid line
 72
    65
 73
     0
 40
0.0
  0
LTYPE
  5
260
330
1CD
100
AcDbSymbolTableRecord
100
AcDbLinetypeTableRecord
  2
BORDER
 70
     0
  3
Border __ __ . __ __ . __ __ . __ __ . __ __ .
 72
    65
 73
     6
 40
44.45
 49
12.7
 74
     0
 49
-6.35
 74
     0
 49
12.7
 74
     0
 49
-6.3
 74
     0
 49
0.1
 74
     0
 49
-6.3
 74
     0
  0
LTYPE
  5
261
330
1CD
100
AcDbSymbolTableRecord
100
AcDbLinetypeTableRecord
  2
DIVIDE2
 70
     0
  3
Divide (.5x) __..__..__..__..__..__..__..__.._
 72
    65
 73
     6
 40
15.875
 49
6.35
 74
     0
 49
-3.125
 74
     0
 49
0.1
 74
     0
 49
-3.075
 74
     0
 49
0.1
 74
     0
 49
-3.125
 74
     0
  0
LTYPE
  5
262
330
1CD
100
AcDbSymbolTableRecord
100
AcDbLinetypeTableRecord
  2
BORDER2
 70
     0
  3
Border (.5x) __.__.__.__.__.__.__.__.__.__.__.
 72
    65
 73
     6
 40
22.225
 49
6.35
 74
     0
 49
-3.175
 74
     0
 49
6.35
 74
     0
 49
-3.125
 74
     0
 49
0.1
 74
     0
 49
-3.125
 74
     0
  0
LTYPE
  5
263
330
1CD
100
AcDbSymbolTableRecord
100
AcDbLinetypeTableRecord
  2
ACAD_ISO13W100
 70
     0
  3
ISO double-dash double-dot __ __ . . __ __ . . _
 72
    65
 73
     8
 40
36.00000000000001
 49
12.0
 74
     0
 49
-3.0
 74
     0
 49
12.0
 74
     0
 49
-2.95
 74
     0
 49
0.1
 74
     0
 49
-2.9
 74
     0
 49
0.1
 74
     0
 49
-2.95
 74
     0
  0
LTYPE
  5
264
330
1CD
100
AcDbSymbolTableRecord
100
AcDbLinetypeTableRecord
  2
ACAD_ISO14W100
 70
     0
  3
ISO dash triple-dot __ . . . __ . . . __ . . . _
 72
    65
 73
     8
 40
24.0
 49
12.0
 74
     0
 49
-2.95
 74
     0
 49
0.1
 74
     0
 49
-2.9
 74
     0
 49
0.1
 74
     0
 49
-2.9
 74
     0
 49
0.1
 74
     0
 49
-2.95
 74
     0
  0
LTYPE
  5
265
330
1CD
100
AcDbSymbolTableRecord
100
AcDbLinetypeTableRecord
  2
DASHDOT2
 70
     0
  3
Dash dot (.5x) _._._._._._._._._._._._._._._.
 72
    65
 73
     4
 40
12.7
 49
6.35
 74
     0
 49
-3.125
 74
     0
 49
0.1
 74
     0
 49
-3.125
 74
     0
  0
LTYPE
  5
266
330
1CD
100
AcDbSymbolTableRecord
100
AcDbLinetypeTableRecord
  2
ACAD_ISO02W100
 70
     0
  3
ISO dash __ __ __ __ __ __ __ __ __ __ __ __ __
 72
    65
 73
     2
 40
15.0
 49
12.0
 74
     0
 49
-3.0
 74
     0
  0
LTYPE
  5
267
330
1CD
100
AcDbSymbolTableRecord
100
AcDbLinetypeTableRecord
  2
CENTER
 70
     0
  3
Center ____ _ ____ _ ____ _ ____ _ ____ _ ____
 72
    65
 73
     4
 40
50.8
 49
31.75
 74
     0
 49
-6.35
 74
     0
 49
6.35
 74
     0
 49
-6.35
 74
     0
  0
LTYPE
  5
268
330
1CD
100
AcDbSymbolTableRecord
100
AcDbLinetypeTableRecord
  2
ACAD_ISO08W100
 70
     0
  3
ISO long-dash short-dash ____ __ ____ __ ____ _
 72
    65
 73
     4
 40
36.0
 49
24.0
 74
     0
 49
-3.0
 74
     0
 49
6.0
 74
     0
 49
-3.0
 74
     0
  0
LTYPE
  5
269
330
1CD
100
AcDbSymbolTableRecord
100
AcDbLinetypeTableRecord
  2
ACAD_ISO03W100
 70
     0
  3
ISO dash space __    __    __    __    __    __
 72
    65
 73
     2
 40
30.0
 49
12.0
 74
     0
 49
-18.0
 74
     0
  0
LTYPE
  5
26A
330
1CD
100
AcDbSymbolTableRecord
100
AcDbLinetypeTableRecord
  2
HIDDEN2
 70
     0
  3
Hidden (.5x) _ _ _ _ _ _ _ _ _ _ _ _ _ _ _ _ _ 
 72
    65
 73
     2
 40
4.762499999999999
 49
3.175
 74
     0
 49
-1.5875
 74
     0
  0
LTYPE
  5
26B
330
1CD
100
AcDbSymbolTableRecord
100
AcDbLinetypeTableRecord
  2
ACAD_ISO04W100
 70
     0
  3
ISO long-dash dot ____ . ____ . ____ . ____ . _
 72
    65
 73
     4
 40
30.0
 49
24.0
 74
     0
 49
-2.95
 74
     0
 49
0.1
 74
     0
 49
-2.95
 74
     0
  0
LTYPE
  5
26C
330
1CD
100
AcDbSymbolTableRecord
100
AcDbLinetypeTableRecord
  2
DIVIDE
 70
     0
  3
Divide ____ . . ____ . . ____ . . ____ . . ____
 72
    65
 73
     6
 40
31.75
 49
12.7
 74
     0
 49
-6.3
 74
     0
 49
0.1
 74
     0
 49
-6.25
 74
     0
 49
0.1
 74
     0
 49
-6.3
 74
     0
  0
LTYPE
  5
26D
330
1CD
100
AcDbSymbolTableRecord
100
AcDbLinetypeTableRecord
  2
DOTX2
 70
     0
  3
Dot (2x) .  .  .  .  .  .  .  .  .  .  .  .  .  .
 72
    65
 73
     2
 40
12.7
 49
0.1
 74
     0
 49
-12.6
 74
     0
  0
LTYPE
  5
26E
330
1CD
100
AcDbSymbolTableRecord
100
AcDbLinetypeTableRecord
  2
ACAD_ISO11W100
 70
     0
  3
ISO double-dash dot __ __ . __ __ . __ __ . __ _
 72
    65
 73
     6
 40
33.0
 49
12.0
 74
     0
 49
-3.0
 74
     0
 49
12.0
 74
     0
 49
-2.95
 74
     0
 49
0.1
 74
     0
 49
-2.95
 74
     0
  0
LTYPE
  5
26F
330
1CD
100
AcDbSymbolTableRecord
100
AcDbLinetypeTableRecord
  2
DOT2
 70
     0
  3
Dot (.5x) ........................................
 72
    65
 73
     2
 40
3.175
 49
0.1
 74
     0
 49
-3.075
 74
     0
  0
LTYPE
  5
271
330
1CD
100
AcDbSymbolTableRecord
100
AcDbLinetypeTableRecord
  2
GAS_LINE
 70
     0
  3
Gas line ----GAS----GAS----GAS----GAS----GAS----GAS--
 72
    65
 73
     3
 40
24.13
 49
12.7
 74
     0
 49
-5.08
 74
     2
 75
     0
340
270
 46
2.54
 50
0.0
 44
-2.54
 45
-1.27
  9
GAS
 49
-6.35
 74
     0
  0
LTYPE
  5
272
330
1CD
100
AcDbSymbolTableRecord
100
AcDbLinetypeTableRecord
  2
CENTER2
 70
     0
  3
Center (.5x) ___ _ ___ _ ___ _ ___ _ ___ _ ___
 72
    65
 73
     4
 40
28.575
 49
19.05
 74
     0
 49
-3.175
 74
     0
 49
3.175
 74
     0
 49
-3.175
 74
     0
  0
LTYPE
  5
273
330
1CD
100
AcDbSymbolTableRecord
100
AcDbLinetypeTableRecord
  2
ACAD_ISO05W100
 70
     0
  3
ISO long-dash double-dot ____ .. ____ .. ____ . 
 72
    65
 73
     6
 40
33.00000000000001
 49
24.0
 74
     0
 49
-2.95
 74
     0
 49
0.1
 74
     0
 49
-2.9
 74
     0
 49
0.1
 74
     0
 49
-2.95
 74
     0
  0
LTYPE
  5
275
330
1CD
100
AcDbSymbolTableRecord
100
AcDbLinetypeTableRecord
  2
POINT1
 70
     0
  3
----/\-----/\---
 72
    65
 73
     2
 40
31.26232
 49
25.4
 74
     2
 75
     0
340
274
 46
5.08
 50
0.0
 44
0.0
 45
0.0
  9
PT1
 49
-5.86232
 74
     0
  0
LTYPE
  5
276
330
1CD
100
AcDbSymbolTableRecord
100
AcDbLinetypeTableRecord
  2
CENTERX2
 70
     0
  3
Center (2x) ________  __  ________  __  _____
 72
    65
 73
     4
 40
101.6
 49
63.5
 74
     0
 49
-12.7
 74
     0
 49
12.7
 74
     0
 49
-12.7
 74
     0
  0
LTYPE
  5
277
330
1CD
100
AcDbSymbolTableRecord
100
AcDbLinetypeTableRecord
  2
HOT_WATER_SUPPLY
 70
     0
  3
Hot water supply ---- HW ---- HW ---- HW ----
 72
    65
 73
     3
 40
22.86
 49
12.7
 74
     0
 49
-5.08
 74
     2
 75
     0
340
270
 46
2.54
 50
0.0
 44
-2.54
 45
-1.27
  9
HW
 49
-5.08
 74
     0
  0
LTYPE
  5
278
330
1CD
100
AcDbSymbolTableRecord
100
AcDbLinetypeTableRecord
  2
BORDERX2
 70
     0
  3
Border (2x) ____  ____  .  ____  ____  .  ___
 72
    65
 73
     6
 40
88.89999999999998
 49
25.4
 74
     0
 49
-12.7
 74
     0
 49
25.4
 74
     0
 49
-12.65
 74
     0
 49
0.1
 74
     0
 49
-12.65
 74
     0
  0
LTYPE
  5
279
330
1CD
100
AcDbSymbolTableRecord
100
AcDbLinetypeTableRecord
  2
FENCELINE2
 70
     0
  3
Fenceline square ----[]-----[]----[]-----[]----[]---
 72
    65
 73
     4
 40
36.83
 49
6.35
 74
     0
 49
-2.54
 74
     2
 75
     0
340
274
 46
2.54
 50
0.0
 44
-2.54
 45
0.0
  9
BOX
 49
-2.54
 74
     0
 49
25.4
 74
     0
  0
LTYPE
  5
27A
330
1CD
100
AcDbSymbolTableRecord
100
AcDbLinetypeTableRecord
  2
PHANTOM2
 70
     0
  3
Phantom (.5x) ___ _ _ ___ _ _ ___ _ _ ___ _ _
 72
    65
 73
     6
 40
31.75
 49
15.875
 74
     0
 49
-3.175
 74
     0
 49
3.175
 74
     0
 49
-3.175
 74
     0
 49
3.175
 74
     0
 49
-3.175
 74
     0
  0
LTYPE
  5
27B
330
1CD
100
AcDbSymbolTableRecord
100
AcDbLinetypeTableRecord
  2
POINT2
 70
     0
  3
----\/-----\/---
 72
    65
 73
     2
 40
31.26232
 49
25.4
 74
     2
 75
     0
340
274
 46
5.08
 50
0.0
 44
0.0
 45
0.0
  9
PT2
 49
-5.86232
 74
     0
  0
LTYPE
  5
27C
330
1CD
100
AcDbSymbolTableRecord
100
AcDbLinetypeTableRecord
  2
ACAD_ISO10W100
 70
     0
  3
ISO dash dot __ . __ . __ . __ . __ . __ . __ . 
 72
    65
 73
     4
 40
18.0
 49
12.0
 74
     0
 49
-2.95
 74
     0
 49
0.1
 74
     0
 49
-2.95
 74
     0
  0
LTYPE
  5
27D
330
1CD
100
AcDbSymbolTableRecord
100
AcDbLinetypeTableRecord
  2
DASHED
 70
     0
  3
Dashed __ __ __ __ __ __ __ __ __ __ __ __ __ _
 72
    65
 73
     2
 40
19.05
 49
12.7
 74
     0
 49
-6.35
 74
     0
  0
LTYPE
  5
27E
330
1CD
100
AcDbSymbolTableRecord
100
AcDbLinetypeTableRecord
  2
DIVIDEX2
 70
     0
  3
Divide (2x) ________  .  .  ________  .  .  _
 72
    65
 73
     6
 40
63.5
 49
25.4
 74
     0
 49
-12.65
 74
     0
 49
0.1
 74
     0
 49
-12.6
 74
     0
 49
0.1
 74
     0
 49
-12.65
 74
     0
  0
LTYPE
  5
27F
330
1CD
100
AcDbSymbolTableRecord
100
AcDbLinetypeTableRecord
  2
PHANTOM
 70
     0
  3
Phantom ______  __  __  ______  __  __  ______ 
 72
    65
 73
     6
 40
63.50000000000001
 49
31.75
 74
     0
 49
-6.35
 74
     0
 49
6.35
 74
     0
 49
-6.35
 74
     0
 49
6.35
 74
     0
 49
-6.35
 74
     0
  0
LTYPE
  5
280
330
1CD
100
AcDbSymbolTableRecord
100
AcDbLinetypeTableRecord
  2
PHANTOMX2
 70
     0
  3
Phantom (2x) ____________    ____    ____   _
 72
    65
 73
     6
 40
127.0
 49
63.5
 74
     0
 49
-12.7
 74
     0
 49
12.7
 74
     0
 49
-12.7
 74
     0
 49
12.7
 74
     0
 49
-12.7
 74
     0
  0
LTYPE
  5
281
330
1CD
100
AcDbSymbolTableRecord
100
AcDbLinetypeTableRecord
  2
TRACKS
 70
     0
  3
Tracks -|-|-|-|-|-|-|-|-|-|-|-|-|-|-|-|-|-|-|-|-|-|-|-|-
 72
    65
 73
     2
 40
7.62
 49
3.81
 74
     2
 75
     0
340
274
 46
6.35
 50
0.0
 44
0.0
 45
0.0
  9
TRACK1
 49
3.81
 74
     0
  0
LTYPE
  5
282
330
1CD
100
AcDbSymbolTableRecord
100
AcDbLinetypeTableRecord
  2
ACAD_ISO15W100
 70
     0
  3
ISO double-dash triple-dot __ __ . . . __ __ . .
 72
    65
 73
    10
 40
39.00000000000001
 49
12.0
 74
     0
 49
-3.0
 74
     0
 49
12.0
 74
     0
 49
-2.95
 74
     0
 49
0.1
 74
     0
 49
-2.9
 74
     0
 49
0.1
 74
     0
 49
-2.9
 74
     0
 49
0.1
 74
     0
 49
-2.95
 74
     0
  0
LTYPE
  5
283
330
1CD
100
AcDbSymbolTableRecord
100
AcDbLinetypeTableRecord
  2
ACAD_ISO12W100
 70
     0
  3
ISO dash double-dot __ . . __ . . __ . . __ . . 
 72
    65
 73
     6
 40
21.0
 49
12.0
 74
     0
 49
-2.95
 74
     0
 49
0.1
 74
     0
 49
-2.9
 74
     0
 49
0.1
 74
     0
 49
-2.95
 74
     0
  0
LTYPE
  5
284
330
1CD
100
AcDbSymbolTableRecord
100
AcDbLinetypeTableRecord
  2
DASHDOTX2
 70
     0
  3
Dash dot (2x) ____  .  ____  .  ____  .  ___
 72
    65
 73
     4
 40
50.8
 49
25.4
 74
     0
 49
-12.65
 74
     0
 49
0.1
 74
     0
 49
-12.65
 74
     0
  0
LTYPE
  5
285
330
1CD
100
AcDbSymbolTableRecord
100
AcDbLinetypeTableRecord
  2
DASHED2
 70
     0
  3
Dashed (.5x) _ _ _ _ _ _ _ _ _ _ _ _ _ _ _ _ _ 
 72
    65
 73
     2
 40
9.524999999999999
 49
6.35
 74
     0
 49
-3.175
 74
     0
  0
LTYPE
  5
286
330
1CD
100
AcDbSymbolTableRecord
100
AcDbLinetypeTableRecord
  2
HIDDEN
 70
     0
  3
Hidden __ __ __ __ __ __ __ __ __ __ __ __ __ __
 72
    65
 73
     2
 40
9.524999999999999
 49
6.35
 74
     0
 49
-3.175
 74
     0
  0
LTYPE
  5
287
330
1CD
100
AcDbSymbolTableRecord
100
AcDbLinetypeTableRecord
  2
PLANT
 70
     0
  3
_/^ \_\^ \_
 72
    65
 73
     7
 40
21.94
 49
0.01
 74
     2
 75
     0
340
274
 46
1.0
 50
0.0
 44
0.0
 45
0.0
  9
PLANT1
 49
-3.0
 74
     2
 75
     0
340
274
 46
1.0
 50
0.0
 44
0.0
 45
0.0
  9
PLANT2
 49
-3.15
 74
     2
 75
     0
340
274
 46
1.0
 50
0.0
 44
0.0
 45
0.0
  9
PLANT3
 49
-4.23
 74
     2
 75
     0
340
274
 46
1.0
 50
0.0
 44
0.0
 45
0.0
  9
PLANT4
 49
-4.63
 74
     2
 75
     0
340
274
 46
1.0
 50
0.0
 44
0.0
 45
0.0
  9
PLANT5
 49
-2.5
 74
     2
 75
     0
340
274
 46
1.0
 50
0.0
 44
0.0
 45
0.0
  9
PLANT6
 49
-4.42
 74
     0
  0
LTYPE
  5
288
330
1CD
100
AcDbSymbolTableRecord
100
AcDbLinetypeTableRecord
  2
DOT
 70
     0
  3
Dot . . . . . . . . . . . . . . . . . . . . . . . .
 72
    65
 73
     2
 40
6.35
 49
0.1
 74
     0
 49
-6.25
 74
     0
  0
LTYPE
  5
289
330
1CD
100
AcDbSymbolTableRecord
100
AcDbLinetypeTableRecord
  2
FENCELINE1
 70
     0
  3
Fenceline circle ----0-----0----0-----0----0-----0--
 72
    65
 73
     4
 40
36.83
 49
6.35
 74
     0
 49
-2.54
 74
     2
 75
     0
340
274
 46
2.54
 50
0.0
 44
-2.54
 45
0.0
  9
CIRC1
 49
-2.54
 74
     0
 49
25.4
 74
     0
  0
LTYPE
  5
28A
330
1CD
100
AcDbSymbolTableRecord
100
AcDbLinetypeTableRecord
  2
ACAD_ISO07W100
 70
     0
  3
ISO dot . . . . . . . . . . . . . . . . . . . . 
 72
    65
 73
     2
 40
3.0
 49
0.1
 74
     0
 49
-2.9
 74
     0
  0
LTYPE
  5
28B
330
1CD
100
AcDbSymbolTableRecord
100
AcDbLinetypeTableRecord
  2
ACAD_ISO09W100
 70
     0
  3
ISO long-dash double-short-dash ____ __ __ ____
 72
    65
 73
     6
 40
45.0
 49
24.0
 74
     0
 49
-3.0
 74
     0
 49
6.0
 74
     0
 49
-3.0
 74
     0
 49
6.0
 74
     0
 49
-3.0
 74
     0
  0
LTYPE
  5
28D
330
1CD
100
AcDbSymbolTableRecord
100
AcDbLinetypeTableRecord
  2
DRAINAGE
 70
     0
  3
Drainage ---->---->---->----
 72
    65
 73
     2
 40
10.16
 49
5.08
 74
     2
 75
     0
340
28C
 46
2.54
 50
180.0
 44
0.0
 45
0.0
  9
RIGHT_ARROW
 49
5.08
 74
     0
  0
LTYPE
  5
28E
330
1CD
100
AcDbSymbolTableRecord
100
AcDbLinetypeTableRecord
  2
BATTING
 70
     0
  3
Batting SSSSSSSSSSSSSSSSSSSSSSSSSSSSSSSSSSSSSSSSSSSSSSS
 72
    65
 73
     4
 40
10.16254
 49
0.00254
 74
     0
 49
-2.54
 74
     2
 75
     0
340
274
 46
2.54
 50
0.0
 44
-2.54
 45
0.0
  9
BAT
 49
-5.08
 74
     2
 75
     0
340
274
 46
2.54
 50
180.0
 44
2.54
 45
0.0
  9
BAT
 49
-2.54
 74
     0
  0
LTYPE
  5
28F
330
1CD
100
AcDbSymbolTableRecord
100
AcDbLinetypeTableRecord
  2
DASHEDX2
 70
     0
  3
Dashed (2x) ____  ____  ____  ____  ____  ___
 72
    65
 73
     2
 40
38.09999999999999
 49
25.4
 74
     0
 49
-12.7
 74
     0
  0
LTYPE
  5
290
330
1CD
100
AcDbSymbolTableRecord
100
AcDbLinetypeTableRecord
  2
DASHDOT
 70
     0
  3
Dash dot __ . __ . __ . __ . __ . __ . __ . __
 72
    65
 73
     4
 40
25.4
 49
12.7
 74
     0
 49
-6.3
 74
     0
 49
0.1
 74
     0
 49
-6.3
 74
     0
  0
LTYPE
  5
291
330
1CD
100
AcDbSymbolTableRecord
100
AcDbLinetypeTableRecord
  2
ACAD_ISO06W100
 70
     0
  3
ISO long-dash triple-dot ____ ... ____ ... ____
 72
    65
 73
     8
 40
36.00000000000001
 49
24.0
 74
     0
 49
-2.95
 74
     0
 49
0.1
 74
     0
 49
-2.9
 74
     0
 49
0.1
 74
     0
 49
-2.9
 74
     0
 49
0.1
 74
     0
 49
-2.95
 74
     0
  0
LTYPE
  5
292
330
1CD
100
AcDbSymbolTableRecord
100
AcDbLinetypeTableRecord
  2
HIDDENX2
 70
     0
  3
Hidden (2x) ____ ____ ____ ____ ____ ____ ____ 
 72
    65
 73
     2
 40
19.05
 49
12.7
 74
     0
 49
-6.35
 74
     0
  0
LTYPE
  5
293
330
1CD
100
AcDbSymbolTableRecord
100
AcDbLinetypeTableRecord
  2
ZIGZAG
 70
     0
  3
Zig zag /\/\/\/\/\/\/\/\/\/\/\/\/\/\/\/\/\/\/\/\/\/\/\/
 72
    65
 73
     4
 40
20.32254
 49
0.00254
 74
     0
 49
-5.08
 74
     2
 75
     0
340
274
 46
5.08
 50
0.0
 44
-5.08
 45
0.0
  9
ZIG
 49
-10.16
 74
     2
 75
     0
340
274
 46
5.08
 50
180.0
 44
5.08
 45
0.0
  9
ZIG
 49
-5.08
 74
     0
  0
LTYPE
  5
294
330
1CD
100
AcDbSymbolTableRecord
100
AcDbLinetypeTableRecord
  2
DRAINAGE2
 70
     0
  3
Drainage reversed----<----<----<----
 72
    65
 73
     2
 40
10.16
 49
5.08
 74
     2
 75
     0
340
28C
 46
2.54
 50
0.0
 44
0.0
 45
0.0
  9
RIGHT_ARROW
 49
5.08
 74
     0
  0
ENDTAB
  0
TABLE
  2
LAYER
  5
1CB
330
0
100
AcDbSymbolTable
 70
     5
  0
LAYER
  5
1D8
330
1CB
100
AcDbSymbolTableRecord
100
AcDbLayerTableRecord
  2
0
 70
     0
 62
     7
  6
Continuous
370
    20
390
1D7
347
20D
348
0
  0
LAYER
  5
295
330
1CB
100
AcDbSymbolTableRecord
100
AcDbLayerTableRecord
  2
imperfections
 70
     0
 62
     2
  6
Continuous
370
     9
390
1D7
347
20D
348
0
  0
LAYER
  5
296
330
1CB
100
AcDbSymbolTableRecord
100
AcDbLayerTableRecord
  2
panel-borders
 70
     0
 62
     3
  6
Continuous
370
     0
390
1D7
347
20D
348
0
  0
LAYER
  5
297
330
1CB
100
AcDbSymbolTableRecord
100
AcDbLayerTableRecord
  2
Screens
 70
     0
 62
     5
  6
Continuous
370
    50
390
1D7
347
20D
348
0
  0
LAYER
  5
298
330
1CB
100
AcDbSymbolTableRecord
100
AcDbLayerTableRecord
  2
sketch
 70
     1
 62
    -1
  6
HIDDENX2
370
     0
390
1D7
347
20D
348
0
  0
ENDTAB
  0
TABLE
  2
STYLE
  5
1CC
330
0
100
AcDbSymbolTable
 70
     5
  0
STYLE
  5
1D9
330
1CC
100
AcDbSymbolTableRecord
100
AcDbTextStyleTableRecord
  2
Standard
 70
     0
 40
0.0
 41
1.0
 50
0.0
 71
     0
 42
2.5
  3
txt
  4

  0
STYLE
  5
25E
330
1CC
100
AcDbSymbolTableRecord
100
AcDbTextStyleTableRecord
  2
QCADDimTextStyle
 70
     0
 40
0.0
 41
1.0
 50
0.0
 71
     0
 42
2.5
  3

  4

  0
STYLE
  5
270
330
1CC
100
AcDbSymbolTableRecord
100
AcDbTextStyleTableRecord
  2
textstyle0
 70
     0
 40
0.0
 41
1.0
 50
0.0
 71
     0
 42
2.5
  3
STANDARD
  4

  0
STYLE
  5
274
330
1CC
100
AcDbSymbolTableRecord
100
AcDbTextStyleTableRecord
  2
textstyle1
 70
     0
 40
0.0
 41
1.0
 50
0.0
 71
     0
 42
2.5
  3
ltypeshp.shx
  4

  0
STYLE
  5
28C
330
1CC
100
AcDbSymbolTableRecord
100
AcDbTextStyleTableRecord
  2
textstyle2
 70
     0
 40
0.0
 41
1.0
 50
0.0
 71
     0
 42
2.5
  3
qcadshp.shx
  4

  0
ENDTAB
  0
TABLE
  2
VIEW
  5
1CE
330
0
100
AcDbSymbolTable
 70
     0
  0
ENDTAB
  0
TABLE
  2
UCS
  5
1CF
330
0
100
AcDbSymbolTable
 70
     0
  0
ENDTAB
  0
TABLE
  2
APPID
  5
1D1
330
0
100
AcDbSymbolTable
 70
     2
  0
APPID
  5
1DA
330
1D1
100
AcDbSymbolTableRecord
100
AcDbRegAppTableRecord
  2
ACAD
 70
     0
  0
APPID
  5
225
330
1D1
100
AcDbSymbolTableRecord
100
AcDbRegAppTableRecord
  2
QCAD
 70
     0
  0
ENDTAB
  0
TABLE
  2
DIMSTYLE
  5
1D2
330
0
100
AcDbSymbolTable
 70
     2
100
AcDbDimStyleTable
  0
DIMSTYLE
105
1EE
330
1D2
100
AcDbSymbolTableRecord
100
AcDbDimStyleTableRecord
  2
Standard
 70
     0
178
     0
340
1D9
  0
DIMSTYLE
105
25F
102
{ACAD_REACTORS
330
197
330
198
330
199
102
}
330
1D2
100
AcDbSymbolTableRecord
100
AcDbDimStyleTableRecord
  2
QCADDimStyle
 70
     0
 41
2.5
 42
0.625
 43
5.0
 44
1.25
 73
     0
 77
     1
 78
     8
 79
     2
140
2.5
147
0.625
178
     0
279
     2
340
25E
  0
ENDTAB
  0
TABLE
  2
BLOCK_RECORD
  5
1CA
330
0
100
AcDbSymbolTable
 70
     3
  0
BLOCK_RECORD
  5
1E6
330
1CA
100
AcDbSymbolTableRecord
100
AcDbBlockTableRecord
  2
*Model_Space
340
1E9
 70
     0
280
     1
281
     0
  0
BLOCK_RECORD
  5
29B
330
1CA
100
AcDbSymbolTableRecord
100
AcDbBlockTableRecord
  2
*Paper_Space
340
29C
 70
     0
280
     1
281
     0
  0
BLOCK_RECORD
  5
1E2
330
1CA
100
AcDbSymbolTableRecord
100
AcDbBlockTableRecord
  2
*Paper_Space1
340
1E5
 70
     0
280
     1
281
     0
  0
BLOCK_RECORD
  5
2A1
330
1CA
100
AcDbSymbolTableRecord
100
AcDbBlockTableRecord
  2
hole
340
0
102
{BLKREFS
331
C7
331
C8
331
C9
331
CA
331
CB
331
CC
331
CD
331
CE
331
CF
331
D0
331
D1
331
D2
331
D5
331
D6
102
}
 70
     0
280
     1
281
     0
  0
BLOCK_RECORD
  5
2A4
330
1CA
100
AcDbSymbolTableRecord
100
AcDbBlockTableRecord
  2
hole-direct
340
0
102
{BLKREFS
331
D3
331
D4
102
}
 70
     0
280
     1
281
     0
  0
ENDTAB
  0
ENDSEC
  0
SECTION
  2
BLOCKS
  0
BLOCK
  5
1E7
330
1E6
100
AcDbEntity
  8
0
100
AcDbBlockBegin
  2
*Model_Space
 70
     0
 10
0.0
 20
0.0
 30
0.0
  3
*Model_Space
  1

  0
ENDBLK
  5
1E8
330
1E6
100
AcDbEntity
  8
0
100
AcDbBlockEnd
  0
BLOCK
  5
29D
330
29B
100
AcDbEntity
 67
     1
  8
0
100
AcDbBlockBegin
  2
*Paper_Space
 70
     0
 10
0.0
 20
0.0
 30
0.0
  3
*Paper_Space
  1

  0
ENDBLK
  5
29E
330
29B
100
AcDbEntity
 67
     1
  8
0
100
AcDbBlockEnd
  0
BLOCK
  5
1E3
330
1E2
100
AcDbEntity
  8
0
100
AcDbBlockBegin
  2
*Paper_Space1
 70
     0
 10
0.0
 20
0.0
 30
0.0
  3
*Paper_Space1
  1

  0
VIEWPORT
  5
299
330
1E2
100
AcDbEntity
  8
0
100
AcDbViewport
 10
128.5
 20
97.5
 30
0.0
 40
314.226
 41
222.18
 68
     1
 69
     1
 12
128.5
 22
97.5
 13
0.0
 23
0.0
 14
10.0
 24
10.0
 15
10.0
 25
10.0
 16
0.0
 26
0.0
 36
1.0
 17
0.0
 27
0.0
 37
0.0
 42
50.0
 43
0.0
 44
0.0
 45
222.18
 50
0.0
 51
0.0
 72
   100
 90
   557152
  1

281
     0
 71
     1
 74
     0
110
0.0
120
0.0
130
0.0
111
1.0
121
0.0
131
0.0
112
0.0
122
1.0
132
0.0
 79
     0
146
0.0
170
     0
 61
     5
348
1F6
292
     1
282
     1
141
0.0
142
0.0
 63
   256
361
29A
  0
ENDBLK
  5
1E4
330
1E2
100
AcDbEntity
  8
0
100
AcDbBlockEnd
  0
BLOCK
  5
2A2
330
2A1
100
AcDbEntity
  8
0
100
AcDbBlockBegin
  2
hole
 70
     0
 10
0.0
 20
0.0
 30
0.0
  3
hole
  1

  0
CIRCLE
  5
5F
330
2A1
100
AcDbEntity
  8
0
100
AcDbCircle
 10
10.0
 20
10.0
 30
0.0
 40
1.0
  0
ENDBLK
  5
2A3
330
2A1
100
AcDbEntity
  8
0
100
AcDbBlockEnd
  0
BLOCK
  5
2A5
330
2A4
100
AcDbEntity
  8
0
100
AcDbBlockBegin
  2
hole-direct
 70
     0
 10
0.0
 20
0.0
 30
0.0
  3
hole-direct
  1

  0
CIRCLE
  5
62
330
2A4
100
AcDbEntity
  8
0
100
AcDbCircle
 10
0.0
 20
10.0
 30
0.0
 40
1.0
  0
ENDBLK
  5
2A6
330
2A4
100
AcDbEntity
  8
0
100
AcDbBlockEnd
  0
ENDSEC
  0
SECTION
  2
ENTITIES
  0
LINE
  5
64
330
1E6
100
AcDbEntity
  8
sketch
100
AcDbLine
 10
-280.0000000000001
 20
0.0
 30
0.0
 11
279.9999999999999
 21
0.0
 31
0.0
  0
LINE
  5
65
330
1E6
100
AcDbEntity
  8
sketch
100
AcDbLine
 10
279.9999999999999
 20
0.0
 30
0.0
 11
829.9999999999999
 21
0.0
 31
0.0
  0
LINE
  5
66
330
1E6
100
AcDbEntity
  8
sketch
100
AcDbLine
 10
-830.0000000000001
 20
0.0
 30
0.0
 11
-280.0000000000001
 21
0.0
 31
0.0
  0
LINE
  5
67
330
1E6
100
AcDbEntity
  8
sketch
100
AcDbLine
 10
-1075.0
 20
0.0
 30
0.0
 11
-830.0000000000001
 21
0.0
 31
0.0
  0
LINE
  5
68
330
1E6
100
AcDbEntity
  8
sketch
100
AcDbLine
 10
829.9999999999999
 20
0.0
 30
0.0
 11
1075.0
 21
0.0
 31
0.0
  0
LINE
  5
69
330
1E6
100
AcDbEntity
  8
sketch
100
AcDbLine
 10
-1500.0
 20
470.0
 30
0.0
 11
1500.0
 21
470.0
 31
0.0
  0
LINE
  5
6A
330
1E6
100
AcDbEntity
  8
sketch
100
AcDbLine
 10
-1500.0
 20
870.0
 30
0.0
 11
1500.0
 21
870.0
 31
0.0
  0
LINE
  5
6B
330
1E6
100
AcDbEntity
  8
sketch
100
AcDbLine
 10
-1500.0
 20
598.0
 30
0.0
 11
1500.0
 21
598.0
 31
0.0
  0
LINE
  5
6C
330
1E6
100
AcDbEntity
  8
sketch
100
AcDbLine
 10
-1500.0
 20
630.0
 30
0.0
 11
1500.0
 21
630.0
 31
0.0
  0
LINE
  5
6D
330
1E6
100
AcDbEntity
  8
sketch
100
AcDbLine
 10
-1500.0
 20
523.0
 30
0.0
 11
1500.0
 21
523.0
 31
0.0
  0
LINE
  5
6E
330
1E6
100
AcDbEntity
  8
imperfections
100
AcDbLine
 10
-1075.0
 20
530.0
 30
0.0
 11
-830.0000000000001
 21
480.0
 31
0.0
  0
LINE
  5
6F
330
1E6
100
AcDbEntity
  8
imperfections
100
AcDbLine
 10
-280.0000000000001
 20
470.0
 30
0.0
 11
279.9999999999999
 21
470.0
 31
0.0
  0
LINE
  5
70
330
1E6
100
AcDbEntity
  8
imperfections
100
AcDbLine
 10
829.9999999999999
 20
470.0
 30
0.0
 11
1075.0
 21
515.0
 31
0.0
  0
LINE
  5
71
330
1E6
100
AcDbEntity
  8
sketch
100
AcDbLine
 10
-1075.0
 20
0.0
 30
0.0
 11
-1075.0
 21
1200.0
 31
0.0
  0
LINE
  5
72
330
1E6
100
AcDbEntity
  8
sketch
100
AcDbLine
 10
-830.0000000000001
 20
0.0
 30
0.0
 11
-830.0
 21
1200.0
 31
0.0
  0
LINE
  5
73
330
1E6
100
AcDbEntity
  8
sketch
100
AcDbLine
 10
-280.0000000000001
 20
0.0
 30
0.0
 11
-280.0000000000001
 21
1200.0
 31
0.0
  0
LINE
  5
74
330
1E6
100
AcDbEntity
  8
sketch
100
AcDbLine
 10
279.9999999999999
 20
0.0
 30
0.0
 11
279.9999999999999
 21
1200.0
 31
0.0
  0
LINE
  5
75
330
1E6
100
AcDbEntity
  8
sketch
100
AcDbLine
 10
829.9999999999999
 20
0.0
 30
0.0
 11
830.0
 21
1200.0
 31
0.0
  0
LINE
  5
76
330
1E6
100
AcDbEntity
  8
sketch
100
AcDbLine
 10
1075.0
 20
0.0
 30
0.0
 11
1075.0
 21
1200.0
 31
0.0
  0
LINE
  5
77
330
1E6
100
AcDbEntity
  8
sketch
100
AcDbLine
 10
-830.0000000000001
 20
630.0
 30
0.0
 11
-280.0000000000001
 21
630.0
 31
0.0
  0
LINE
  5
78
330
1E6
100
AcDbEntity
  8
sketch
100
AcDbLine
 10
279.9999999999999
 20
630.0
 30
0.0
 11
829.9999999999999
 21
630.0
 31
0.0
  0
LINE
  5
79
330
1E6
100
AcDbEntity
  8
sketch
100
AcDbLine
 10
-360.0000000000001
 20
530.0
 30
0.0
 11
-360.0000000000001
 21
730.0
 31
0.0
  0
LINE
  5
7A
330
1E6
100
AcDbEntity
  8
sketch
100
AcDbLine
 10
749.9999999999999
 20
530.0
 30
0.0
 11
749.9999999999999
 21
730.0
 31
0.0
  0
LINE
  5
7B
330
1E6
100
AcDbEntity
  8
sketch
100
AcDbLine
 10
-750.0000000000001
 20
530.0
 30
0.0
 11
-750.0000000000001
 21
730.0
 31
0.0
  0
LINE
  5
7C
330
1E6
100
AcDbEntity
  8
sketch
100
AcDbLine
 10
359.9999999999999
 20
530.0
 30
0.0
 11
359.9999999999999
 21
730.0
 31
0.0
  0
LINE
  5
7D
330
1E6
100
AcDbEntity
  8
0
100
AcDbLine
 10
-1075.0
 20
523.0
 30
0.0
 11
-830.0000000000001
 21
523.0
 31
0.0
  0
LINE
  5
7E
330
1E6
100
AcDbEntity
  8
0
100
AcDbLine
 10
-830.0000000000001
 20
523.0
 30
0.0
 11
-830.0000000000001
 21
598.0
 31
0.0
  0
LINE
  5
7F
330
1E6
100
AcDbEntity
  8
0
100
AcDbLine
 10
-830.0000000000001
 20
598.0
 30
0.0
 11
-750.0000000000001
 21
598.0
 31
0.0
  0
LINE
  5
80
330
1E6
100
AcDbEntity
  8
0
100
AcDbLine
 10
-750.0000000000001
 20
598.0
 30
0.0
 11
-750.0000000000001
 21
630.0
 31
0.0
  0
LINE
  5
81
330
1E6
100
AcDbEntity
  8
0
100
AcDbLine
 10
-750.0000000000001
 20
630.0
 30
0.0
 11
-360.0000000000002
 21
630.0
 31
0.0
  0
LINE
  5
82
330
1E6
100
AcDbEntity
  8
0
100
AcDbLine
 10
-360.0000000000002
 20
630.0
 30
0.0
 11
-360.0000000000002
 21
598.0
 31
0.0
  0
LINE
  5
83
330
1E6
100
AcDbEntity
  8
0
100
AcDbLine
 10
-360.0000000000002
 20
598.0
 30
0.0
 11
-280.0000000000001
 21
598.0
 31
0.0
  0
LINE
  5
84
330
1E6
100
AcDbEntity
  8
0
100
AcDbLine
 10
-280.0000000000001
 20
598.0
 30
0.0
 11
-280.0000000000001
 21
470.0
 31
0.0
  0
LINE
  5
85
330
1E6
100
AcDbEntity
  8
0
100
AcDbLine
 10
-280.0000000000001
 20
470.0
 30
0.0
 11
279.9999999999999
 21
470.0
 31
0.0
  0
LINE
  5
86
330
1E6
100
AcDbEntity
  8
0
100
AcDbLine
 10
279.9999999999999
 20
470.0
 30
0.0
 11
279.9999999999999
 21
598.0
 31
0.0
  0
LINE
  5
87
330
1E6
100
AcDbEntity
  8
0
100
AcDbLine
 10
279.9999999999999
 20
598.0
 30
0.0
 11
359.9999999999998
 21
598.0
 31
0.0
  0
LINE
  5
88
330
1E6
100
AcDbEntity
  8
0
100
AcDbLine
 10
359.9999999999998
 20
598.0
 30
0.0
 11
359.9999999999998
 21
630.0
 31
0.0
  0
LINE
  5
89
330
1E6
100
AcDbEntity
  8
0
100
AcDbLine
 10
359.9999999999998
 20
630.0
 30
0.0
 11
749.9999999999999
 21
630.0
 31
0.0
  0
LINE
  5
8A
330
1E6
100
AcDbEntity
  8
0
100
AcDbLine
 10
749.9999999999999
 20
630.0
 30
0.0
 11
749.9999999999999
 21
598.0
 31
0.0
  0
LINE
  5
8B
330
1E6
100
AcDbEntity
  8
0
100
AcDbLine
 10
749.9999999999999
 20
598.0
 30
0.0
 11
829.9999999999999
 21
598.0
 31
0.0
  0
LINE
  5
8C
330
1E6
100
AcDbEntity
  8
0
100
AcDbLine
 10
829.9999999999999
 20
598.0
 30
0.0
 11
829.9999999999999
 21
523.0
 31
0.0
  0
LINE
  5
8D
330
1E6
100
AcDbEntity
  8
0
100
AcDbLine
 10
829.9999999999999
 20
523.0
 30
0.0
 11
1075.0
 21
523.0
 31
0.0
  0
LINE
  5
8E
330
1E6
100
AcDbEntity
  8
sketch
100
AcDbLine
 10
-685.0000000000001
 20
0.0
 30
0.0
 11
-685.0
 21
1200.0
 31
0.0
  0
LINE
  5
8F
330
1E6
100
AcDbEntity
  8
sketch
100
AcDbLine
 10
684.9999999999999
 20
0.0000000000000178
 30
0.0
 11
685.0
 21
1200.0
 31
0.0
  0
LINE
  5
90
330
1E6
100
AcDbEntity
  8
0
100
AcDbLine
 10
-685.0
 20
870.0
 30
0.0
 11
685.0
 21
870.0
 31
0.0
  0
LINE
  5
91
330
1E6
100
AcDbEntity
  8
sketch
100
AcDbLine
 10
-795.0000000000001
 20
0.0000000000000135
 30
0.0
 11
-795.0
 21
1200.0
 31
0.0
  0
LINE
  5
92
330
1E6
100
AcDbEntity
  8
sketch
100
AcDbLine
 10
794.9999999999999
 20
0.0000000000000178
 30
0.0
 11
795.0
 21
1200.0
 31
0.0
  0
LINE
  5
93
330
1E6
100
AcDbEntity
  8
sketch
100
AcDbLine
 10
907.9999999999999
 20
0.0
 30
0.0
 11
908.0
 21
1200.0
 31
0.0
  0
LINE
  5
94
330
1E6
100
AcDbEntity
  8
sketch
100
AcDbLine
 10
-908.0000000000001
 20
0.0000000000000096
 30
0.0
 11
-908.0
 21
1200.0
 31
0.0
  0
LINE
  5
95
330
1E6
100
AcDbEntity
  8
sketch
100
AcDbLine
 10
-1500.0
 20
703.0
 30
0.0
 11
1500.0
 21
703.0
 31
0.0
  0
LINE
  5
96
330
1E6
100
AcDbEntity
  8
sketch
100
AcDbLine
 10
-1500.0
 20
845.0
 30
0.0
 11
1500.0
 21
845.0
 31
0.0
  0
LINE
  5
97
330
1E6
100
AcDbEntity
  8
0
100
AcDbLine
 10
685.0
 20
870.0
 30
0.0
 11
795.0
 21
845.0
 31
0.0
  0
LINE
  5
98
330
1E6
100
AcDbEntity
  8
0
100
AcDbLine
 10
795.0
 20
845.0
 30
0.0
 11
908.0
 21
703.0
 31
0.0
  0
LINE
  5
99
330
1E6
100
AcDbEntity
  8
0
100
AcDbLine
 10
-685.0
 20
870.0
 30
0.0
 11
-795.0
 21
845.0
 31
0.0
  0
LINE
  5
9A
330
1E6
100
AcDbEntity
  8
0
100
AcDbLine
 10
-795.0
 20
845.0
 30
0.0
 11
-908.0
 21
703.0
 31
0.0
  0
LINE
  5
9B
330
1E6
100
AcDbEntity
  8
sketch
100
AcDbLine
 10
851.9999999999999
 20
0.0000000000000069
 30
0.0
 11
852.0
 21
1200.0
 31
0.0
  0
LINE
  5
9C
330
1E6
100
AcDbEntity
  8
sketch
100
AcDbLine
 10
-852.0000000000001
 20
0.0000000000000096
 30
0.0
 11
-852.0
 21
1200.0
 31
0.0
  0
CIRCLE
  5
9D
330
1E6
100
AcDbEntity
  8
sketch
100
AcDbCircle
 10
-877.0000000000001
 20
678.0
 30
0.0
 40
25.0
  0
CIRCLE
  5
9E
330
1E6
100
AcDbEntity
  8
sketch
100
AcDbCircle
 10
876.9999999999999
 20
678.0
 30
0.0
 40
25.0
  0
LINE
  5
9F
330
1E6
100
AcDbEntity
  8
0
100
AcDbLine
 10
908.0
 20
703.0
 30
0.0
 11
877.0
 21
703.0
 31
0.0
  0
ARC
  5
A0
330
1E6
100
AcDbEntity
  8
0
100
AcDbCircle
 10
876.9999999999999
 20
678.0
 30
0.0
 40
25.0
100
AcDbArc
 50
89.99999999999974
 51
270.0
  0
ARC
  5
A1
330
1E6
100
AcDbEntity
  8
0
100
AcDbCircle
 10
-877.0000000000001
 20
678.0
 30
0.0
 40
25.0
100
AcDbArc
 50
270.0
 51
90.0
  0
LINE
  5
A2
330
1E6
100
AcDbEntity
  8
0
100
AcDbLine
 10
-908.0000000000002
 20
702.9999999999999
 30
0.0
 11
-877.0000000000001
 21
703.0
 31
0.0
  0
LINE
  5
A3
330
1E6
100
AcDbEntity
  8
sketch
100
AcDbLine
 10
-1500.0
 20
653.0
 30
0.0
 11
1500.0
 21
653.0
 31
0.0
  0
LINE
  5
A4
330
1E6
100
AcDbEntity
  8
sketch
100
AcDbLine
 10
1030.0
 20
0.0
 30
0.0
 11
1030.0
 21
1200.0
 31
0.0
  0
LINE
  5
A5
330
1E6
100
AcDbEntity
  8
sketch
100
AcDbLine
 10
-1030.0
 20
0.0000000000000245
 30
0.0
 11
-1030.0
 21
1200.0
 31
0.0
  0
LINE
  5
A6
330
1E6
100
AcDbEntity
  8
0
100
AcDbLine
 10
877.0
 20
653.0
 30
0.0
 11
1030.0
 21
653.0
 31
0.0
  0
LINE
  5
A7
330
1E6
100
AcDbEntity
  8
0
100
AcDbLine
 10
1030.0
 20
653.0
 30
0.0
 11
1075.0
 21
523.0
 31
0.0
  0
LINE
  5
A8
330
1E6
100
AcDbEntity
  8
0
100
AcDbLine
 10
-877.0000000000001
 20
653.0
 30
0.0
 11
-1030.0
 21
653.0
 31
0.0
  0
LINE
  5
A9
330
1E6
100
AcDbEntity
  8
0
100
AcDbLine
 10
-1030.0
 20
653.0
 30
0.0
 11
-1075.0
 21
523.0
 31
0.0
  0
LINE
  5
AA
330
1E6
100
AcDbEntity
  8
panel-borders
100
AcDbLine
 10
829.9999999999999
 20
801.0176991150443
 30
0.0
 11
829.9999999999999
 21
598.0
 31
0.0
  0
LINE
  5
AB
330
1E6
100
AcDbEntity
  8
panel-borders
100
AcDbLine
 10
-830.0000000000001
 20
598.0
 30
0.0
 11
-830.0000000000001
 21
801.0176991150443
 31
0.0
  0
LINE
  5
AC
330
1E6
100
AcDbEntity
  8
sketch
100
AcDbLine
 10
474.9999999999999
 20
0.0000000000000435
 30
0.0
 11
475.0
 21
1200.0
 31
0.0
  0
LINE
  5
AD
330
1E6
100
AcDbEntity
  8
sketch
100
AcDbLine
 10
264.9999999999999
 20
0.0000000000000692
 30
0.0
 11
265.0
 21
1200.0
 31
0.0
  0
LINE
  5
AE
330
1E6
100
AcDbEntity
  8
sketch
100
AcDbLine
 10
-475.0000000000001
 20
0.0
 30
0.0
 11
-475.0
 21
1200.0
 31
0.0
  0
LINE
  5
AF
330
1E6
100
AcDbEntity
  8
sketch
100
AcDbLine
 10
-265.0000000000001
 20
0.0
 30
0.0
 11
-265.0
 21
1200.0
 31
0.0
  0
LINE
  5
B0
330
1E6
100
AcDbEntity
  8
panel-borders
100
AcDbLine
 10
-265.0000000000001
 20
870.0
 30
0.0
 11
-265.0000000000001
 21
638.0
 31
0.0
  0
LINE
  5
B1
330
1E6
100
AcDbEntity
  8
panel-borders
100
AcDbLine
 10
-265.0000000000001
 20
638.0
 30
0.0
 11
-280.0000000000001
 21
638.0
 31
0.0
  0
LINE
  5
B2
330
1E6
100
AcDbEntity
  8
panel-borders
100
AcDbLine
 10
-280.0000000000001
 20
638.0
 30
0.0
 11
-280.0000000000001
 21
598.0
 31
0.0
  0
LINE
  5
B3
330
1E6
100
AcDbEntity
  8
panel-borders
100
AcDbLine
 10
264.9999999999999
 20
870.0
 30
0.0
 11
264.9999999999999
 21
638.0
 31
0.0
  0
LINE
  5
B4
330
1E6
100
AcDbEntity
  8
panel-borders
100
AcDbLine
 10
264.9999999999999
 20
638.0
 30
0.0
 11
279.9999999999999
 21
638.0
 31
0.0
  0
LINE
  5
B5
330
1E6
100
AcDbEntity
  8
panel-borders
100
AcDbLine
 10
279.9999999999999
 20
638.0
 30
0.0
 11
279.9999999999999
 21
598.0
 31
0.0
  0
LINE
  5
B6
330
1E6
100
AcDbEntity
  8
sketch
100
AcDbLine
 10
103.9999999999991
 20
-830.0
 30
0.0
 11
103.9999999999999
 21
2170.0
 31
0.0
  0
LINE
  5
B7
330
1E6
100
AcDbEntity
  8
sketch
100
AcDbLine
 10
-103.999999999999
 20
2170.0
 30
0.0
 11
-103.9999999999997
 21
-830.0
 31
0.0
  0
LINE
  5
B8
330
1E6
100
AcDbEntity
  8
sketch
100
AcDbLine
 10
-475.0
 20
870.0
 30
0.0
 11
-475.0
 21
630.0
 31
0.0
  0
LINE
  5
B9
330
1E6
100
AcDbEntity
  8
sketch
100
AcDbLine
 10
-663.0
 20
644.0
 30
0.0
 11
-287.0
 21
644.0
 31
0.0
  0
LINE
  5
BA
330
1E6
100
AcDbEntity
  8
sketch
100
AcDbLine
 10
-287.0
 20
644.0
 30
0.0
 11
-287.0
 21
856.0
 31
0.0
  0
LINE
  5
BB
330
1E6
100
AcDbEntity
  8
sketch
100
AcDbLine
 10
-287.0
 20
856.0
 30
0.0
 11
-663.0
 21
856.0
 31
0.0
  0
LINE
  5
BC
330
1E6
100
AcDbEntity
  8
sketch
100
AcDbLine
 10
-663.0
 20
856.0
 30
0.0
 11
-663.0
 21
644.0
 31
0.0
  0
LINE
  5
BD
330
1E6
100
AcDbEntity
  8
sketch
100
AcDbLine
 10
475.0
 20
870.0
 30
0.0
 11
475.0
 21
630.0
 31
0.0
  0
LINE
  5
BE
330
1E6
100
AcDbEntity
  8
sketch
100
AcDbLine
 10
287.0
 20
644.0
 30
0.0
 11
663.0
 21
644.0
 31
0.0
  0
LINE
  5
BF
330
1E6
100
AcDbEntity
  8
sketch
100
AcDbLine
 10
663.0
 20
644.0
 30
0.0
 11
663.0
 21
856.0
 31
0.0
  0
LINE
  5
C0
330
1E6
100
AcDbEntity
  8
sketch
100
AcDbLine
 10
663.0
 20
856.0
 30
0.0
 11
287.0
 21
856.0
 31
0.0
  0
LINE
  5
C1
330
1E6
100
AcDbEntity
  8
sketch
100
AcDbLine
 10
287.0
 20
856.0
 30
0.0
 11
287.0
 21
644.0
 31
0.0
  0
LINE
  5
C2
330
1E6
100
AcDbEntity
  8
sketch
100
AcDbLine
 10
0.0
 20
870.0
 30
0.0
 11
0.0
 21
470.0
 31
0.0
  0
LINE
  5
C3
330
1E6
100
AcDbEntity
  8
sketch
100
AcDbLine
 10
105.9999999999998
 20
481.9999999999999
 30
0.0
 11
106.0000000000001
 21
858.0
 31
0.0
  0
LINE
  5
C4
330
1E6
100
AcDbEntity
  8
sketch
100
AcDbLine
 10
106.0000000000001
 20
858.0
 30
0.0
 11
-106.0
 21
858.0
 31
0.0
  0
LINE
  5
C5
330
1E6
100
AcDbEntity
  8
sketch
100
AcDbLine
 10
-106.0
 20
858.0
 30
0.0
 11
-105.9999999999999
 21
481.9999999999999
 31
0.0
  0
LINE
  5
C6
330
1E6
100
AcDbEntity
  8
sketch
100
AcDbLine
 10
-105.9999999999999
 20
481.9999999999999
 30
0.0
 11
105.9999999999998
 21
481.9999999999999
 31
0.0
  0
INSERT
  5
C7
330
1E6
100
AcDbEntity
  8
0
100
AcDbBlockReference
  2
hole
 10
-750.0000000000001
 20
630.0
 30
0.0
  0
INSERT
  5
C8
330
1E6
100
AcDbEntity
  8
0
100
AcDbBlockReference
  2
hole
 10
-360.0000000000001
 20
630.0
 30
0.0
 42
-1.0
 50
180.0
  0
INSERT
  5
C9
330
1E6
100
AcDbEntity
  8
0
100
AcDbBlockReference
  2
hole
 10
-685.0
 20
870.0
 30
0.0
 42
-1.0
  0
INSERT
  5
CA
330
1E6
100
AcDbEntity
  8
0
100
AcDbBlockReference
  2
hole
 10
-265.0000000000001
 20
870.0
 30
0.0
 50
180.0
  0
INSERT
  5
CB
330
1E6
100
AcDbEntity
  8
0
100
AcDbBlockReference
  2
hole
 10
685.0
 20
870.0
 30
0.0
 50
180.0
  0
INSERT
  5
CC
330
1E6
100
AcDbEntity
  8
0
100
AcDbBlockReference
  2
hole
 10
264.9999999999999
 20
870.0
 30
0.0
 42
-1.0
  0
INSERT
  5
CD
330
1E6
100
AcDbEntity
  8
0
100
AcDbBlockReference
  2
hole
 10
359.9999999999999
 20
630.0
 30
0.0
  0
INSERT
  5
CE
330
1E6
100
AcDbEntity
  8
0
100
AcDbBlockReference
  2
hole
 10
749.9999999999999
 20
630.0
 30
0.0
 42
-1.0
 50
180.0
  0
INSERT
  5
CF
330
1E6
100
AcDbEntity
  8
0
100
AcDbBlockReference
  2
hole
 10
-1030.0
 20
630.0
 30
0.0
  0
INSERT
  5
D0
330
1E6
100
AcDbEntity
  8
0
100
AcDbBlockReference
  2
hole
 10
1030.0
 20
630.0
 30
0.0
 42
-1.0
 50
180.0
  0
INSERT
  5
D1
330
1E6
100
AcDbEntity
  8
0
100
AcDbBlockReference
  2
hole
 10
-830.0000000000002
 20
630.0
 30
0.0
 42
-1.0
 50
180.0
  0
INSERT
  5
D2
330
1E6
100
AcDbEntity
  8
0
100
AcDbBlockReference
  2
hole
 10
830.0
 20
630.0
 30
0.0
  0
INSERT
  5
D3
330
1E6
100
AcDbEntity
  8
0
100
AcDbBlockReference
  2
hole-direct
 10
-280.0000000000001
 20
598.0
 30
0.0
 50
270.0
  0
INSERT
  5
D4
330
1E6
100
AcDbEntity
  8
0
100
AcDbBlockReference
  2
hole-direct
 10
279.9999999999999
 20
598.0
 30
0.0
 42
-1.0
 50
270.0
  0
INSERT
  5
D5
330
1E6
100
AcDbEntity
  8
0
100
AcDbBlockReference
  2
hole
 10
-265.0000000000001
 20
870.0
 30
0.0
 50
270.0
  0
INSERT
  5
D6
330
1E6
100
AcDbEntity
  8
0
100
AcDbBlockReference
  2
hole
 10
264.9999999999999
 20
870.0
 30
0.0
 42
-1.0
 50
270.0
  0
LINE
  5
D7
330
1E6
100
AcDbEntity
  8
imperfections
100
AcDbLine
 10
-830.0
 20
480.0
 30
0.0
 11
-830.0
 21
523.0
 31
0.0
  0
LINE
  5
D8
330
1E6
100
AcDbEntity
  8
imperfections
100
AcDbLine
 10
830.0
 20
470.0
 30
0.0
 11
829.9999999999999
 21
523.0
 31
0.0
  0
LINE
  5
D9
330
1E6
100
AcDbEntity
  8
imperfections
100
AcDbLine
 10
1075.0
 20
515.0
 30
0.0
 11
1075.0
 21
523.0
 31
0.0
  0
LINE
  5
DA
330
1E6
100
AcDbEntity
  8
sketch
100
AcDbLine
 10
-475.0
 20
750.0000000000001
 30
0.0
 11
-685.0
 21
750.0000000000001
 31
0.0
  0
LINE
  5
DB
330
1E6
100
AcDbEntity
  8
sketch
100
AcDbLine
 10
-475.0
 20
750.0000000000001
 30
0.0
 11
-265.0000000000001
 21
750.0000000000001
 31
0.0
  0
LINE
  5
DC
330
1E6
100
AcDbEntity
  8
0
100
AcDbLine
 10
-663.0
 20
662.5000000000001
 30
0.0
 11
-488.0
 21
662.5000000000001
 31
0.0
  0
LINE
  5
DD
330
1E6
100
AcDbEntity
  8
0
100
AcDbLine
 10
-488.0
 20
662.5000000000001
 30
0.0
 11
-488.0
 21
837.5000000000001
 31
0.0
  0
LINE
  5
DE
330
1E6
100
AcDbEntity
  8
0
100
AcDbLine
 10
-488.0
 20
837.5000000000001
 30
0.0
 11
-663.0
 21
837.5000000000001
 31
0.0
  0
LINE
  5
DF
330
1E6
100
AcDbEntity
  8
0
100
AcDbLine
 10
-663.0
 20
837.5000000000001
 30
0.0
 11
-663.0
 21
662.5000000000001
 31
0.0
  0
LINE
  5
E0
330
1E6
100
AcDbEntity
  8
0
100
AcDbLine
 10
-462.0
 20
662.5000000000001
 30
0.0
 11
-287.0
 21
662.5000000000001
 31
0.0
  0
LINE
  5
E1
330
1E6
100
AcDbEntity
  8
0
100
AcDbLine
 10
-287.0
 20
662.5000000000001
 30
0.0
 11
-287.0
 21
837.5000000000001
 31
0.0
  0
LINE
  5
E2
330
1E6
100
AcDbEntity
  8
0
100
AcDbLine
 10
-287.0
 20
837.5000000000001
 30
0.0
 11
-462.0
 21
837.5000000000001
 31
0.0
  0
LINE
  5
E3
330
1E6
100
AcDbEntity
  8
0
100
AcDbLine
 10
-462.0
 20
837.5000000000001
 30
0.0
 11
-462.0
 21
662.5000000000001
 31
0.0
  0
LINE
  5
E4
330
1E6
100
AcDbEntity
  8
0
100
AcDbLine
 10
488.0
 20
662.5
 30
0.0
 11
663.0
 21
662.5
 31
0.0
  0
LINE
  5
E5
330
1E6
100
AcDbEntity
  8
0
100
AcDbLine
 10
663.0
 20
662.5
 30
0.0
 11
663.0
 21
837.5
 31
0.0
  0
LINE
  5
E6
330
1E6
100
AcDbEntity
  8
0
100
AcDbLine
 10
663.0
 20
837.5
 30
0.0
 11
488.0
 21
837.5
 31
0.0
  0
LINE
  5
E7
330
1E6
100
AcDbEntity
  8
0
100
AcDbLine
 10
488.0
 20
837.5
 30
0.0
 11
488.0
 21
662.5
 31
0.0
  0
LINE
  5
E8
330
1E6
100
AcDbEntity
  8
0
100
AcDbLine
 10
287.0
 20
662.5
 30
0.0
 11
462.0
 21
662.5
 31
0.0
  0
LINE
  5
E9
330
1E6
100
AcDbEntity
  8
0
100
AcDbLine
 10
462.0
 20
662.5
 30
0.0
 11
462.0
 21
837.5
 31
0.0
  0
LINE
  5
EA
330
1E6
100
AcDbEntity
  8
0
100
AcDbLine
 10
462.0
 20
837.5
 30
0.0
 11
287.0
 21
837.5
 31
0.0
  0
LINE
  5
EB
330
1E6
100
AcDbEntity
  8
0
100
AcDbLine
 10
287.0
 20
837.5
 30
0.0
 11
287.0
 21
662.5
 31
0.0
  0
LINE
  5
EC
330
1E6
100
AcDbEntity
  8
sketch
100
AcDbLine
 10
-1500.0
 20
837.5000000000002
 30
0.0
 11
1500.0
 21
837.5000000000002
 31
0.0
  0
LINE
  5
ED
330
1E6
100
AcDbEntity
  8
sketch
100
AcDbLine
 10
-815.0000000000001
 20
0.0
 30
0.0
 11
-815.0
 21
1200.0
 31
0.0
  0
LINE
  5
EE
330
1E6
100
AcDbEntity
  8
sketch
100
AcDbLine
 10
-1500.0
 20
690.0
 30
0.0
 11
1500.0
 21
690.0
 31
0.0
  0
LINE
  5
EF
330
1E6
100
AcDbEntity
  8
0
100
AcDbLine
 10
-815.0000000000001
 20
690.0
 30
0.0
 11
-685.0000000000001
 21
690.0
 31
0.0
  0
XLINE
  5
F0
330
1E6
100
AcDbEntity
  8
sketch
100
AcDbXline
 10
0.0
 20
0.0
 30
0.0
 11
0.0
 21
0.0
 31
1.0
  0
LINE
  5
F1
330
1E6
100
AcDbEntity
  8
sketch
100
AcDbLine
 10
-782.8192086964443
 20
835.306835089424
 30
0.0
 11
-895.8192086964443
 21
693.306835089424
 31
0.0
  0
LINE
  5
F2
330
1E6
100
AcDbEntity
  8
0
100
AcDbLine
 10
-815.0000000000001
 20
690.0
 30
0.0
 11
-815.0000000000001
 21
794.8672566371681
 31
0.0
  0
LINE
  5
F3
330
1E6
100
AcDbEntity
  8
0
100
AcDbLine
 10
-815.0000000000001
 20
794.8672566371681
 30
0.0
 11
-795.0000000000001
 21
820.0
 31
0.0
  0
CIRCLE
  5
F4
330
1E6
100
AcDbEntity
  8
sketch
100
AcDbCircle
 10
-705.0
 20
819.9445196860391
 30
0.0
 40
20.0
  0
ARC
  5
F5
330
1E6
100
AcDbEntity
  8
0
100
AcDbCircle
 10
-705.0
 20
819.9445196860391
 30
0.0
 40
20.0
100
AcDbArc
 50
0.0
 51
102.8042660652867
  0
LINE
  5
F6
330
1E6
100
AcDbEntity
  8
0
100
AcDbLine
 10
-795.0000000000001
 20
820.0000000000001
 30
0.0
 11
-709.4324220717793
 21
839.4471768018683
 31
0.0
  0
LINE
  5
F7
330
1E6
100
AcDbEntity
  8
0
100
AcDbLine
 10
-685.0
 20
819.9445196860391
 30
0.0
 11
-685.0
 21
690.0
 31
0.0
  0
XLINE
  5
F8
330
1E6
100
AcDbEntity
  8
sketch
100
AcDbXline
 10
0.0
 20
0.0
 30
0.0
 11
0.0
 21
0.0
 31
1.0
  0
XLINE
  5
F9
330
1E6
100
AcDbEntity
  8
sketch
100
AcDbXline
 10
0.0
 20
0.0
 30
0.0
 11
0.0
 21
0.0
 31
1.0
  0
LINE
  5
FA
330
1E6
100
AcDbEntity
  8
sketch
100
AcDbLine
 10
814.9999999999999
 20
0.0000000000000018
 30
0.0
 11
815.0
 21
1200.0
 31
0.0
  0
CIRCLE
  5
FB
330
1E6
100
AcDbEntity
  8
sketch
100
AcDbCircle
 10
705.0
 20
819.9445196860391
 30
0.0
 40
20.0
  0
LINE
  5
FC
330
1E6
100
AcDbEntity
  8
0
100
AcDbLine
 10
685.0
 20
819.9445196860391
 30
0.0
 11
684.9999999999999
 21
690.0
 31
0.0
  0
LINE
  5
FD
330
1E6
100
AcDbEntity
  8
0
100
AcDbLine
 10
685.0
 20
690.0
 30
0.0
 11
814.9999999999999
 21
690.0
 31
0.0
  0
LINE
  5
FE
330
1E6
100
AcDbEntity
  8
0
100
AcDbLine
 10
814.9999999999999
 20
690.0
 30
0.0
 11
814.9999999999999
 21
794.8672566371682
 31
0.0
  0
LINE
  5
FF
330
1E6
100
AcDbEntity
  8
0
100
AcDbLine
 10
814.9999999999999
 20
794.8672566371682
 30
0.0
 11
795.0
 21
820.0
 31
0.0
  0
LINE
  5
100
330
1E6
100
AcDbEntity
  8
0
100
AcDbLine
 10
795.0
 20
820.0
 30
0.0
 11
709.4324220717793
 21
839.4471768018683
 31
0.0
  0
ARC
  5
101
330
1E6
100
AcDbEntity
  8
0
100
AcDbCircle
 10
705.0
 20
819.9445196860391
 30
0.0
 40
19.99999999999995
100
AcDbArc
 50
77.19573393471329
 51
180.0
  0
LINE
  5
102
330
1E6
100
AcDbEntity
  8
sketch
100
AcDbLine
 10
-930.0
 20
630.0
 30
0.0
 11
-930.0
 21
523.0
 31
0.0
  0
CIRCLE
  5
103
330
1E6
100
AcDbEntity
  8
sketch
100
AcDbCircle
 10
-930.0
 20
576.5
 30
0.0
 40
40.0
  0
CIRCLE
  5
104
330
1E6
100
AcDbEntity
  8
sketch
100
AcDbCircle
 10
930.0
 20
576.5
 30
0.0
 40
40.0
  0
LINE
  5
105
330
1E6
100
AcDbEntity
  8
0
100
AcDbLine
 10
-889.9999999999999
 20
561.5883117545687
 30
0.0
 11
-889.9999999999999
 21
591.4116882454313
 31
0.0
  0
LINE
  5
106
330
1E6
100
AcDbEntity
  8
0
100
AcDbLine
 10
970.0000000000001
 20
561.5883117545687
 30
0.0
 11
970.0000000000001
 21
591.4116882454313
 31
0.0
  0
ARC
  5
107
330
1E6
100
AcDbEntity
  8
0
100
AcDbCircle
 10
-893.9999999999999
 20
591.4116882454313
 30
0.0
 40
4.0
100
AcDbArc
 50
0.0
 51
45.0
  0
ARC
  5
108
330
1E6
100
AcDbEntity
  8
0
100
AcDbCircle
 10
966.0000000000001
 20
591.4116882454313
 30
0.0
 40
4.0
100
AcDbArc
 50
0.0
 51
45.0
  0
LINE
  5
109
330
1E6
100
AcDbEntity
  8
0
100
AcDbLine
 10
-891.1715728752537
 20
594.2401153701775
 30
0.0
 11
-912.2598846298225
 21
615.3284271247461
 31
0.0
  0
LINE
  5
10A
330
1E6
100
AcDbEntity
  8
0
100
AcDbLine
 10
968.8284271247463
 20
594.2401153701775
 30
0.0
 11
947.7401153701775
 21
615.3284271247461
 31
0.0
  0
ARC
  5
10B
330
1E6
100
AcDbEntity
  8
0
100
AcDbCircle
 10
-915.0883117545686
 20
612.4999999999999
 30
0.0
 40
4.0
100
AcDbArc
 50
45.00000000000116
 51
90.0
  0
ARC
  5
10C
330
1E6
100
AcDbEntity
  8
0
100
AcDbCircle
 10
944.9116882454314
 20
612.4999999999999
 30
0.0
 40
4.0
100
AcDbArc
 50
45.00000000000116
 51
90.0
  0
LINE
  5
10D
330
1E6
100
AcDbEntity
  8
0
100
AcDbLine
 10
-915.0883117545686
 20
616.4999999999999
 30
0.0
 11
-944.9116882454316
 21
616.4999999999999
 31
0.0
  0
LINE
  5
10E
330
1E6
100
AcDbEntity
  8
0
100
AcDbLine
 10
944.9116882454314
 20
616.4999999999999
 30
0.0
 11
915.0883117545684
 21
616.4999999999999
 31
0.0
  0
ARC
  5
10F
330
1E6
100
AcDbEntity
  8
0
100
AcDbCircle
 10
-944.9116882454316
 20
612.4999999999999
 30
0.0
 40
4.0
100
AcDbArc
 50
90.0
 51
135.0000000000011
  0
ARC
  5
110
330
1E6
100
AcDbEntity
  8
0
100
AcDbCircle
 10
915.0883117545684
 20
612.4999999999999
 30
0.0
 40
4.0
100
AcDbArc
 50
90.0
 51
135.0000000000011
  0
LINE
  5
111
330
1E6
100
AcDbEntity
  8
0
100
AcDbLine
 10
-947.7401153701778
 20
615.328427124746
 30
0.0
 11
-968.8284271247462
 21
594.2401153701776
 31
0.0
  0
LINE
  5
112
330
1E6
100
AcDbEntity
  8
0
100
AcDbLine
 10
912.2598846298222
 20
615.328427124746
 30
0.0
 11
891.1715728752538
 21
594.2401153701776
 31
0.0
  0
ARC
  5
113
330
1E6
100
AcDbEntity
  8
0
100
AcDbCircle
 10
-966.0
 20
591.4116882454314
 30
0.0
 40
4.0
100
AcDbArc
 50
135.0
 51
180.0
  0
ARC
  5
114
330
1E6
100
AcDbEntity
  8
0
100
AcDbCircle
 10
894.0
 20
591.4116882454314
 30
0.0
 40
4.0
100
AcDbArc
 50
135.0
 51
180.0
  0
LINE
  5
115
330
1E6
100
AcDbEntity
  8
0
100
AcDbLine
 10
-970.0
 20
591.4116882454314
 30
0.0
 11
-970.0
 21
561.5883117545685
 31
0.0
  0
LINE
  5
116
330
1E6
100
AcDbEntity
  8
0
100
AcDbLine
 10
890.0
 20
591.4116882454314
 30
0.0
 11
890.0
 21
561.5883117545685
 31
0.0
  0
ARC
  5
117
330
1E6
100
AcDbEntity
  8
0
100
AcDbCircle
 10
-966.0
 20
561.5883117545685
 30
0.0
 40
4.0
100
AcDbArc
 50
180.0
 51
224.9999999999988
  0
ARC
  5
118
330
1E6
100
AcDbEntity
  8
0
100
AcDbCircle
 10
894.0
 20
561.5883117545685
 30
0.0
 40
4.0
100
AcDbArc
 50
180.0
 51
224.9999999999988
  0
LINE
  5
119
330
1E6
100
AcDbEntity
  8
0
100
AcDbLine
 10
-968.8284271247462
 20
558.7598846298224
 30
0.0
 11
-947.7401153701776
 21
537.6715728752538
 31
0.0
  0
LINE
  5
11A
330
1E6
100
AcDbEntity
  8
0
100
AcDbLine
 10
891.1715728752538
 20
558.7598846298224
 30
0.0
 11
912.2598846298224
 21
537.6715728752538
 31
0.0
  0
ARC
  5
11B
330
1E6
100
AcDbEntity
  8
0
100
AcDbCircle
 10
-944.9116882454314
 20
540.5
 30
0.0
 40
4.0
100
AcDbArc
 50
225.0
 51
270.0
  0
ARC
  5
11C
330
1E6
100
AcDbEntity
  8
0
100
AcDbCircle
 10
915.0883117545686
 20
540.5
 30
0.0
 40
4.0
100
AcDbArc
 50
225.0
 51
270.0
  0
LINE
  5
11D
330
1E6
100
AcDbEntity
  8
0
100
AcDbLine
 10
-944.9116882454314
 20
536.5
 30
0.0
 11
-915.0883117545687
 21
536.5
 31
0.0
  0
LINE
  5
11E
330
1E6
100
AcDbEntity
  8
0
100
AcDbLine
 10
915.0883117545686
 20
536.5
 30
0.0
 11
944.9116882454313
 21
536.5
 31
0.0
  0
ARC
  5
11F
330
1E6
100
AcDbEntity
  8
0
100
AcDbCircle
 10
-915.0883117545687
 20
540.5
 30
0.0
 40
4.0
100
AcDbArc
 50
270.0
 51
315.0000000000011
  0
ARC
  5
120
330
1E6
100
AcDbEntity
  8
0
100
AcDbCircle
 10
944.9116882454313
 20
540.5
 30
0.0
 40
4.0
100
AcDbArc
 50
270.0
 51
315.0000000000011
  0
LINE
  5
121
330
1E6
100
AcDbEntity
  8
0
100
AcDbLine
 10
-912.2598846298225
 20
537.6715728752539
 30
0.0
 11
-891.1715728752537
 21
558.7598846298225
 31
0.0
  0
LINE
  5
122
330
1E6
100
AcDbEntity
  8
0
100
AcDbLine
 10
947.7401153701775
 20
537.6715728752539
 30
0.0
 11
968.8284271247463
 21
558.7598846298225
 31
0.0
  0
ARC
  5
123
330
1E6
100
AcDbEntity
  8
0
100
AcDbCircle
 10
-893.9999999999999
 20
561.5883117545687
 30
0.0
 40
4.0
100
AcDbArc
 50
315.0
 51
0.0
  0
ARC
  5
124
330
1E6
100
AcDbEntity
  8
0
100
AcDbCircle
 10
966.0000000000001
 20
561.5883117545687
 30
0.0
 40
4.0
100
AcDbArc
 50
315.0
 51
0.0
  0
LINE
  5
125
330
1E6
100
AcDbEntity
  8
sketch
100
AcDbLine
 10
930.0
 20
630.0
 30
0.0
 11
930.0
 21
523.0
 31
0.0
  0
LINE
  5
126
330
1E6
100
AcDbEntity
  8
0
100
AcDbLine
 10
-87.5
 20
481.9999999999999
 30
0.0
 11
87.5
 21
481.9999999999999
 31
0.0
  0
LINE
  5
127
330
1E6
100
AcDbEntity
  8
0
100
AcDbLine
 10
87.5
 20
481.9999999999999
 30
0.0
 11
87.5
 21
657.0
 31
0.0
  0
LINE
  5
128
330
1E6
100
AcDbEntity
  8
0
100
AcDbLine
 10
87.5
 20
657.0
 30
0.0
 11
-87.5
 21
657.0
 31
0.0
  0
LINE
  5
129
330
1E6
100
AcDbEntity
  8
0
100
AcDbLine
 10
-87.5
 20
657.0
 30
0.0
 11
-87.5
 21
481.9999999999999
 31
0.0
  0
LINE
  5
12A
330
1E6
100
AcDbEntity
  8
0
100
AcDbLine
 10
-87.5
 20
675.0
 30
0.0
 11
87.5
 21
675.0
 31
0.0
  0
LINE
  5
12B
330
1E6
100
AcDbEntity
  8
0
100
AcDbLine
 10
87.5
 20
675.0
 30
0.0
 11
87.5
 21
850.0
 31
0.0
  0
LINE
  5
12C
330
1E6
100
AcDbEntity
  8
0
100
AcDbLine
 10
87.5
 20
850.0
 30
0.0
 11
-87.5
 21
850.0
 31
0.0
  0
LINE
  5
12D
330
1E6
100
AcDbEntity
  8
0
100
AcDbLine
 10
-87.5
 20
850.0
 30
0.0
 11
-87.5
 21
675.0
 31
0.0
  0
LINE
  5
12E
330
1E6
100
AcDbEntity
  8
sketch
100
AcDbLine
 10
-119.9999999999997
 20
2170.0
 30
0.0
 11
-120.0000000000004
 21
-830.0
 31
0.0
  0
LINE
  5
12F
330
1E6
100
AcDbEntity
  8
sketch
100
AcDbLine
 10
119.9999999999996
 20
-830.0
 30
0.0
 11
120.0000000000004
 21
2170.0
 31
0.0
  0
LINE
  5
130
330
1E6
100
AcDbEntity
  8
0
100
AcDbLine
 10
124.0
 20
480.0
 30
0.0
 11
245.9999999999999
 21
480.0
 31
0.0
  0
ARC
  5
131
330
1E6
100
AcDbEntity
  8
0
100
AcDbCircle
 10
245.9999999999999
 20
484.0
 30
0.0
 40
4.0
100
AcDbArc
 50
270.0
 51
0.0
  0
LINE
  5
132
330
1E6
100
AcDbEntity
  8
0
100
AcDbLine
 10
249.9999999999999
 20
484.0
 30
0.0
 11
249.9999999999999
 21
556.0
 31
0.0
  0
ARC
  5
133
330
1E6
100
AcDbEntity
  8
0
100
AcDbCircle
 10
245.9999999999999
 20
556.0
 30
0.0
 40
4.0
100
AcDbArc
 50
0.0
 51
90.0
  0
LINE
  5
134
330
1E6
100
AcDbEntity
  8
0
100
AcDbLine
 10
245.9999999999999
 20
560.0
 30
0.0
 11
124.0
 21
560.0
 31
0.0
  0
ARC
  5
135
330
1E6
100
AcDbEntity
  8
0
100
AcDbCircle
 10
124.0
 20
556.0
 30
0.0
 40
4.0
100
AcDbArc
 50
90.0
 51
180.0
  0
LINE
  5
136
330
1E6
100
AcDbEntity
  8
0
100
AcDbLine
 10
120.0
 20
556.0
 30
0.0
 11
120.0
 21
484.0
 31
0.0
  0
ARC
  5
137
330
1E6
100
AcDbEntity
  8
0
100
AcDbCircle
 10
124.0
 20
484.0
 30
0.0
 40
4.0
100
AcDbArc
 50
180.0
 51
270.0
  0
LINE
  5
138
330
1E6
100
AcDbEntity
  8
0
100
AcDbLine
 10
-246.0000000000001
 20
480.0
 30
0.0
 11
-124.0
 21
480.0
 31
0.0
  0
ARC
  5
139
330
1E6
100
AcDbEntity
  8
0
100
AcDbCircle
 10
-124.0
 20
484.0
 30
0.0
 40
4.0
100
AcDbArc
 50
270.0
 51
0.0
  0
LINE
  5
13A
330
1E6
100
AcDbEntity
  8
0
100
AcDbLine
 10
-120.0
 20
484.0
 30
0.0
 11
-120.0
 21
556.0
 31
0.0
  0
ARC
  5
13B
330
1E6
100
AcDbEntity
  8
0
100
AcDbCircle
 10
-124.0
 20
556.0
 30
0.0
 40
4.0
100
AcDbArc
 50
0.0
 51
90.0
  0
LINE
  5
13C
330
1E6
100
AcDbEntity
  8
0
100
AcDbLine
 10
-124.0
 20
560.0
 30
0.0
 11
-246.0000000000001
 21
560.0
 31
0.0
  0
ARC
  5
13D
330
1E6
100
AcDbEntity
  8
0
100
AcDbCircle
 10
-246.0000000000001
 20
556.0
 30
0.0
 40
4.0
100
AcDbArc
 50
90.0
 51
180.0
  0
LINE
  5
13E
330
1E6
100
AcDbEntity
  8
0
100
AcDbLine
 10
-250.0000000000001
 20
556.0
 30
0.0
 11
-250.0000000000001
 21
484.0
 31
0.0
  0
ARC
  5
13F
330
1E6
100
AcDbEntity
  8
0
100
AcDbCircle
 10
-246.0000000000001
 20
484.0
 30
0.0
 40
4.0
100
AcDbArc
 50
180.0
 51
270.0
  0
LINE
  5
140
330
1E6
100
AcDbEntity
  8
sketch
100
AcDbLine
 10
-1500.0
 20
680.0
 30
0.0
 11
1500.0
 21
680.0
 31
0.0
  0
LINE
  5
141
330
1E6
100
AcDbEntity
  8
sketch
100
AcDbLine
 10
-120.0
 20
680.0
 30
0.0
 11
-190.0
 21
680.0
 31
0.0
  0
LINE
  5
142
330
1E6
100
AcDbEntity
  8
sketch
100
AcDbLine
 10
-190.0
 20
680.0
 30
0.0
 11
-190.0
 21
750.0
 31
0.0
  0
LINE
  5
143
330
1E6
100
AcDbEntity
  8
sketch
100
AcDbLine
 10
-190.0
 20
750.0
 30
0.0
 11
-120.0
 21
750.0
 31
0.0
  0
LINE
  5
144
330
1E6
100
AcDbEntity
  8
sketch
100
AcDbLine
 10
-120.0
 20
750.0
 30
0.0
 11
-120.0
 21
680.0
 31
0.0
  0
LINE
  5
145
330
1E6
100
AcDbEntity
  8
sketch
100
AcDbLine
 10
120.0
 20
680.0
 30
0.0
 11
190.0
 21
680.0
 31
0.0
  0
LINE
  5
146
330
1E6
100
AcDbEntity
  8
sketch
100
AcDbLine
 10
190.0
 20
680.0
 30
0.0
 11
190.0
 21
750.0
 31
0.0
  0
LINE
  5
147
330
1E6
100
AcDbEntity
  8
sketch
100
AcDbLine
 10
190.0
 20
750.0
 30
0.0
 11
120.0
 21
750.0
 31
0.0
  0
LINE
  5
148
330
1E6
100
AcDbEntity
  8
sketch
100
AcDbLine
 10
120.0
 20
750.0
 30
0.0
 11
120.0
 21
680.0
 31
0.0
  0
LINE
  5
149
330
1E6
100
AcDbEntity
  8
0
100
AcDbLine
 10
-190.0
 20
740.0
 30
0.0
 11
-180.0
 21
750.0
 31
0.0
  0
LINE
  5
14A
330
1E6
100
AcDbEntity
  8
0
100
AcDbLine
 10
-180.0
 20
750.0
 30
0.0
 11
-130.0
 21
750.0
 31
0.0
  0
LINE
  5
14B
330
1E6
100
AcDbEntity
  8
0
100
AcDbLine
 10
-130.0
 20
750.0
 30
0.0
 11
-120.0
 21
740.0
 31
0.0
  0
LINE
  5
14C
330
1E6
100
AcDbEntity
  8
0
100
AcDbLine
 10
-120.0
 20
740.0
 30
0.0
 11
-120.0
 21
690.0
 31
0.0
  0
LINE
  5
14D
330
1E6
100
AcDbEntity
  8
0
100
AcDbLine
 10
-120.0
 20
690.0
 30
0.0
 11
-130.0
 21
680.0
 31
0.0
  0
LINE
  5
14E
330
1E6
100
AcDbEntity
  8
0
100
AcDbLine
 10
-130.0
 20
680.0
 30
0.0
 11
-180.0
 21
680.0
 31
0.0
  0
LINE
  5
14F
330
1E6
100
AcDbEntity
  8
0
100
AcDbLine
 10
-180.0
 20
680.0
 30
0.0
 11
-190.0
 21
690.0
 31
0.0
  0
LINE
  5
150
330
1E6
100
AcDbEntity
  8
0
100
AcDbLine
 10
-190.0
 20
690.0
 30
0.0
 11
-190.0
 21
740.0
 31
0.0
  0
LINE
  5
151
330
1E6
100
AcDbEntity
  8
0
100
AcDbLine
 10
120.0
 20
740.0
 30
0.0
 11
130.0
 21
750.0
 31
0.0
  0
LINE
  5
152
330
1E6
100
AcDbEntity
  8
0
100
AcDbLine
 10
130.0
 20
750.0
 30
0.0
 11
180.0
 21
750.0
 31
0.0
  0
LINE
  5
153
330
1E6
100
AcDbEntity
  8
0
100
AcDbLine
 10
180.0
 20
750.0
 30
0.0
 11
190.0
 21
740.0
 31
0.0
  0
LINE
  5
154
330
1E6
100
AcDbEntity
  8
0
100
AcDbLine
 10
190.0
 20
740.0
 30
0.0
 11
190.0
 21
690.0
 31
0.0
  0
LINE
  5
155
330
1E6
100
AcDbEntity
  8
0
100
AcDbLine
 10
190.0
 20
690.0
 30
0.0
 11
180.0
 21
680.0
 31
0.0
  0
LINE
  5
156
330
1E6
100
AcDbEntity
  8
0
100
AcDbLine
 10
180.0
 20
680.0
 30
0.0
 11
130.0
 21
680.0
 31
0.0
  0
LINE
  5
157
330
1E6
100
AcDbEntity
  8
0
100
AcDbLine
 10
130.0
 20
680.0
 30
0.0
 11
120.0
 21
690.0
 31
0.0
  0
LINE
  5
158
330
1E6
100
AcDbEntity
  8
0
100
AcDbLine
 10
120.0
 20
690.0
 30
0.0
 11
120.0
 21
740.0
 31
0.0
  0
LINE
  5
159
330
1E6
100
AcDbEntity
  8
sketch
100
AcDbLine
 10
-120.0
 20
670.0
 30
0.0
 11
-190.0
 21
670.0
 31
0.0
  0
LINE
  5
15A
330
1E6
100
AcDbEntity
  8
sketch
100
AcDbLine
 10
-190.0
 20
670.0
 30
0.0
 11
-190.0
 21
570.0
 31
0.0
  0
LINE
  5
15B
330
1E6
100
AcDbEntity
  8
sketch
100
AcDbLine
 10
-190.0
 20
570.0
 30
0.0
 11
-120.0
 21
570.0
 31
0.0
  0
LINE
  5
15C
330
1E6
100
AcDbEntity
  8
sketch
100
AcDbLine
 10
-120.0
 20
570.0
 30
0.0
 11
-120.0
 21
670.0
 31
0.0
  0
LINE
  5
15D
330
1E6
100
AcDbEntity
  8
0
100
AcDbLine
 10
-180.0
 20
670.0
 30
0.0
 11
-190.0
 21
660.0
 31
0.0
  0
LINE
  5
15E
330
1E6
100
AcDbEntity
  8
0
100
AcDbLine
 10
-190.0
 20
660.0
 30
0.0
 11
-190.0
 21
580.0
 31
0.0
  0
LINE
  5
15F
330
1E6
100
AcDbEntity
  8
0
100
AcDbLine
 10
-190.0
 20
580.0
 30
0.0
 11
-180.0
 21
570.0
 31
0.0
  0
LINE
  5
160
330
1E6
100
AcDbEntity
  8
0
100
AcDbLine
 10
-180.0
 20
570.0
 30
0.0
 11
-130.0
 21
570.0
 31
0.0
  0
LINE
  5
161
330
1E6
100
AcDbEntity
  8
0
100
AcDbLine
 10
-130.0
 20
570.0
 30
0.0
 11
-120.0
 21
580.0
 31
0.0
  0
LINE
  5
162
330
1E6
100
AcDbEntity
  8
0
100
AcDbLine
 10
-120.0
 20
580.0
 30
0.0
 11
-120.0
 21
660.0
 31
0.0
  0
LINE
  5
163
330
1E6
100
AcDbEntity
  8
0
100
AcDbLine
 10
-120.0
 20
660.0
 30
0.0
 11
-130.0
 21
670.0
 31
0.0
  0
LINE
  5
164
330
1E6
100
AcDbEntity
  8
0
100
AcDbLine
 10
-130.0
 20
670.0
 30
0.0
 11
-179.9999999999999
 21
670.0
 31
0.0
  0
LINE
  5
165
330
1E6
100
AcDbEntity
  8
sketch
100
AcDbLine
 10
120.0
 20
670.0
 30
0.0
 11
180.0
 21
670.0
 31
0.0
  0
LINE
  5
166
330
1E6
100
AcDbEntity
  8
sketch
100
AcDbLine
 10
180.0
 20
670.0
 30
0.0
 11
180.0
 21
570.0
 31
0.0
  0
LINE
  5
167
330
1E6
100
AcDbEntity
  8
sketch
100
AcDbLine
 10
180.0
 20
570.0
 30
0.0
 11
120.0
 21
570.0
 31
0.0
  0
LINE
  5
168
330
1E6
100
AcDbEntity
  8
sketch
100
AcDbLine
 10
120.0
 20
570.0
 30
0.0
 11
120.0
 21
670.0
 31
0.0
  0
LINE
  5
169
330
1E6
100
AcDbEntity
  8
0
100
AcDbLine
 10
120.0
 20
660.0
 30
0.0
 11
130.0
 21
670.0
 31
0.0
  0
LINE
  5
16A
330
1E6
100
AcDbEntity
  8
0
100
AcDbLine
 10
130.0
 20
670.0
 30
0.0
 11
170.0
 21
670.0
 31
0.0
  0
LINE
  5
16B
330
1E6
100
AcDbEntity
  8
0
100
AcDbLine
 10
170.0
 20
670.0
 30
0.0
 11
180.0
 21
660.0
 31
0.0
  0
LINE
  5
16C
330
1E6
100
AcDbEntity
  8
0
100
AcDbLine
 10
180.0
 20
660.0
 30
0.0
 11
180.0
 21
580.0
 31
0.0
  0
LINE
  5
16D
330
1E6
100
AcDbEntity
  8
0
100
AcDbLine
 10
180.0
 20
580.0
 30
0.0
 11
170.0
 21
570.0
 31
0.0
  0
LINE
  5
16E
330
1E6
100
AcDbEntity
  8
0
100
AcDbLine
 10
170.0
 20
570.0
 30
0.0
 11
130.0
 21
570.0
 31
0.0
  0
LINE
  5
16F
330
1E6
100
AcDbEntity
  8
0
100
AcDbLine
 10
130.0
 20
570.0
 30
0.0
 11
120.0
 21
580.0
 31
0.0
  0
LINE
  5
170
330
1E6
100
AcDbEntity
  8
0
100
AcDbLine
 10
120.0
 20
580.0
 30
0.0
 11
120.0
 21
660.0
 31
0.0
  0
LINE
  5
171
330
1E6
100
AcDbEntity
  8
sketch
100
AcDbLine
 10
190.0
 20
570.0
 30
0.0
 11
250.0
 21
570.0
 31
0.0
  0
LINE
  5
172
330
1E6
100
AcDbEntity
  8
sketch
100
AcDbLine
 10
250.0
 20
570.0
 30
0.0
 11
250.0
 21
630.0
 31
0.0
  0
LINE
  5
173
330
1E6
100
AcDbEntity
  8
sketch
100
AcDbLine
 10
250.0
 20
630.0
 30
0.0
 11
190.0
 21
630.0
 31
0.0
  0
LINE
  5
174
330
1E6
100
AcDbEntity
  8
sketch
100
AcDbLine
 10
190.0
 20
630.0
 30
0.0
 11
190.0
 21
570.0
 31
0.0
  0
LINE
  5
175
330
1E6
100
AcDbEntity
  8
0
100
AcDbLine
 10
190.0
 20
620.0
 30
0.0
 11
200.0
 21
630.0
 31
0.0
  0
LINE
  5
176
330
1E6
100
AcDbEntity
  8
0
100
AcDbLine
 10
200.0
 20
630.0
 30
0.0
 11
240.0
 21
630.0
 31
0.0
  0
LINE
  5
177
330
1E6
100
AcDbEntity
  8
0
100
AcDbLine
 10
240.0
 20
630.0
 30
0.0
 11
250.0
 21
620.0
 31
0.0
  0
LINE
  5
178
330
1E6
100
AcDbEntity
  8
0
100
AcDbLine
 10
250.0
 20
620.0
 30
0.0
 11
250.0
 21
580.0
 31
0.0
  0
LINE
  5
179
330
1E6
100
AcDbEntity
  8
0
100
AcDbLine
 10
250.0
 20
580.0
 30
0.0
 11
240.0
 21
570.0
 31
0.0
  0
LINE
  5
17A
330
1E6
100
AcDbEntity
  8
0
100
AcDbLine
 10
240.0
 20
570.0
 30
0.0
 11
200.0
 21
570.0
 31
0.0
  0
LINE
  5
17B
330
1E6
100
AcDbEntity
  8
0
100
AcDbLine
 10
200.0
 20
570.0
 30
0.0
 11
190.0
 21
580.0
 31
0.0
  0
LINE
  5
17C
330
1E6
100
AcDbEntity
  8
0
100
AcDbLine
 10
190.0
 20
580.0
 30
0.0
 11
190.0
 21
620.0
 31
0.0
  0
LINE
  5
17D
330
1E6
100
AcDbEntity
  8
sketch
100
AcDbLine
 10
110.0
 20
760.0
 30
0.0
 11
300.0
 21
760.0
 31
0.0
  0
LINE
  5
17E
330
1E6
100
AcDbEntity
  8
sketch
100
AcDbLine
 10
200.0
 20
770.0
 30
0.0
 11
200.0
 21
670.0
 31
0.0
  0
LINE
  5
17F
330
1E6
100
AcDbEntity
  8
sketch
100
AcDbLine
 10
90.0
 20
860.0
 30
0.0
 11
264.9999999999999
 21
860.0
 31
0.0
  0
LINE
  5
180
330
1E6
100
AcDbEntity
  8
sketch
100
AcDbLine
 10
250.0
 20
880.0
 30
0.0
 11
250.0
 21
660.0
 31
0.0
  0
LINE
  5
181
330
1E6
100
AcDbEntity
  8
0
100
AcDbLine
 10
240.0
 20
860.0
 30
0.0
 11
240.0
 21
850.0
 31
0.0
  0
LINE
  5
182
330
1E6
100
AcDbEntity
  8
0
100
AcDbLine
 10
240.0
 20
850.0
 30
0.0
 11
250.0
 21
850.0
 31
0.0
  0
LINE
  5
183
330
1E6
100
AcDbEntity
  8
0
100
AcDbLine
 10
250.0
 20
850.0
 30
0.0
 11
250.0
 21
700.0
 31
0.0
  0
LINE
  5
184
330
1E6
100
AcDbEntity
  8
0
100
AcDbLine
 10
250.0
 20
700.0
 30
0.0
 11
240.0
 21
700.0
 31
0.0
  0
LINE
  5
185
330
1E6
100
AcDbEntity
  8
0
100
AcDbLine
 10
240.0
 20
700.0
 30
0.0
 11
239.9999999999998
 21
690.0
 31
0.0
  0
LINE
  5
186
330
1E6
100
AcDbEntity
  8
0
100
AcDbLine
 10
239.9999999999998
 20
690.0
 30
0.0
 11
200.0
 21
690.0
 31
0.0
  0
LINE
  5
187
330
1E6
100
AcDbEntity
  8
0
100
AcDbLine
 10
200.0
 20
690.0
 30
0.0
 11
200.0
 21
760.0
 31
0.0
  0
LINE
  5
188
330
1E6
100
AcDbEntity
  8
0
100
AcDbLine
 10
200.0
 20
760.0
 30
0.0
 11
130.0
 21
760.0
 31
0.0
  0
LINE
  5
189
330
1E6
100
AcDbEntity
  8
0
100
AcDbLine
 10
130.0
 20
760.0
 30
0.0
 11
130.0
 21
770.0
 31
0.0
  0
LINE
  5
18A
330
1E6
100
AcDbEntity
  8
0
100
AcDbLine
 10
130.0
 20
770.0
 30
0.0
 11
120.0
 21
770.0
 31
0.0
  0
LINE
  5
18B
330
1E6
100
AcDbEntity
  8
0
100
AcDbLine
 10
120.0
 20
770.0
 30
0.0
 11
120.0
 21
850.0
 31
0.0
  0
LINE
  5
18C
330
1E6
100
AcDbEntity
  8
0
100
AcDbLine
 10
120.0
 20
850.0
 30
0.0
 11
130.0
 21
850.0
 31
0.0
  0
LINE
  5
18D
330
1E6
100
AcDbEntity
  8
0
100
AcDbLine
 10
130.0
 20
850.0
 30
0.0
 11
130.0
 21
860.0
 31
0.0
  0
LINE
  5
18E
330
1E6
100
AcDbEntity
  8
0
100
AcDbLine
 10
130.0
 20
860.0
 30
0.0
 11
240.0
 21
860.0
 31
0.0
  0
LINE
  5
18F
330
1E6
100
AcDbEntity
  8
0
100
AcDbLine
 10
-250.0
 20
720.0
 30
0.0
 11
-210.0
 21
720.0
 31
0.0
  0
LINE
  5
190
330
1E6
100
AcDbEntity
  8
0
100
AcDbLine
 10
-210.0
 20
720.0
 30
0.0
 11
-210.0
 21
710.0
 31
0.0
  0
LINE
  5
191
330
1E6
100
AcDbEntity
  8
0
100
AcDbLine
 10
-210.0
 20
710.0
 30
0.0
 11
-200.0
 21
710.0
 31
0.0
  0
LINE
  5
192
330
1E6
100
AcDbEntity
  8
0
100
AcDbLine
 10
-200.0
 20
710.0
 30
0.0
 11
-200.0
 21
640.0
 31
0.0
  0
LINE
  5
193
330
1E6
100
AcDbEntity
  8
0
100
AcDbLine
 10
-200.0
 20
640.0
 30
0.0
 11
-240.0
 21
640.0
 31
0.0
  0
LINE
  5
194
330
1E6
100
AcDbEntity
  8
0
100
AcDbLine
 10
-240.0
 20
640.0
 30
0.0
 11
-240.0
 21
650.0
 31
0.0
  0
LINE
  5
195
330
1E6
100
AcDbEntity
  8
0
100
AcDbLine
 10
-240.0
 20
650.0
 30
0.0
 11
-250.0
 21
650.0
 31
0.0
  0
LINE
  5
196
330
1E6
100
AcDbEntity
  8
0
100
AcDbLine
 10
-250.0
 20
650.0
 30
0.0
 11
-250.0
 21
720.0
 31
0.0
  0
DIMENSION
  5
197
330
1E6
100
AcDbEntity
  8
sketch
100
AcDbDimension
280
     0
 10
-662.5676255903821
 20
643.2331472735079
 30
0.0
 11
-475.4885148233468
 21
750.8664225168793
 31
0.0
 70
    33
 71
     5
 42
-1.0
 73
     0
 74
     0
 75
     0
  3
QCADDimStyle
100
AcDbAlignedDimension
 13
-663.0
 23
644.0
 33
0.0
 14
-287.0
 24
856.0
 34
0.0
1001
ACAD
1000
DSTYLE
1002
{
1070
   289
1070
     0
1002
}
  0
DIMENSION
  5
198
330
1E6
100
AcDbEntity
  8
sketch
100
AcDbDimension
280
     0
 10
-663.0
 20
920.0
 30
0.0
 11
-475.0
 21
921.875
 31
0.0
 70
    33
 71
     5
 42
-1.0
 73
     0
 74
     0
 75
     0
  3
QCADDimStyle
100
AcDbAlignedDimension
 13
-663.0
 23
856.0
 33
0.0
 14
-287.0
 24
856.0
 34
0.0
1001
ACAD
1000
DSTYLE
1002
{
1070
   289
1070
     0
1002
}
  0
DIMENSION
  5
199
330
1E6
100
AcDbEntity
  8
sketch
100
AcDbDimension
280
     0
 10
-700.0
 20
856.0
 30
0.0
 11
-701.875
 21
750.0
 31
0.0
 70
    33
 71
     5
 42
-1.0
 73
     0
 74
     0
 75
     0
  3
QCADDimStyle
100
AcDbAlignedDimension
 13
-663.0
 23
856.0
 33
0.0
 14
-663.0
 24
644.0
 34
0.0
1001
ACAD
1000
DSTYLE
1002
{
1070
   289
1070
     0
1002
}
  0
LINE
  5
19A
330
1E6
100
AcDbEntity
  8
sketch
100
AcDbLine
 10
-666.95
 20
643.0500000000001
 30
0.0
 11
-283.0500000000001
 21
643.0500000000001
 31
0.0
  0
LINE
  5
19B
330
1E6
100
AcDbEntity
  8
sketch
100
AcDbLine
 10
-283.0500000000001
 20
643.0500000000001
 30
0.0
 11
-283.0500000000001
 21
856.9500000000002
 31
0.0
  0
LINE
  5
19C
330
1E6
100
AcDbEntity
  8
sketch
100
AcDbLine
 10
-283.0500000000001
 20
856.9500000000002
 30
0.0
 11
-666.95
 21
856.9500000000002
 31
0.0
  0
LINE
  5
19D
330
1E6
100
AcDbEntity
  8
sketch
100
AcDbLine
 10
-666.95
 20
856.9500000000002
 30
0.0
 11
-666.95
 21
643.0500000000001
 31
0.0
  0
LINE
  5
19E
330
1E6
100
AcDbEntity
  8
sketch
100
AcDbLine
 10
-190.0
 20
750.0
 30
0.0
 11
-120.0
 21
680.0
 31
0.0
  0
LINE
  5
19F
330
1E6
100
AcDbEntity
  8
sketch
100
AcDbLine
 10
-120.0
 20
750.0
 30
0.0
 11
-190.0
 21
680.0
 31
0.0
  0
LINE
  5
1A0
330
1E6
100
AcDbEntity
  8
sketch
100
AcDbLine
 10
-193.45
 20
683.0500000000001
 30
0.0
 11
-116.5500000000001
 21
683.0500000000001
 31
0.0
  0
LINE
  5
1A1
330
1E6
100
AcDbEntity
  8
sketch
100
AcDbLine
 10
-116.5500000000001
 20
683.0500000000001
 30
0.0
 11
-116.5500000000001
 21
746.9500000000002
 31
0.0
  0
LINE
  5
1A2
330
1E6
100
AcDbEntity
  8
sketch
100
AcDbLine
 10
-116.5500000000001
 20
746.9500000000002
 30
0.0
 11
-193.45
 21
746.9500000000002
 31
0.0
  0
LINE
  5
1A3
330
1E6
100
AcDbEntity
  8
sketch
100
AcDbLine
 10
-193.45
 20
746.9500000000002
 30
0.0
 11
-193.45
 21
683.0500000000001
 31
0.0
  0
LINE
  5
1A4
330
1E6
100
AcDbEntity
  8
sketch
100
AcDbLine
 10
-250.0
 20
560.0
 30
0.0
 11
-120.0
 21
480.0
 31
0.0
  0
LINE
  5
1A5
330
1E6
100
AcDbEntity
  8
sketch
100
AcDbLine
 10
-120.0
 20
560.0
 30
0.0
 11
-250.0
 21
480.0
 31
0.0
  0
LINE
  5
1A6
330
1E6
100
AcDbEntity
  8
sketch
100
AcDbLine
 10
120.0
 20
560.0
 30
0.0
 11
250.0
 21
480.0
 31
0.0
  0
LINE
  5
1A7
330
1E6
100
AcDbEntity
  8
sketch
100
AcDbLine
 10
250.0
 20
560.0
 30
0.0
 11
120.0
 21
480.0
 31
0.0
  0
LINE
  5
1A8
330
1E6
100
AcDbEntity
  8
sketch
100
AcDbLine
 10
146.55
 20
488.05
 30
0.0
 11
223.45
 21
488.05
 31
0.0
  0
LINE
  5
1A9
330
1E6
100
AcDbEntity
  8
sketch
100
AcDbLine
 10
223.45
 20
488.05
 30
0.0
 11
223.45
 21
551.95
 31
0.0
  0
LINE
  5
1AA
330
1E6
100
AcDbEntity
  8
sketch
100
AcDbLine
 10
223.45
 20
551.95
 30
0.0
 11
146.55
 21
551.95
 31
0.0
  0
LINE
  5
1AB
330
1E6
100
AcDbEntity
  8
sketch
100
AcDbLine
 10
146.55
 20
551.95
 30
0.0
 11
146.55
 21
488.05
 31
0.0
  0
LINE
  5
1AC
330
1E6
100
AcDbEntity
  8
sketch
100
AcDbLine
 10
-223.45
 20
488.05
 30
0.0
 11
-146.55
 21
488.05
 31
0.0
  0
LINE
  5
1AD
330
1E6
100
AcDbEntity
  8
sketch
100
AcDbLine
 10
-146.55
 20
488.05
 30
0.0
 11
-146.55
 21
551.95
 31
0.0
  0
LINE
  5
1AE
330
1E6
100
AcDbEntity
  8
sketch
100
AcDbLine
 10
-146.55
 20
551.95
 30
0.0
 11
-223.45
 21
551.95
 31
0.0
  0
LINE
  5
1AF
330
1E6
100
AcDbEntity
  8
sketch
100
AcDbLine
 10
-223.45
 20
551.95
 30
0.0
 11
-223.45
 21
488.05
 31
0.0
  0
LINE
  5
1B1
330
1E6
100
AcDbEntity
  8
Screens
100
AcDbLine
 10
-666.95
 20
856.95
 30
0.0
 11
-283.0500000000001
 21
856.95
 31
0.0
  0
LINE
  5
1B2
330
1E6
100
AcDbEntity
  8
Screens
100
AcDbLine
 10
-283.0500000000001
 20
856.95
 30
0.0
 11
-283.0500000000001
 21
643.0500000000001
 31
0.0
  0
LINE
  5
1B3
330
1E6
100
AcDbEntity
  8
Screens
100
AcDbLine
 10
-283.0500000000001
 20
643.0500000000001
 30
0.0
 11
-666.95
 21
643.0500000000001
 31
0.0
  0
LINE
  5
1B4
330
1E6
100
AcDbEntity
  8
Screens
100
AcDbLine
 10
-666.95
 20
643.0500000000001
 30
0.0
 11
-666.95
 21
856.95
 31
0.0
  0
LINE
  5
1B5
330
1E6
100
AcDbEntity
  8
Screens
100
AcDbLine
 10
-223.45
 20
551.9500000000002
 30
0.0
 11
-146.55
 21
551.9500000000002
 31
0.0
  0
LINE
  5
1B6
330
1E6
100
AcDbEntity
  8
Screens
100
AcDbLine
 10
-146.55
 20
551.9500000000002
 30
0.0
 11
-146.55
 21
488.0500000000001
 31
0.0
  0
LINE
  5
1B7
330
1E6
100
AcDbEntity
  8
Screens
100
AcDbLine
 10
-146.55
 20
488.0500000000001
 30
0.0
 11
-223.45
 21
488.0500000000001
 31
0.0
  0
LINE
  5
1B8
330
1E6
100
AcDbEntity
  8
Screens
100
AcDbLine
 10
-223.45
 20
488.0500000000001
 30
0.0
 11
-223.45
 21
551.9500000000002
 31
0.0
  0
LINE
  5
1B9
330
1E6
100
AcDbEntity
  8
Screens
100
AcDbLine
 10
-193.45
 20
683.0500000000001
 30
0.0
 11
-116.5500000000001
 21
683.0500000000001
 31
0.0
  0
LINE
  5
1BA
330
1E6
100
AcDbEntity
  8
Screens
100
AcDbLine
 10
-116.5500000000001
 20
683.0500000000001
 30
0.0
 11
-116.5500000000001
 21
746.9500000000002
 31
0.0
  0
LINE
  5
1BB
330
1E6
100
AcDbEntity
  8
Screens
100
AcDbLine
 10
-116.5500000000001
 20
746.9500000000002
 30
0.0
 11
-193.45
 21
746.9500000000002
 31
0.0
  0
LINE
  5
1BC
330
1E6
100
AcDbEntity
  8
Screens
100
AcDbLine
 10
-193.45
 20
746.9500000000002
 30
0.0
 11
-193.45
 21
683.0500000000001
 31
0.0
  0
LINE
  5
1BD
330
1E6
100
AcDbEntity
  8
Screens
100
AcDbLine
 10
146.55
 20
551.9500000000002
 30
0.0
 11
223.45
 21
551.9500000000002
 31
0.0
  0
LINE
  5
1BE
330
1E6
100
AcDbEntity
  8
Screens
100
AcDbLine
 10
223.45
 20
551.9500000000002
 30
0.0
 11
223.45
 21
488.0500000000001
 31
0.0
  0
LINE
  5
1BF
330
1E6
100
AcDbEntity
  8
Screens
100
AcDbLine
 10
223.45
 20
488.0500000000001
 30
0.0
 11
146.55
 21
488.0500000000001
 31
0.0
  0
LINE
  5
1C0
330
1E6
100
AcDbEntity
  8
Screens
100
AcDbLine
 10
146.55
 20
488.0500000000001
 30
0.0
 11
146.55
 21
551.9500000000002
 31
0.0
  0
LINE
  5
1C1
330
1E6
100
AcDbEntity
  8
Screens
100
AcDbLine
 10
-106.0
 20
857.9999999999999
 30
0.0
 11
105.9999999999998
 21
857.9999999999999
 31
0.0
  0
LINE
  5
1C2
330
1E6
100
AcDbEntity
  8
Screens
100
AcDbLine
 10
105.9999999999998
 20
857.9999999999999
 30
0.0
 11
105.9999999999998
 21
481.9999999999999
 31
0.0
  0
LINE
  5
1C3
330
1E6
100
AcDbEntity
  8
Screens
100
AcDbLine
 10
105.9999999999998
 20
481.9999999999999
 30
0.0
 11
-106.0
 21
481.9999999999999
 31
0.0
  0
LINE
  5
1C4
330
1E6
100
AcDbEntity
  8
Screens
100
AcDbLine
 10
-106.0
 20
481.9999999999999
 30
0.0
 11
-106.0
 21
857.9999999999999
 31
0.0
  0
LINE
  5
1C5
330
1E6
100
AcDbEntity
  8
Screens
100
AcDbLine
 10
663.0
 20
856.0
 30
0.0
 11
287.0
 21
856.0
 31
0.0
  0
LINE
  5
1C6
330
1E6
100
AcDbEntity
  8
Screens
100
AcDbLine
 10
287.0
 20
856.0
 30
0.0
 11
287.0
 21
644.0
 31
0.0
  0
LINE
  5
1C7
330
1E6
100
AcDbEntity
  8
Screens
100
AcDbLine
 10
287.0
 20
644.0
 30
0.0
 11
663.0
 21
644.0
 31
0.0
  0
LINE
  5
1C8
330
1E6
100
AcDbEntity
  8
Screens
100
AcDbLine
 10
663.0
 20
644.0
 30
0.0
 11
663.0
 21
856.0
 31
0.0
  0
VIEWPORT
  5
29F
330
29B
100
AcDbEntity
 67
     1
  8
0
100
AcDbViewport
 10
128.5
 20
97.5
 30
0.0
 40
314.226
 41
222.18
 68
     1
 69
     1
 12
128.5
 22
97.5
 13
0.0
 23
0.0
 14
10.0
 24
10.0
 15
10.0
 25
10.0
 16
0.0
 26
0.0
 36
1.0
 17
0.0
 27
0.0
 37
0.0
 42
50.0
 43
0.0
 44
0.0
 45
222.18
 50
0.0
 51
0.0
 72
   100
 90
   557152
  1

281
     0
 71
     1
 74
     0
110
0.0
120
0.0
130
0.0
111
1.0
121
0.0
131
0.0
112
0.0
122
1.0
132
0.0
 79
     0
146
0.0
170
     0
 61
     5
348
1F6
292
     1
282
     1
141
0.0
142
0.0
 63
   256
361
2A0
  0
ENDSEC
  0
SECTION
  2
OBJECTS
  0
DICTIONARY
  5
1D4
330
0
100
AcDbDictionary
281
     1
  3
ACAD_DETAILVIEWSTYLE
350
2AE
  3
ACAD_GROUP
350
1D5
  3
ACAD_IMAGE_VARS
350
25D
  3
ACAD_LAYOUT
350
1E1
  3
ACAD_MATERIAL
350
20A
  3
ACAD_MLEADERSTYLE
350
222
  3
ACAD_MLINESTYLE
350
1DE
  3
ACAD_PLOTSETTINGS
350
1E0
  3
ACAD_PLOTSTYLENAME
350
1D6
  3
ACAD_SCALELIST
350
20E
  3
ACAD_SECTIONVIEWSTYLE
350
2AF
  3
ACAD_TABLESTYLE
350
220
  3
ACAD_VISUALSTYLE
350
1F1
  3
ACDB_RECOMPOSE_DATA
350
2AB
  3
AcDbVariableDictionary
350
2A7
  3
QCAD_OBJECTS
350
226
  0
SUN
  5
224
330
1F0
100
AcDbSun
 90
        1
290
     0
 63
     7
421
 16777215
 40
1.0
291
     1
 91
  2455826
 92
 54000000
292
     0
 70
     2
 71
   256
280
     1
  0
SUN
  5
29A
330
299
100
AcDbSun
 90
        1
290
     0
 63
     7
421
 16777215
 40
1.0
291
     1
 91
  2455826
 92
 54000000
292
     0
 70
     2
 71
   256
280
     1
  0
SUN
  5
2A0
330
29F
100
AcDbSun
 90
        1
290
     0
 63
     7
421
 16777215
 40
1.0
291
     1
 91
  2455826
 92
 54000000
292
     0
 70
     2
 71
   256
280
     1
  0
DICTIONARY
  5
2AE
102
{ACAD_REACTORS
330
1D4
102
}
330
1D4
100
AcDbDictionary
281
     1
  0
DICTIONARY
  5
1D5
102
{ACAD_REACTORS
330
1D4
102
}
330
1D4
100
AcDbDictionary
281
     1
  0
RASTERVARIABLES
  5
25D
102
{ACAD_REACTORS
330
1D4
102
}
330
1D4
100
AcDbRasterVariables
 90
        0
 70
     1
 71
     1
 72
     1
  0
DICTIONARY
  5
1E1
102
{ACAD_REACTORS
330
1D4
102
}
330
1D4
100
AcDbDictionary
281
     1
  3
Layout1
350
1E5
  3
Layout2
350
29C
  3
Model
350
1E9
  0
DICTIONARY
  5
20A
102
{ACAD_REACTORS
330
1D4
102
}
330
1D4
100
AcDbDictionary
281
     1
  3
ByBlock
350
20C
  3
ByLayer
350
20B
  3
Global
350
20D
  0
DICTIONARY
  5
222
102
{ACAD_REACTORS
330
1D4
102
}
330
1D4
100
AcDbDictionary
281
     1
  3
Standard
350
223
  0
DICTIONARY
  5
1DE
102
{ACAD_REACTORS
330
1D4
102
}
330
1D4
100
AcDbDictionary
281
     1
  3
Standard
350
1DF
  0
DICTIONARY
  5
1E0
102
{ACAD_REACTORS
330
1D4
102
}
330
1D4
100
AcDbDictionary
281
     1
  0
ACDBDICTIONARYWDFLT
  5
1D6
102
{ACAD_REACTORS
330
1D4
102
}
330
1D4
100
AcDbDictionary
281
     1
  3
Normal
350
1D7
100
AcDbDictionaryWithDefault
340
1D7
  0
DICTIONARY
  5
20E
102
{ACAD_REACTORS
330
1D4
102
}
330
1D4
100
AcDbDictionary
281
     1
  3
A0
350
20F
  3
A1
350
210
  3
A2
350
211
  3
A3
350
212
  3
A4
350
213
  3
A5
350
214
  3
A6
350
215
  3
A7
350
216
  3
A8
350
217
  3
A9
350
218
  3
B1
350
219
  3
B2
350
21A
  3
B3
350
21B
  3
B4
350
21C
  3
B5
350
21D
  3
B6
350
21E
  3
B7
350
21F
  0
DICTIONARY
  5
2AF
102
{ACAD_REACTORS
330
1D4
102
}
330
1D4
100
AcDbDictionary
281
     1
  0
DICTIONARY
  5
220
102
{ACAD_REACTORS
330
1D4
102
}
330
1D4
100
AcDbDictionary
281
     1
  3
Standard
350
221
  0
DICTIONARY
  5
1F1
102
{ACAD_REACTORS
330
1D4
102
}
330
1D4
100
AcDbDictionary
281
     1
  3
2dWireframe
350
1F6
  3
Basic
350
1F9
  3
Brighten
350
1FD
  3
ColorChange
350
201
  3
Conceptual
350
1FB
  3
Dim
350
1FC
  3
EdgeColorOff
350
204
  3
Facepattern
350
200
  3
Flat
350
1F2
  3
FlatWithEdges
350
1F3
  3
Gouraud
350
1F4
  3
GouraudWithEdges
350
1F5
  3
Hidden
350
1F8
  3
JitterOff
350
202
  3
Linepattern
350
1FF
  3
OverhangOff
350
203
  3
Realistic
350
1FA
  3
Shaded
350
209
  3
Shaded with edges
350
208
  3
Shades of Gray
350
205
  3
Sketchy
350
206
  3
Thicken
350
1FE
  3
Wireframe
350
1F7
  3
X-Ray
350
207
  0
XRECORD
  5
2AB
102
{ACAD_REACTORS
330
1D4
102
}
330
1D4
100
AcDbXrecord
280
     1
 90
        1
330
221
  0
DICTIONARY
  5
2A7
102
{ACAD_REACTORS
330
1D4
102
}
330
1D4
100
AcDbDictionary
281
     1
  3
CANNOSCALE
350
2A8
  3
CMLEADERSTYLE
350
2AD
  3
CTABLESTYLE
350
2AC
  0
DICTIONARY
  5
226
102
{ACAD_REACTORS
330
1D4
102
}
330
1D4
100
AcDbDictionary
281
     1
  3
ColorSettings/BackgroundColor
350
228
  3
ColorSettings/ColorMode
350
229
  3
Grid/DisplayGrid00
350
22A
  3
Grid/DisplayGrid01
350
22B
  3
Grid/DisplayGrid02
350
22C
  3
Grid/DisplayGrid03
350
22D
  3
Grid/GridSpacingX00
350
22E
  3
Grid/GridSpacingX01
350
22F
  3
Grid/GridSpacingX02
350
230
  3
Grid/GridSpacingX03
350
231
  3
Grid/GridSpacingY00
350
232
  3
Grid/GridSpacingY01
350
233
  3
Grid/GridSpacingY02
350
234
  3
Grid/GridSpacingY03
350
235
  3
Grid/IsometricGrid00
350
236
  3
Grid/IsometricGrid01
350
237
  3
Grid/IsometricGrid02
350
238
  3
Grid/IsometricGrid03
350
239
  3
Grid/IsometricProjection00
350
23A
  3
Grid/IsometricProjection01
350
23B
  3
Grid/IsometricProjection02
350
23C
  3
Grid/IsometricProjection03
350
23D
  3
Grid/MetaGridSpacingX00
350
23E
  3
Grid/MetaGridSpacingX01
350
23F
  3
Grid/MetaGridSpacingX02
350
240
  3
Grid/MetaGridSpacingX03
350
241
  3
Grid/MetaGridSpacingY00
350
242
  3
Grid/MetaGridSpacingY01
350
243
  3
Grid/MetaGridSpacingY02
350
244
  3
Grid/MetaGridSpacingY03
350
245
  3
MultiPageSettings/Columns
350
246
  3
MultiPageSettings/GlueMarginsBottom
350
247
  3
MultiPageSettings/GlueMarginsLeft
350
248
  3
MultiPageSettings/GlueMarginsRight
350
249
  3
MultiPageSettings/GlueMarginsTop
350
24A
  3
MultiPageSettings/PrintCropMarks
350
24B
  3
MultiPageSettings/Rows
350
24C
  3
PageSettings/OffsetX
350
24D
  3
PageSettings/OffsetY
350
24E
  3
PageSettings/PageOrientation
350
24F
  3
PageSettings/PaperHeight
350
250
  3
PageSettings/PaperWidth
350
251
  3
PageSettings/Scale
350
252
  3
PageSettings/ShowPaperBorders
350
253
  3
PageTagSettings/EnablePageTags
350
254
  3
PageTagSettings/TagAlignment
350
255
  3
PageTagSettings/TagFont
350
256
  3
PageTagSettings/TagPosition
350
257
  3
QCADVersion
350
258
  3
UnitSettings/PaperUnit
350
259
  3
ViewportCenter
350
25A
  3
ViewportHeight
350
25B
  3
ViewportWidth
350
25C
  0
LAYOUT
  5
1E5
102
{ACAD_REACTORS
330
1E1
102
}
330
1E1
100
AcDbPlotSettings
  1

  2
none_device
  4
ISO_A4_(210.00_x_297.00_MM)
  6

 40
7.5
 41
20.0
 42
7.5
 43
20.0
 44
210.0
 45
297.0
 46
0.0
 47
0.0
 48
0.0
 49
0.0
140
0.0
141
0.0
142
1.0
143
1.0
 70
   688
 72
     1
 73
     1
 74
     5
  7

 75
    16
 76
     0
 77
     2
 78
   300
147
1.0
148
0.0
149
0.0
100
AcDbLayout
  1
Layout1
 70
     1
 71
     1
 10
-20.0
 20
-7.5
 11
277.0
 21
202.5
 12
0.0
 22
0.0
 32
0.0
 14
1.000000000000000E+20
 24
1.000000000000000E+20
 34
1.000000000000000E+20
 15
-1.000000000000000E+20
 25
-1.000000000000000E+20
 35
-1.000000000000000E+20
146
0.0
 13
0.0
 23
0.0
 33
0.0
 16
1.0
 26
0.0
 36
0.0
 17
0.0
 27
1.0
 37
0.0
 76
     0
330
1E2
331
299
  0
LAYOUT
  5
29C
102
{ACAD_REACTORS
330
1E1
102
}
330
1E1
100
AcDbPlotSettings
  1

  2
none_device
  4
ISO_A4_(210.00_x_297.00_MM)
  6

 40
7.5
 41
20.0
 42
7.5
 43
20.0
 44
210.0
 45
297.0
 46
0.0
 47
0.0
 48
0.0
 49
0.0
140
0.0
141
0.0
142
1.0
143
1.0
 70
   688
 72
     1
 73
     1
 74
     5
  7

 75
    16
 76
     0
 77
     2
 78
   300
147
1.0
148
0.0
149
0.0
100
AcDbLayout
  1
Layout2
 70
     1
 71
     2
 10
0.0
 20
0.0
 11
12.0
 21
9.0
 12
0.0
 22
0.0
 32
0.0
 14
0.0
 24
0.0
 34
0.0
 15
0.0
 25
0.0
 35
0.0
146
0.0
 13
0.0
 23
0.0
 33
0.0
 16
1.0
 26
0.0
 36
0.0
 17
0.0
 27
1.0
 37
0.0
 76
     0
330
29B
331
29F
  0
LAYOUT
  5
1E9
102
{ACAD_REACTORS
330
1E1
102
}
330
1E1
100
AcDbPlotSettings
  1

  2
none_device
  4
Letter_(8.50_x_11.00_Inches)
  6

 40
6.35
 41
6.35
 42
6.35000508
 43
6.35000508
 44
215.9
 45
279.4
 46
0.0
 47
0.0
 48
0.0
 49
0.0
140
0.0
141
0.0
142
1.0
143
1.0
 70
  1712
 72
     0
 73
     0
 74
     0
  7

 75
     0
 76
     0
 77
     2
 78
   300
147
1.0
148
0.0
149
0.0
100
AcDbLayout
  1
Model
 70
     1
 71
     0
 10
0.0
 20
0.0
 11
12.0
 21
9.0
 12
0.0
 22
0.0
 32
0.0
 14
-1500.0
 24
-830.0
 34
0.0
 15
1500.0
 25
2170.0
 35
1.0
146
0.0
 13
0.0
 23
0.0
 33
0.0
 16
1.0
 26
0.0
 36
0.0
 17
0.0
 27
1.0
 37
0.0
 76
     0
330
1E6
331
1F0
  0
MATERIAL
  5
20C
102
{ACAD_REACTORS
330
20A
102
}
330
20A
100
AcDbMaterial
  1
ByBlock
 72
     1
 94
      127
  0
MATERIAL
  5
20B
102
{ACAD_REACTORS
330
20A
102
}
330
20A
100
AcDbMaterial
  1
ByLayer
 72
     1
 94
      127
  0
MATERIAL
  5
20D
102
{ACAD_REACTORS
330
20A
102
}
330
20A
100
AcDbMaterial
  1
Global
 72
     1
 94
      127
  0
MLEADERSTYLE
  5
223
102
{ACAD_REACTORS
330
222
102
}
330
222
100
AcDbMLeaderStyle
179
     2
170
     2
171
     1
172
     0
 90
        2
 40
0.0
 41
0.0
173
     1
 91
-1056964608
340
1DB
 92
       -2
290
     1
 42
0.09
291
     1
 43
0.36
  3
Standard
341
0
 44
0.18
300

342
1D9
174
     1
178
     6
175
     1
176
     0
 93
-1056964608
 45
0.18
292
     0
297
     0
 46
0.18
343
0
 94
-1056964608
 47
1.0
 49
1.0
140
1.0
293
     1
141
0.0
294
     1
177
     0
142
1.0
295
     0
296
     0
143
0.125
271
     0
272
     9
273
     9
298
     0
  0
MLINESTYLE
  5
1DF
102
{ACAD_REACTORS
330
1DE
102
}
330
1DE
100
AcDbMlineStyle
  2
Standard
 70
     0
  3

 62
   256
 51
90.0
 52
90.0
 71
     2
 49
0.5
 62
   256
  6
BYLAYER
 49
-0.5
 62
   256
  6
BYLAYER
  0
ACDBPLACEHOLDER
  5
1D7
102
{ACAD_REACTORS
330
1D6
102
}
330
1D6
  0
SCALE
  5
20F
102
{ACAD_REACTORS
330
20E
102
}
330
20E
100
AcDbScale
 70
     0
300
1:1
140
1.0
141
1.0
290
     1
  0
SCALE
  5
210
102
{ACAD_REACTORS
330
20E
102
}
330
20E
100
AcDbScale
 70
     0
300
1/128" = 1'-0"
140
0.0078125
141
12.0
290
     0
  0
SCALE
  5
211
102
{ACAD_REACTORS
330
20E
102
}
330
20E
100
AcDbScale
 70
     0
300
1/64" = 1'-0"
140
0.015625
141
12.0
290
     0
  0
SCALE
  5
212
102
{ACAD_REACTORS
330
20E
102
}
330
20E
100
AcDbScale
 70
     0
300
1/32" = 1'-0"
140
0.03125
141
12.0
290
     0
  0
SCALE
  5
213
102
{ACAD_REACTORS
330
20E
102
}
330
20E
100
AcDbScale
 70
     0
300
1/16" = 1'-0"
140
0.0625
141
12.0
290
     0
  0
SCALE
  5
214
102
{ACAD_REACTORS
330
20E
102
}
330
20E
100
AcDbScale
 70
     0
300
3/32" = 1'-0"
140
0.09375
141
12.0
290
     0
  0
SCALE
  5
215
102
{ACAD_REACTORS
330
20E
102
}
330
20E
100
AcDbScale
 70
     0
300
1/8" = 1'-0"
140
0.125
141
12.0
290
     0
  0
SCALE
  5
216
102
{ACAD_REACTORS
330
20E
102
}
330
20E
100
AcDbScale
 70
     0
300
3/16" = 1'-0"
140
0.1875
141
12.0
290
     0
  0
SCALE
  5
217
102
{ACAD_REACTORS
330
20E
102
}
330
20E
100
AcDbScale
 70
     0
300
1/4" = 1'-0"
140
0.25
141
12.0
290
     0
  0
SCALE
  5
218
102
{ACAD_REACTORS
330
20E
102
}
330
20E
100
AcDbScale
 70
     0
300
3/8" = 1'-0"
140
0.375
141
12.0
290
     0
  0
SCALE
  5
219
102
{ACAD_REACTORS
330
20E
102
}
330
20E
100
AcDbScale
 70
     0
300
1/2" = 1'-0"
140
0.5
141
12.0
290
     0
  0
SCALE
  5
21A
102
{ACAD_REACTORS
330
20E
102
}
330
20E
100
AcDbScale
 70
     0
300
3/4" = 1'-0"
140
0.75
141
12.0
290
     0
  0
SCALE
  5
21B
102
{ACAD_REACTORS
330
20E
102
}
330
20E
100
AcDbScale
 70
     0
300
1" = 1'-0"
140
1.0
141
12.0
290
     0
  0
SCALE
  5
21C
102
{ACAD_REACTORS
330
20E
102
}
330
20E
100
AcDbScale
 70
     0
300
1-1/2" = 1'-0"
140
1.5
141
12.0
290
     0
  0
SCALE
  5
21D
102
{ACAD_REACTORS
330
20E
102
}
330
20E
100
AcDbScale
 70
     0
300
3" = 1'-0"
140
3.0
141
12.0
290
     0
  0
SCALE
  5
21E
102
{ACAD_REACTORS
330
20E
102
}
330
20E
100
AcDbScale
 70
     0
300
6" = 1'-0"
140
6.0
141
12.0
290
     0
  0
SCALE
  5
21F
102
{ACAD_REACTORS
330
20E
102
}
330
20E
100
AcDbScale
 70
     0
300
1'-0" = 1'-0"
140
12.0
141
12.0
290
     0
  0
TABLESTYLE
  5
221
102
{ACAD_REACTORS
330
220
102
}
102
{ACAD_XDICTIONARY
360
2A9
102
}
330
220
100
AcDbTableStyle
  3
Standard
 70
     0
 71
     0
 40
0.06
 41
0.06
280
     0
281
     0
  7
Standard
140
0.18
170
     2
 62
     0
 63
   257
283
     0
 90
        4
 91
        0
  1

274
    -2
284
     1
 64
     0
275
    -2
285
     1
 65
     0
276
    -2
286
     1
 66
     0
277
    -2
287
     1
 67
     0
278
    -2
288
     1
 68
     0
279
    -2
289
     1
 69
     0
  7
Standard
140
0.25
170
     5
 62
     0
 63
   257
283
     0
 90
        4
 91
        0
  1

274
    -2
284
     1
 64
     0
275
    -2
285
     1
 65
     0
276
    -2
286
     1
 66
     0
277
    -2
287
     1
 67
     0
278
    -2
288
     1
 68
     0
279
    -2
289
     1
 69
     0
  7
Standard
140
0.18
170
     5
 62
     0
 63
   257
283
     0
 90
        4
 91
        0
  1

274
    -2
284
     1
 64
     0
275
    -2
285
     1
 65
     0
276
    -2
286
     1
 66
     0
277
    -2
287
     1
 67
     0
278
    -2
288
     1
 68
     0
279
    -2
289
     1
 69
     0
  0
VISUALSTYLE
  5
1F6
102
{ACAD_REACTORS
330
1F1
102
}
330
1F1
100
AcDbVisualStyle
  2
2dWireframe
 70
     4
177
     3
291
     0
 70
    58
 90
        0
176
     1
 90
        2
176
     1
 90
        0
176
     1
 90
        0
176
     1
 40
0.6
176
     1
 40
30.0
176
     1
 62
     7
420
 16777215
176
     1
 90
        1
176
     1
 90
        4
176
     1
 62
     7
176
     1
 62
   257
176
     1
 90
        1
176
     1
 90
        1
176
     1
 40
1.0
176
     1
 90
        0
176
     1
 62
   257
176
     1
 40
1.0
176
     1
 90
        1
176
     1
 90
        6
176
     1
 90
        2
176
     1
 62
     7
176
     1
 90
        5
176
     1
 90
        0
176
     1
 90
        0
176
     1
290
     0
176
     1
 90
        1
176
     1
 40
0.0
176
     1
 90
        0
176
     1
290
     1
176
     1
290
     1
176
     1
290
     0
176
     1
290
     0
176
     1
290
     0
176
     1
290
     0
176
     1
290
     0
176
     1
290
     0
176
     1
290
     0
176
     1
 90
       50
176
     1
 40
0.0
176
     1
 40
1.0
176
     1
 90
        0
176
     1
 62
    18
420
        0
176
     1
 90
       50
176
     1
 90
        3
176
     1
 62
     5
420
      255
176
     1
290
     0
176
     1
 90
       50
176
     1
 90
       50
176
     1
 90
       50
176
     1
290
     0
176
     1
 90
       50
176
     1
 62
   256
176
     0
 40
1.0
176
     0
 90
        2
176
     1
  1
strokes_ogs.tif
176
     1
290
     0
176
     1
 40
1.0
176
     1
 40
1.0
176
     1
  0
VISUALSTYLE
  5
1F9
102
{ACAD_REACTORS
330
1F1
102
}
330
1F1
100
AcDbVisualStyle
  2
Basic
 70
     7
177
     3
291
     1
 70
    58
 90
        1
176
     1
 90
        0
176
     1
 90
        1
176
     1
 90
        0
176
     1
 40
0.6
176
     1
 40
30.0
176
     1
 62
     7
420
 16777215
176
     1
 90
        0
176
     1
 90
        4
176
     1
 62
     7
176
     1
 62
   257
176
     1
 90
        1
176
     1
 90
        1
176
     1
 40
1.0
176
     1
 90
        8
176
     1
 62
     7
176
     1
 40
1.0
176
     1
 90
        1
176
     1
 90
        6
176
     1
 90
        2
176
     1
 62
     7
176
     1
 90
        5
176
     1
 90
        0
176
     1
 90
        0
176
     1
290
     0
176
     1
 90
        1
176
     1
 40
0.0
176
     1
 90
        0
176
     1
290
     0
176
     1
290
     1
176
     1
290
     1
176
     1
290
     0
176
     1
290
     0
176
     1
290
     0
176
     1
290
     0
176
     1
290
     0
176
     1
290
     0
176
     1
 90
       50
176
     1
 40
0.0
176
     1
 40
1.0
176
     1
 90
        0
176
     1
 62
    18
420
        0
176
     1
 90
       50
176
     1
 90
        3
176
     1
 62
     5
420
      255
176
     1
290
     0
176
     1
 90
       50
176
     1
 90
       50
176
     1
 90
       50
176
     1
290
     0
176
     1
 90
       50
176
     1
 62
   256
176
     0
 40
1.0
176
     0
 90
        2
176
     1
  1
strokes_ogs.tif
176
     1
290
     0
176
     1
 40
1.0
176
     1
 40
1.0
176
     1
  0
VISUALSTYLE
  5
1FD
102
{ACAD_REACTORS
330
1F1
102
}
330
1F1
100
AcDbVisualStyle
  2
Brighten
 70
    12
177
     3
291
     1
 70
    58
 90
        2
176
     1
 90
        2
176
     1
 90
        0
176
     1
 90
        0
176
     1
 40
0.6
176
     1
 40
30.0
176
     1
 62
     7
420
 16777215
176
     1
 90
        1
176
     1
 90
        4
176
     1
 62
     7
176
     1
 62
   257
176
     1
 90
        1
176
     1
 90
        1
176
     1
 40
1.0
176
     1
 90
        8
176
     1
 62
     7
176
     1
 40
1.0
176
     1
 90
        1
176
     1
 90
        6
176
     1
 90
        2
176
     1
 62
     7
176
     1
 90
        5
176
     1
 90
        0
176
     1
 90
        0
176
     1
290
     0
176
     1
 90
        1
176
     1
 40
50.0
176
     1
 90
        0
176
     1
290
     0
176
     1
290
     1
176
     1
290
     1
176
     1
290
     0
176
     1
290
     0
176
     1
290
     0
176
     1
290
     0
176
     1
290
     0
176
     1
290
     0
176
     1
 90
       50
176
     1
 40
0.0
176
     1
 40
1.0
176
     1
 90
        0
176
     1
 62
    18
420
        0
176
     1
 90
       50
176
     1
 90
        3
176
     1
 62
     5
420
      255
176
     1
290
     0
176
     1
 90
       50
176
     1
 90
       50
176
     1
 90
       50
176
     1
290
     0
176
     1
 90
       50
176
     1
 62
   256
176
     0
 40
1.0
176
     0
 90
        2
176
     1
  1
strokes_ogs.tif
176
     1
290
     0
176
     1
 40
1.0
176
     1
 40
1.0
176
     1
  0
VISUALSTYLE
  5
201
102
{ACAD_REACTORS
330
1F1
102
}
330
1F1
100
AcDbVisualStyle
  2
ColorChange
 70
    16
177
     3
291
     1
 70
    58
 90
        2
176
     1
 90
        2
176
     1
 90
        3
176
     1
 90
        0
176
     1
 40
0.6
176
     1
 40
30.0
176
     1
 62
     8
420
  8421504
176
     1
 90
        1
176
     1
 90
        4
176
     1
 62
     7
176
     1
 62
   257
176
     1
 90
        1
176
     1
 90
        1
176
     1
 40
1.0
176
     1
 90
        8
176
     1
 62
     8
420
  8421504
176
     1
 40
1.0
176
     1
 90
        1
176
     1
 90
        6
176
     1
 90
        2
176
     1
 62
     7
176
     1
 90
        5
176
     1
 90
        0
176
     1
 90
        0
176
     1
290
     0
176
     1
 90
        1
176
     1
 40
0.0
176
     1
 90
        0
176
     1
290
     0
176
     1
290
     1
176
     1
290
     1
176
     1
290
     0
176
     1
290
     0
176
     1
290
     0
176
     1
290
     0
176
     1
290
     0
176
     1
290
     0
176
     1
 90
       50
176
     1
 40
0.0
176
     1
 40
1.0
176
     1
 90
        0
176
     1
 62
    18
420
        0
176
     1
 90
       50
176
     1
 90
        3
176
     1
 62
     5
420
      255
176
     1
290
     0
176
     1
 90
       50
176
     1
 90
       50
176
     1
 90
       50
176
     1
290
     0
176
     1
 90
       50
176
     1
 62
   256
176
     0
 40
1.0
176
     0
 90
        2
176
     1
  1
strokes_ogs.tif
176
     1
290
     0
176
     1
 40
1.0
176
     1
 40
1.0
176
     1
  0
VISUALSTYLE
  5
1FB
102
{ACAD_REACTORS
330
1F1
102
}
330
1F1
100
AcDbVisualStyle
  2
Conceptual
 70
     9
177
     3
291
     0
 70
    58
 90
        3
176
     1
 90
        2
176
     1
 90
        0
176
     1
 90
        0
176
     1
 40
0.6
176
     1
 40
30.0
176
     1
 62
     7
420
 16777215
176
     1
 90
        2
176
     1
 90
        2
176
     1
 62
     7
176
     1
 62
   257
176
     1
 90
        1
176
     1
 90
        1
176
     1
 40
179.0
176
     1
 90
        8
176
     1
 62
     7
176
     1
 40
1.0
176
     1
 90
        1
176
     1
 90
        6
176
     1
 90
        2
176
     1
 62
     7
176
     1
 90
        3
176
     1
 90
        0
176
     1
 90
        0
176
     1
290
     0
176
     1
 90
        1
176
     1
 40
0.0
176
     1
 90
        0
176
     1
290
     0
176
     1
290
     1
176
     1
290
     1
176
     1
290
     0
176
     1
290
     0
176
     1
290
     0
176
     1
290
     0
176
     1
290
     0
176
     1
290
     0
176
     1
 90
       50
176
     1
 40
0.0
176
     1
 40
1.0
176
     1
 90
        0
176
     1
 62
    18
420
        0
176
     1
 90
       50
176
     1
 90
        3
176
     1
 62
     5
420
      255
176
     1
290
     0
176
     1
 90
       50
176
     1
 90
       50
176
     1
 90
       50
176
     1
290
     0
176
     1
 90
       50
176
     1
 62
   256
176
     0
 40
1.0
176
     0
 90
        2
176
     1
  1
strokes_ogs.tif
176
     1
290
     0
176
     1
 40
1.0
176
     1
 40
1.0
176
     1
  0
VISUALSTYLE
  5
1FC
102
{ACAD_REACTORS
330
1F1
102
}
330
1F1
100
AcDbVisualStyle
  2
Dim
 70
    11
177
     3
291
     1
 70
    58
 90
        2
176
     1
 90
        2
176
     1
 90
        0
176
     1
 90
        0
176
     1
 40
0.6
176
     1
 40
30.0
176
     1
 62
     7
420
 16777215
176
     1
 90
        1
176
     1
 90
        4
176
     1
 62
     7
176
     1
 62
   257
176
     1
 90
        1
176
     1
 90
        1
176
     1
 40
1.0
176
     1
 90
        8
176
     1
 62
     7
176
     1
 40
1.0
176
     1
 90
        1
176
     1
 90
        6
176
     1
 90
        2
176
     1
 62
     7
176
     1
 90
        5
176
     1
 90
        0
176
     1
 90
        0
176
     1
290
     0
176
     1
 90
        1
176
     1
 40
-50.0
176
     1
 90
        0
176
     1
290
     0
176
     1
290
     1
176
     1
290
     1
176
     1
290
     0
176
     1
290
     0
176
     1
290
     0
176
     1
290
     0
176
     1
290
     0
176
     1
290
     0
176
     1
 90
       50
176
     1
 40
0.0
176
     1
 40
1.0
176
     1
 90
        0
176
     1
 62
    18
420
        0
176
     1
 90
       50
176
     1
 90
        3
176
     1
 62
     5
420
      255
176
     1
290
     0
176
     1
 90
       50
176
     1
 90
       50
176
     1
 90
       50
176
     1
290
     0
176
     1
 90
       50
176
     1
 62
   256
176
     0
 40
1.0
176
     0
 90
        2
176
     1
  1
strokes_ogs.tif
176
     1
290
     0
176
     1
 40
1.0
176
     1
 40
1.0
176
     1
  0
VISUALSTYLE
  5
204
102
{ACAD_REACTORS
330
1F1
102
}
330
1F1
100
AcDbVisualStyle
  2
EdgeColorOff
 70
    22
177
     3
291
     1
 70
    58
 90
        2
176
     0
 90
        2
176
     0
 90
        0
176
     0
 90
        0
176
     0
 40
0.6
176
     0
 40
30.0
176
     0
 62
     7
420
 16777215
176
     0
 90
        1
176
     0
 90
        4
176
     0
 62
     7
176
     0
 62
   257
176
     0
 90
        1
176
     0
 90
        1
176
     0
 40
1.0
176
     0
 90
        8
176
     2
 62
     7
176
     0
 40
1.0
176
     0
 90
        1
176
     0
 90
        6
176
     0
 90
        2
176
     0
 62
     7
176
     0
 90
        5
176
     0
 90
        0
176
     0
 90
        0
176
     0
290
     0
176
     0
 90
        1
176
     0
 40
0.0
176
     0
 90
        0
176
     0
290
     0
176
     0
290
     1
176
     0
290
     1
176
     0
290
     0
176
     0
290
     0
176
     0
290
     0
176
     0
290
     0
176
     0
290
     0
176
     0
290
     0
176
     0
 90
       50
176
     0
 40
0.0
176
     0
 40
1.0
176
     0
 90
        0
176
     0
 62
    18
420
        0
176
     0
 90
       50
176
     0
 90
        3
176
     0
 62
     5
420
      255
176
     0
290
     0
176
     0
 90
       50
176
     0
 90
       50
176
     0
 90
       50
176
     0
290
     0
176
     0
 90
       50
176
     0
 62
   256
176
     0
 40
1.0
176
     0
 90
        2
176
     0
  1
strokes_ogs.tif
176
     0
290
     0
176
     0
 40
1.0
176
     0
 40
1.0
176
     0
  0
VISUALSTYLE
  5
200
102
{ACAD_REACTORS
330
1F1
102
}
330
1F1
100
AcDbVisualStyle
  2
Facepattern
 70
    15
177
     3
291
     1
 70
    58
 90
        2
176
     1
 90
        2
176
     1
 90
        0
176
     1
 90
        0
176
     1
 40
0.6
176
     1
 40
30.0
176
     1
 62
     7
420
 16777215
176
     1
 90
        1
176
     1
 90
        4
176
     1
 62
     7
176
     1
 62
   257
176
     1
 90
        1
176
     1
 90
        1
176
     1
 40
1.0
176
     1
 90
        8
176
     1
 62
     7
176
     1
 40
1.0
176
     1
 90
        1
176
     1
 90
        6
176
     1
 90
        2
176
     1
 62
     7
176
     1
 90
        5
176
     1
 90
        0
176
     1
 90
        0
176
     1
290
     0
176
     1
 90
        1
176
     1
 40
0.0
176
     1
 90
        0
176
     1
290
     0
176
     1
290
     1
176
     1
290
     1
176
     1
290
     0
176
     1
290
     0
176
     1
290
     0
176
     1
290
     0
176
     1
290
     0
176
     1
290
     0
176
     1
 90
       50
176
     1
 40
0.0
176
     1
 40
1.0
176
     1
 90
        0
176
     1
 62
    18
420
        0
176
     1
 90
       50
176
     1
 90
        3
176
     1
 62
     5
420
      255
176
     1
290
     0
176
     1
 90
       50
176
     1
 90
       50
176
     1
 90
       50
176
     1
290
     0
176
     1
 90
       50
176
     1
 62
   256
176
     0
 40
1.0
176
     0
 90
        2
176
     1
  1
strokes_ogs.tif
176
     1
290
     0
176
     1
 40
1.0
176
     1
 40
1.0
176
     1
  0
VISUALSTYLE
  5
1F2
102
{ACAD_REACTORS
330
1F1
102
}
330
1F1
100
AcDbVisualStyle
  2
Flat
 70
     0
177
     3
291
     1
 70
    58
 90
        2
176
     1
 90
        1
176
     1
 90
        1
176
     1
 90
        2
176
     1
 40
0.6
176
     1
 40
30.0
176
     1
 62
     7
420
 16777215
176
     1
 90
        0
176
     1
 90
        0
176
     1
 62
     7
176
     1
 62
   257
176
     1
 90
        1
176
     1
 90
        1
176
     1
 40
1.0
176
     1
 90
        8
176
     1
 62
     7
176
     1
 40
1.0
176
     1
 90
        1
176
     1
 90
        6
176
     1
 90
        2
176
     1
 62
     7
176
     1
 90
        5
176
     1
 90
        0
176
     1
 90
        0
176
     1
290
     0
176
     1
 90
       13
176
     1
 40
0.0
176
     1
 90
        0
176
     1
290
     0
176
     1
290
     1
176
     1
290
     1
176
     1
290
     0
176
     1
290
     0
176
     1
290
     0
176
     1
290
     0
176
     1
290
     0
176
     1
290
     0
176
     1
 90
       50
176
     1
 40
0.0
176
     1
 40
1.0
176
     1
 90
        0
176
     1
 62
    18
420
        0
176
     1
 90
       50
176
     1
 90
        3
176
     1
 62
     5
420
      255
176
     1
290
     0
176
     1
 90
       50
176
     1
 90
       50
176
     1
 90
       50
176
     1
290
     0
176
     1
 90
       50
176
     1
 62
   256
176
     0
 40
1.0
176
     0
 90
        2
176
     1
  1
strokes_ogs.tif
176
     1
290
     0
176
     1
 40
1.0
176
     1
 40
1.0
176
     1
  0
VISUALSTYLE
  5
1F3
102
{ACAD_REACTORS
330
1F1
102
}
330
1F1
100
AcDbVisualStyle
  2
FlatWithEdges
 70
     1
177
     3
291
     1
 70
    58
 90
        2
176
     1
 90
        1
176
     1
 90
        1
176
     1
 90
        2
176
     1
 40
0.6
176
     1
 40
30.0
176
     1
 62
     7
420
 16777215
176
     1
 90
        1
176
     1
 90
        0
176
     1
 62
     7
176
     1
 62
   257
176
     1
 90
        1
176
     1
 90
        1
176
     1
 40
1.0
176
     1
 90
        0
176
     1
 62
   257
176
     1
 40
1.0
176
     1
 90
        1
176
     1
 90
        6
176
     1
 90
        2
176
     1
 62
     7
176
     1
 90
        5
176
     1
 90
        0
176
     1
 90
        0
176
     1
290
     0
176
     1
 90
       13
176
     1
 40
0.0
176
     1
 90
        0
176
     1
290
     0
176
     1
290
     1
176
     1
290
     1
176
     1
290
     0
176
     1
290
     0
176
     1
290
     0
176
     1
290
     0
176
     1
290
     0
176
     1
290
     0
176
     1
 90
       50
176
     1
 40
0.0
176
     1
 40
1.0
176
     1
 90
        0
176
     1
 62
    18
420
        0
176
     1
 90
       50
176
     1
 90
        3
176
     1
 62
     5
420
      255
176
     1
290
     0
176
     1
 90
       50
176
     1
 90
       50
176
     1
 90
       50
176
     1
290
     0
176
     1
 90
       50
176
     1
 62
   256
176
     0
 40
1.0
176
     0
 90
        2
176
     1
  1
strokes_ogs.tif
176
     1
290
     0
176
     1
 40
1.0
176
     1
 40
1.0
176
     1
  0
VISUALSTYLE
  5
1F4
102
{ACAD_REACTORS
330
1F1
102
}
330
1F1
100
AcDbVisualStyle
  2
Gouraud
 70
     2
177
     3
291
     1
 70
    58
 90
        2
176
     1
 90
        2
176
     1
 90
        1
176
     1
 90
        2
176
     1
 40
0.6
176
     1
 40
30.0
176
     1
 62
     7
420
 16777215
176
     1
 90
        0
176
     1
 90
        0
176
     1
 62
     7
176
     1
 62
   257
176
     1
 90
        1
176
     1
 90
        1
176
     1
 40
1.0
176
     1
 90
        0
176
     1
 62
     7
176
     1
 40
1.0
176
     1
 90
        1
176
     1
 90
        6
176
     1
 90
        2
176
     1
 62
     7
176
     1
 90
        5
176
     1
 90
        0
176
     1
 90
        0
176
     1
290
     0
176
     1
 90
       13
176
     1
 40
0.0
176
     1
 90
        0
176
     1
290
     0
176
     1
290
     1
176
     1
290
     1
176
     1
290
     0
176
     1
290
     0
176
     1
290
     0
176
     1
290
     0
176
     1
290
     0
176
     1
290
     0
176
     1
 90
       50
176
     1
 40
0.0
176
     1
 40
1.0
176
     1
 90
        0
176
     1
 62
    18
420
        0
176
     1
 90
       50
176
     1
 90
        3
176
     1
 62
     5
420
      255
176
     1
290
     0
176
     1
 90
       50
176
     1
 90
       50
176
     1
 90
       50
176
     1
290
     0
176
     1
 90
       50
176
     1
 62
   256
176
     0
 40
1.0
176
     0
 90
        2
176
     1
  1
strokes_ogs.tif
176
     1
290
     0
176
     1
 40
1.0
176
     1
 40
1.0
176
     1
  0
VISUALSTYLE
  5
1F5
102
{ACAD_REACTORS
330
1F1
102
}
330
1F1
100
AcDbVisualStyle
  2
GouraudWithEdges
 70
     3
177
     3
291
     1
 70
    58
 90
        2
176
     1
 90
        2
176
     1
 90
        1
176
     1
 90
        2
176
     1
 40
0.6
176
     1
 40
30.0
176
     1
 62
     7
420
 16777215
176
     1
 90
        1
176
     1
 90
        0
176
     1
 62
     7
176
     1
 62
   257
176
     1
 90
        1
176
     1
 90
        1
176
     1
 40
1.0
176
     1
 90
        0
176
     1
 62
   257
176
     1
 40
1.0
176
     1
 90
        1
176
     1
 90
        6
176
     1
 90
        2
176
     1
 62
     7
176
     1
 90
        5
176
     1
 90
        0
176
     1
 90
        0
176
     1
290
     0
176
     1
 90
       13
176
     1
 40
0.0
176
     1
 90
        0
176
     1
290
     0
176
     1
290
     1
176
     1
290
     1
176
     1
290
     0
176
     1
290
     0
176
     1
290
     0
176
     1
290
     0
176
     1
290
     0
176
     1
290
     0
176
     1
 90
       50
176
     1
 40
0.0
176
     1
 40
1.0
176
     1
 90
        0
176
     1
 62
    18
420
        0
176
     1
 90
       50
176
     1
 90
        3
176
     1
 62
     5
420
      255
176
     1
290
     0
176
     1
 90
       50
176
     1
 90
       50
176
     1
 90
       50
176
     1
290
     0
176
     1
 90
       50
176
     1
 62
   256
176
     0
 40
1.0
176
     0
 90
        2
176
     1
  1
strokes_ogs.tif
176
     1
290
     0
176
     1
 40
1.0
176
     1
 40
1.0
176
     1
  0
VISUALSTYLE
  5
1F8
102
{ACAD_REACTORS
330
1F1
102
}
330
1F1
100
AcDbVisualStyle
  2
Hidden
 70
     6
177
     3
291
     0
 70
    58
 90
        1
176
     1
 90
        2
176
     1
 90
        2
176
     1
 90
        0
176
     1
 40
0.6
176
     1
 40
30.0
176
     1
 62
     7
420
 16777215
176
     1
 90
        2
176
     1
 90
        2
176
     1
 62
     7
176
     1
 62
   257
176
     1
 90
        2
176
     1
 90
        1
176
     1
 40
40.0
176
     1
 90
        0
176
     1
 62
   257
176
     1
 40
1.0
176
     1
 90
        1
176
     1
 90
        6
176
     1
 90
        2
176
     1
 62
     7
176
     1
 90
        3
176
     1
 90
        0
176
     1
 90
        0
176
     1
290
     0
176
     1
 90
        1
176
     1
 40
0.0
176
     1
 90
        0
176
     1
290
     0
176
     1
290
     1
176
     1
290
     1
176
     1
290
     0
176
     1
290
     0
176
     1
290
     0
176
     1
290
     0
176
     1
290
     0
176
     1
290
     0
176
     1
 90
       50
176
     1
 40
0.0
176
     1
 40
1.0
176
     1
 90
        0
176
     1
 62
    18
420
        0
176
     1
 90
       50
176
     1
 90
        3
176
     1
 62
     5
420
      255
176
     1
290
     0
176
     1
 90
       50
176
     1
 90
       50
176
     1
 90
       50
176
     1
290
     0
176
     1
 90
       50
176
     1
 62
   256
176
     0
 40
1.0
176
     0
 90
        2
176
     1
  1
strokes_ogs.tif
176
     1
290
     0
176
     1
 40
1.0
176
     1
 40
1.0
176
     1
  0
VISUALSTYLE
  5
202
102
{ACAD_REACTORS
330
1F1
102
}
330
1F1
100
AcDbVisualStyle
  2
JitterOff
 70
    20
177
     3
291
     1
 70
    58
 90
        2
176
     0
 90
        2
176
     0
 90
        0
176
     0
 90
        0
176
     0
 40
0.6
176
     0
 40
30.0
176
     0
 62
     7
420
 16777215
176
     0
 90
        1
176
     0
 90
        4
176
     0
 62
     7
176
     0
 62
   257
176
     0
 90
        1
176
     0
 90
        1
176
     0
 40
1.0
176
     0
 90
       10
176
     2
 62
     7
176
     0
 40
1.0
176
     0
 90
        1
176
     0
 90
        6
176
     0
 90
        2
176
     0
 62
     7
176
     0
 90
        5
176
     0
 90
        0
176
     0
 90
        0
176
     0
290
     0
176
     0
 90
        1
176
     0
 40
0.0
176
     0
 90
        0
176
     0
290
     0
176
     0
290
     1
176
     0
290
     1
176
     0
290
     0
176
     0
290
     0
176
     0
290
     0
176
     0
290
     0
176
     0
290
     0
176
     0
290
     0
176
     0
 90
       50
176
     0
 40
0.0
176
     0
 40
1.0
176
     0
 90
        0
176
     0
 62
    18
420
        0
176
     0
 90
       50
176
     0
 90
        3
176
     0
 62
     5
420
      255
176
     0
290
     0
176
     0
 90
       50
176
     0
 90
       50
176
     0
 90
       50
176
     0
290
     0
176
     0
 90
       50
176
     0
 62
   256
176
     0
 40
1.0
176
     0
 90
        2
176
     0
  1
strokes_ogs.tif
176
     0
290
     0
176
     0
 40
1.0
176
     0
 40
1.0
176
     0
  0
VISUALSTYLE
  5
1FF
102
{ACAD_REACTORS
330
1F1
102
}
330
1F1
100
AcDbVisualStyle
  2
Linepattern
 70
    14
177
     3
291
     1
 70
    58
 90
        2
176
     1
 90
        2
176
     1
 90
        0
176
     1
 90
        0
176
     1
 40
0.6
176
     1
 40
30.0
176
     1
 62
     7
420
 16777215
176
     1
 90
        1
176
     1
 90
        4
176
     1
 62
     7
176
     1
 62
   257
176
     1
 90
        7
176
     1
 90
        7
176
     1
 40
1.0
176
     1
 90
        8
176
     1
 62
     7
176
     1
 40
1.0
176
     1
 90
        1
176
     1
 90
        6
176
     1
 90
        2
176
     1
 62
     7
176
     1
 90
        5
176
     1
 90
        0
176
     1
 90
        0
176
     1
290
     0
176
     1
 90
        1
176
     1
 40
0.0
176
     1
 90
        0
176
     1
290
     0
176
     1
290
     1
176
     1
290
     1
176
     1
290
     0
176
     1
290
     0
176
     1
290
     0
176
     1
290
     0
176
     1
290
     0
176
     1
290
     0
176
     1
 90
       50
176
     1
 40
0.0
176
     1
 40
1.0
176
     1
 90
        0
176
     1
 62
    18
420
        0
176
     1
 90
       50
176
     1
 90
        3
176
     1
 62
     5
420
      255
176
     1
290
     0
176
     1
 90
       50
176
     1
 90
       50
176
     1
 90
       50
176
     1
290
     0
176
     1
 90
       50
176
     1
 62
   256
176
     0
 40
1.0
176
     0
 90
        2
176
     1
  1
strokes_ogs.tif
176
     1
290
     0
176
     1
 40
1.0
176
     1
 40
1.0
176
     1
  0
VISUALSTYLE
  5
203
102
{ACAD_REACTORS
330
1F1
102
}
330
1F1
100
AcDbVisualStyle
  2
OverhangOff
 70
    21
177
     3
291
     1
 70
    58
 90
        2
176
     0
 90
        2
176
     0
 90
        0
176
     0
 90
        0
176
     0
 40
0.6
176
     0
 40
30.0
176
     0
 62
     7
420
 16777215
176
     0
 90
        1
176
     0
 90
        4
176
     0
 62
     7
176
     0
 62
   257
176
     0
 90
        1
176
     0
 90
        1
176
     0
 40
1.0
176
     0
 90
        9
176
     2
 62
     7
176
     0
 40
1.0
176
     0
 90
        1
176
     0
 90
        6
176
     0
 90
        2
176
     0
 62
     7
176
     0
 90
        5
176
     0
 90
        0
176
     0
 90
        0
176
     0
290
     0
176
     0
 90
        1
176
     0
 40
0.0
176
     0
 90
        0
176
     0
290
     0
176
     0
290
     1
176
     0
290
     1
176
     0
290
     0
176
     0
290
     0
176
     0
290
     0
176
     0
290
     0
176
     0
290
     0
176
     0
290
     0
176
     0
 90
       50
176
     0
 40
0.0
176
     0
 40
1.0
176
     0
 90
        0
176
     0
 62
    18
420
        0
176
     0
 90
       50
176
     0
 90
        3
176
     0
 62
     5
420
      255
176
     0
290
     0
176
     0
 90
       50
176
     0
 90
       50
176
     0
 90
       50
176
     0
290
     0
176
     0
 90
       50
176
     0
 62
   256
176
     0
 40
1.0
176
     0
 90
        2
176
     0
  1
strokes_ogs.tif
176
     0
290
     0
176
     0
 40
1.0
176
     0
 40
1.0
176
     0
  0
VISUALSTYLE
  5
1FA
102
{ACAD_REACTORS
330
1F1
102
}
330
1F1
100
AcDbVisualStyle
  2
Realistic
 70
     8
177
     3
291
     0
 70
    58
 90
        2
176
     1
 90
        3
176
     1
 90
        0
176
     1
 90
        2
176
     1
 40
0.6
176
     1
 40
30.0
176
     1
 62
     7
420
 16777215
176
     1
 90
        0
176
     1
 90
        0
176
     1
 62
     7
176
     1
 62
   257
176
     1
 90
        1
176
     1
 90
        1
176
     1
 40
1.0
176
     1
 90
        8
176
     1
 62
   257
176
     1
 40
1.0
176
     1
 90
        1
176
     1
 90
        6
176
     1
 90
        2
176
     1
 62
     7
176
     1
 90
        3
176
     1
 90
        0
176
     1
 90
        0
176
     1
290
     0
176
     1
 90
       13
176
     1
 40
0.0
176
     1
 90
        0
176
     1
290
     0
176
     1
290
     1
176
     1
290
     1
176
     1
290
     0
176
     1
290
     0
176
     1
290
     0
176
     1
290
     0
176
     1
290
     0
176
     1
290
     0
176
     1
 90
       50
176
     1
 40
0.0
176
     1
 40
1.0
176
     1
 90
        0
176
     1
 62
    18
420
        0
176
     1
 90
       50
176
     1
 90
        3
176
     1
 62
     5
420
      255
176
     1
290
     0
176
     1
 90
       50
176
     1
 90
       50
176
     1
 90
       50
176
     1
290
     0
176
     1
 90
       50
176
     1
 62
   256
176
     0
 40
1.0
176
     0
 90
        2
176
     1
  1
strokes_ogs.tif
176
     1
290
     0
176
     1
 40
1.0
176
     1
 40
1.0
176
     1
  0
VISUALSTYLE
  5
209
102
{ACAD_REACTORS
330
1F1
102
}
330
1F1
100
AcDbVisualStyle
  2
Shaded
 70
    27
177
     3
291
     0
 70
    58
 90
        2
176
     1
 90
        2
176
     1
 90
        1
176
     1
 90
        2
176
     1
 40
0.6
176
     1
 40
30.0
176
     1
 62
     7
420
 16777215
176
     1
 90
        0
176
     1
 90
        4
176
     1
 62
     7
176
     1
 62
   257
176
     1
 90
        1
176
     1
 90
        1
176
     1
 40
1.0
176
     1
 90
        8
176
     1
 62
   257
176
     1
 40
1.0
176
     1
 90
        1
176
     1
 90
        6
176
     1
 90
        2
176
     1
 62
     8
420
  7895160
176
     1
 90
        3
176
     1
 90
        0
176
     1
 90
        0
176
     1
290
     0
176
     1
 90
        5
176
     1
 40
0.0
176
     1
 90
        0
176
     1
290
     0
176
     1
290
     1
176
     1
290
     1
176
     1
290
     0
176
     1
290
     0
176
     1
290
     0
176
     1
290
     0
176
     1
290
     0
176
     1
290
     0
176
     1
 90
       50
176
     1
 40
0.0
176
     1
 40
1.0
176
     1
 90
        0
176
     1
 62
    18
420
        0
176
     1
 90
       50
176
     1
 90
        3
176
     1
 62
     5
420
      255
176
     1
290
     0
176
     1
 90
       50
176
     1
 90
       50
176
     1
 90
       50
176
     1
290
     0
176
     1
 90
       50
176
     1
 62
   256
176
     0
 40
1.0
176
     0
 90
        2
176
     1
  1
strokes_ogs.tif
176
     1
290
     0
176
     1
 40
1.0
176
     1
 40
1.0
176
     1
  0
VISUALSTYLE
  5
208
102
{ACAD_REACTORS
330
1F1
102
}
330
1F1
100
AcDbVisualStyle
  2
Shaded with edges
 70
    26
177
     3
291
     0
 70
    58
 90
        2
176
     1
 90
        2
176
     1
 90
        1
176
     1
 90
        2
176
     1
 40
0.6
176
     1
 40
30.0
176
     1
 62
     7
420
 16777215
176
     1
 90
        1
176
     1
 90
       10
176
     1
 62
     7
176
     1
 62
   257
176
     1
 90
        2
176
     1
 90
        1
176
     1
 40
1.0
176
     1
 90
        8
176
     1
 62
   257
176
     1
 40
1.0
176
     1
 90
        1
176
     1
 90
        6
176
     1
 90
        2
176
     1
 62
     7
176
     1
 90
        3
176
     1
 90
        0
176
     1
 90
        0
176
     1
290
     0
176
     1
 90
        5
176
     1
 40
0.0
176
     1
 90
        0
176
     1
290
     0
176
     1
290
     1
176
     1
290
     1
176
     1
290
     0
176
     1
290
     0
176
     1
290
     0
176
     1
290
     0
176
     1
290
     0
176
     1
290
     0
176
     1
 90
       50
176
     1
 40
0.0
176
     1
 40
1.0
176
     1
 90
        0
176
     1
 62
    18
420
        0
176
     1
 90
       50
176
     1
 90
        3
176
     1
 62
     5
420
      255
176
     1
290
     0
176
     1
 90
       50
176
     1
 90
       50
176
     1
 90
       50
176
     1
290
     0
176
     1
 90
       50
176
     1
 62
   256
176
     0
 40
1.0
176
     0
 90
        2
176
     1
  1
strokes_ogs.tif
176
     1
290
     0
176
     1
 40
1.0
176
     1
 40
1.0
176
     1
  0
VISUALSTYLE
  5
205
102
{ACAD_REACTORS
330
1F1
102
}
330
1F1
100
AcDbVisualStyle
  2
Shades of Gray
 70
    23
177
     3
291
     0
 70
    58
 90
        2
176
     1
 90
        2
176
     1
 90
        3
176
     1
 90
        0
176
     1
 40
0.6
176
     1
 40
30.0
176
     1
 62
     7
420
 16777215
176
     1
 90
        2
176
     1
 90
        2
176
     1
 62
     7
176
     1
 62
     7
176
     1
 90
        1
176
     1
 90
        1
176
     1
 40
40.0
176
     1
 90
        8
176
     1
 62
     7
176
     1
 40
1.0
176
     1
 90
        1
176
     1
 90
        6
176
     1
 90
        2
176
     1
 62
     7
176
     1
 90
        3
176
     1
 90
        0
176
     1
 90
        0
176
     1
290
     0
176
     1
 90
        1
176
     1
 40
0.0
176
     1
 90
        0
176
     1
290
     0
176
     1
290
     1
176
     1
290
     1
176
     1
290
     0
176
     1
290
     0
176
     1
290
     0
176
     1
290
     0
176
     1
290
     0
176
     1
290
     0
176
     1
 90
       50
176
     1
 40
0.0
176
     1
 40
1.0
176
     1
 90
        0
176
     1
 62
    18
420
        0
176
     1
 90
       50
176
     1
 90
        3
176
     1
 62
     5
420
      255
176
     1
290
     0
176
     1
 90
       50
176
     1
 90
       50
176
     1
 90
       50
176
     1
290
     0
176
     1
 90
       50
176
     1
 62
   256
176
     0
 40
1.0
176
     0
 90
        2
176
     1
  1
strokes_ogs.tif
176
     1
290
     0
176
     1
 40
1.0
176
     1
 40
1.0
176
     1
  0
VISUALSTYLE
  5
206
102
{ACAD_REACTORS
330
1F1
102
}
330
1F1
100
AcDbVisualStyle
  2
Sketchy
 70
    24
177
     3
291
     0
 70
    58
 90
        1
176
     1
 90
        2
176
     1
 90
        2
176
     1
 90
        0
176
     1
 40
0.6
176
     1
 40
30.0
176
     1
 62
     7
420
 16777215
176
     1
 90
        2
176
     1
 90
        2
176
     1
 62
     7
176
     1
 62
     7
176
     1
 90
        1
176
     1
 90
        1
176
     1
 40
40.0
176
     1
 90
       11
176
     1
 62
     7
176
     1
 40
1.0
176
     1
 90
        1
176
     1
 90
        6
176
     1
 90
        2
176
     1
 62
     7
176
     1
 90
        6
176
     1
 90
        0
176
     1
 90
        0
176
     1
290
     0
176
     1
 90
        1
176
     1
 40
0.0
176
     1
 90
        0
176
     1
290
     0
176
     1
290
     1
176
     1
290
     1
176
     1
290
     0
176
     1
290
     0
176
     1
290
     0
176
     1
290
     0
176
     1
290
     0
176
     1
290
     0
176
     1
 90
       50
176
     1
 40
0.0
176
     1
 40
1.0
176
     1
 90
        0
176
     1
 62
    18
420
        0
176
     1
 90
       50
176
     1
 90
        3
176
     1
 62
     5
420
      255
176
     1
290
     0
176
     1
 90
       50
176
     1
 90
       50
176
     1
 90
       50
176
     1
290
     0
176
     1
 90
       50
176
     1
 62
   256
176
     0
 40
1.0
176
     0
 90
        2
176
     1
  1
strokes_ogs.tif
176
     1
290
     0
176
     1
 40
1.0
176
     1
 40
1.0
176
     1
  0
VISUALSTYLE
  5
1FE
102
{ACAD_REACTORS
330
1F1
102
}
330
1F1
100
AcDbVisualStyle
  2
Thicken
 70
    13
177
     3
291
     1
 70
    58
 90
        2
176
     1
 90
        2
176
     1
 90
        0
176
     1
 90
        0
176
     1
 40
0.6
176
     1
 40
30.0
176
     1
 62
     7
420
 16777215
176
     1
 90
        1
176
     1
 90
        4
176
     1
 62
     7
176
     1
 62
   257
176
     1
 90
        1
176
     1
 90
        1
176
     1
 40
1.0
176
     1
 90
       12
176
     1
 62
     7
176
     1
 40
1.0
176
     1
 90
        1
176
     1
 90
        6
176
     1
 90
        2
176
     1
 62
     7
176
     1
 90
        5
176
     1
 90
        0
176
     1
 90
        0
176
     1
290
     0
176
     1
 90
        1
176
     1
 40
0.0
176
     1
 90
        0
176
     1
290
     0
176
     1
290
     1
176
     1
290
     1
176
     1
290
     0
176
     1
290
     0
176
     1
290
     0
176
     1
290
     0
176
     1
290
     0
176
     1
290
     0
176
     1
 90
       50
176
     1
 40
0.0
176
     1
 40
1.0
176
     1
 90
        0
176
     1
 62
    18
420
        0
176
     1
 90
       50
176
     1
 90
        3
176
     1
 62
     5
420
      255
176
     1
290
     0
176
     1
 90
       50
176
     1
 90
       50
176
     1
 90
       50
176
     1
290
     0
176
     1
 90
       50
176
     1
 62
   256
176
     0
 40
1.0
176
     0
 90
        2
176
     1
  1
strokes_ogs.tif
176
     1
290
     0
176
     1
 40
1.0
176
     1
 40
1.0
176
     1
  0
VISUALSTYLE
  5
1F7
102
{ACAD_REACTORS
330
1F1
102
}
330
1F1
100
AcDbVisualStyle
  2
Wireframe
 70
     5
177
     3
291
     0
 70
    58
 90
        0
176
     1
 90
        2
176
     1
 90
        0
176
     1
 90
        0
176
     1
 40
0.6
176
     1
 40
30.0
176
     1
 62
     7
420
 16777215
176
     1
 90
        1
176
     1
 90
        4
176
     1
 62
     7
176
     1
 62
   257
176
     1
 90
        1
176
     1
 90
        1
176
     1
 40
1.0
176
     1
 90
        0
176
     1
 62
   257
176
     1
 40
1.0
176
     1
 90
        1
176
     1
 90
        6
176
     1
 90
        2
176
     1
 62
     7
176
     1
 90
        3
176
     1
 90
        0
176
     1
 90
        0
176
     1
290
     0
176
     1
 90
        1
176
     1
 40
0.0
176
     1
 90
        0
176
     1
290
     0
176
     1
290
     1
176
     1
290
     1
176
     1
290
     0
176
     1
290
     0
176
     1
290
     0
176
     1
290
     0
176
     1
290
     0
176
     1
290
     0
176
     1
 90
       50
176
     1
 40
0.0
176
     1
 40
1.0
176
     1
 90
        0
176
     1
 62
    18
420
        0
176
     1
 90
       50
176
     1
 90
        3
176
     1
 62
     5
420
      255
176
     1
290
     0
176
     1
 90
       50
176
     1
 90
       50
176
     1
 90
       50
176
     1
290
     0
176
     1
 90
       50
176
     1
 62
   256
176
     0
 40
1.0
176
     0
 90
        2
176
     1
  1
strokes_ogs.tif
176
     1
290
     0
176
     1
 40
1.0
176
     1
 40
1.0
176
     1
  0
VISUALSTYLE
  5
207
102
{ACAD_REACTORS
330
1F1
102
}
330
1F1
100
AcDbVisualStyle
  2
X-Ray
 70
    25
177
     3
291
     0
 70
    58
 90
        2
176
     1
 90
        2
176
     1
 90
        1
176
     1
 90
        1
176
     1
 40
0.5
176
     1
 40
30.0
176
     1
 62
     7
420
 16777215
176
     1
 90
        1
176
     1
 90
        0
176
     1
 62
     7
176
     1
 62
   257
176
     1
 90
        1
176
     1
 90
        1
176
     1
 40
1.0
176
     1
 90
        8
176
     1
 62
     7
176
     1
 40
1.0
176
     1
 90
        1
176
     1
 90
        6
176
     1
 90
        2
176
     1
 62
     7
176
     1
 90
        3
176
     1
 90
        0
176
     1
 90
        0
176
     1
290
     0
176
     1
 90
       13
176
     1
 40
0.0
176
     1
 90
        0
176
     1
290
     0
176
     1
290
     1
176
     1
290
     1
176
     1
290
     0
176
     1
290
     0
176
     1
290
     0
176
     1
290
     0
176
     1
290
     0
176
     1
290
     0
176
     1
 90
       50
176
     1
 40
0.0
176
     1
 40
1.0
176
     1
 90
        0
176
     1
 62
    18
420
        0
176
     1
 90
       50
176
     1
 90
        3
176
     1
 62
     5
420
      255
176
     1
290
     0
176
     1
 90
       50
176
     1
 90
       50
176
     1
 90
       50
176
     1
290
     0
176
     1
 90
       50
176
     1
 62
   256
176
     0
 40
1.0
176
     0
 90
        2
176
     1
  1
strokes_ogs.tif
176
     1
290
     0
176
     1
 40
1.0
176
     1
 40
1.0
176
     1
  0
DICTIONARYVAR
  5
2A8
102
{ACAD_REACTORS
330
2A7
102
}
330
2A7
100
DictionaryVariables
280
     0
  1
1:1
  0
DICTIONARYVAR
  5
2AD
102
{ACAD_REACTORS
330
2A7
102
}
330
2A7
100
DictionaryVariables
280
     0
  1
Standard
  0
DICTIONARYVAR
  5
2AC
102
{ACAD_REACTORS
330
2A7
102
}
330
2A7
100
DictionaryVariables
280
     0
  1
Standard
  0
XRECORD
  5
228
102
{ACAD_REACTORS
330
226
102
}
330
226
100
AcDbXrecord
280
     1
1000
White
  0
XRECORD
  5
229
102
{ACAD_REACTORS
330
226
102
}
330
226
100
AcDbXrecord
280
     1
1000
FullColor
  0
XRECORD
  5
22A
102
{ACAD_REACTORS
330
226
102
}
330
226
100
AcDbXrecord
280
     1
290
     1
  0
XRECORD
  5
22B
102
{ACAD_REACTORS
330
226
102
}
330
226
100
AcDbXrecord
280
     1
290
     1
  0
XRECORD
  5
22C
102
{ACAD_REACTORS
330
226
102
}
330
226
100
AcDbXrecord
280
     1
290
     1
  0
XRECORD
  5
22D
102
{ACAD_REACTORS
330
226
102
}
330
226
100
AcDbXrecord
280
     1
290
     1
  0
XRECORD
  5
22E
102
{ACAD_REACTORS
330
226
102
}
330
226
100
AcDbXrecord
280
     1
1000
auto
  0
XRECORD
  5
22F
102
{ACAD_REACTORS
330
226
102
}
330
226
100
AcDbXrecord
280
     1
1000
auto
  0
XRECORD
  5
230
102
{ACAD_REACTORS
330
226
102
}
330
226
100
AcDbXrecord
280
     1
1000
auto
  0
XRECORD
  5
231
102
{ACAD_REACTORS
330
226
102
}
330
226
100
AcDbXrecord
280
     1
1000
auto
  0
XRECORD
  5
232
102
{ACAD_REACTORS
330
226
102
}
330
226
100
AcDbXrecord
280
     1
1000
auto
  0
XRECORD
  5
233
102
{ACAD_REACTORS
330
226
102
}
330
226
100
AcDbXrecord
280
     1
1000
auto
  0
XRECORD
  5
234
102
{ACAD_REACTORS
330
226
102
}
330
226
100
AcDbXrecord
280
     1
1000
auto
  0
XRECORD
  5
235
102
{ACAD_REACTORS
330
226
102
}
330
226
100
AcDbXrecord
280
     1
1000
auto
  0
XRECORD
  5
236
102
{ACAD_REACTORS
330
226
102
}
330
226
100
AcDbXrecord
280
     1
290
     0
  0
XRECORD
  5
237
102
{ACAD_REACTORS
330
226
102
}
330
226
100
AcDbXrecord
280
     1
290
     0
  0
XRECORD
  5
238
102
{ACAD_REACTORS
330
226
102
}
330
226
100
AcDbXrecord
280
     1
290
     0
  0
XRECORD
  5
239
102
{ACAD_REACTORS
330
226
102
}
330
226
100
AcDbXrecord
280
     1
290
     0
  0
XRECORD
  5
23A
102
{ACAD_REACTORS
330
226
102
}
330
226
100
AcDbXrecord
280
     1
 90
    65552
  0
XRECORD
  5
23B
102
{ACAD_REACTORS
330
226
102
}
330
226
100
AcDbXrecord
280
     1
 90
    65537
  0
XRECORD
  5
23C
102
{ACAD_REACTORS
330
226
102
}
330
226
100
AcDbXrecord
280
     1
 90
    65537
  0
XRECORD
  5
23D
102
{ACAD_REACTORS
330
226
102
}
330
226
100
AcDbXrecord
280
     1
 90
    65537
  0
XRECORD
  5
23E
102
{ACAD_REACTORS
330
226
102
}
330
226
100
AcDbXrecord
280
     1
1000
auto
  0
XRECORD
  5
23F
102
{ACAD_REACTORS
330
226
102
}
330
226
100
AcDbXrecord
280
     1
1000
auto
  0
XRECORD
  5
240
102
{ACAD_REACTORS
330
226
102
}
330
226
100
AcDbXrecord
280
     1
1000
auto
  0
XRECORD
  5
241
102
{ACAD_REACTORS
330
226
102
}
330
226
100
AcDbXrecord
280
     1
1000
auto
  0
XRECORD
  5
242
102
{ACAD_REACTORS
330
226
102
}
330
226
100
AcDbXrecord
280
     1
1000
auto
  0
XRECORD
  5
243
102
{ACAD_REACTORS
330
226
102
}
330
226
100
AcDbXrecord
280
     1
1000
auto
  0
XRECORD
  5
244
102
{ACAD_REACTORS
330
226
102
}
330
226
100
AcDbXrecord
280
     1
1000
auto
  0
XRECORD
  5
245
102
{ACAD_REACTORS
330
226
102
}
330
226
100
AcDbXrecord
280
     1
1000
auto
  0
XRECORD
  5
246
102
{ACAD_REACTORS
330
226
102
}
330
226
100
AcDbXrecord
280
     1
 90
        1
  0
XRECORD
  5
247
102
{ACAD_REACTORS
330
226
102
}
330
226
100
AcDbXrecord
280
     1
 40
10.0
  0
XRECORD
  5
248
102
{ACAD_REACTORS
330
226
102
}
330
226
100
AcDbXrecord
280
     1
 40
10.0
  0
XRECORD
  5
249
102
{ACAD_REACTORS
330
226
102
}
330
226
100
AcDbXrecord
280
     1
 40
10.0
  0
XRECORD
  5
24A
102
{ACAD_REACTORS
330
226
102
}
330
226
100
AcDbXrecord
280
     1
 40
10.0
  0
XRECORD
  5
24B
102
{ACAD_REACTORS
330
226
102
}
330
226
100
AcDbXrecord
280
     1
290
     0
  0
XRECORD
  5
24C
102
{ACAD_REACTORS
330
226
102
}
330
226
100
AcDbXrecord
280
     1
 90
        1
  0
XRECORD
  5
24D
102
{ACAD_REACTORS
330
226
102
}
330
226
100
AcDbXrecord
280
     1
 40
-1151.162790697675
  0
XRECORD
  5
24E
102
{ACAD_REACTORS
330
226
102
}
330
226
100
AcDbXrecord
280
     1
 40
-143.953488372093
  0
XRECORD
  5
24F
102
{ACAD_REACTORS
330
226
102
}
330
226
100
AcDbXrecord
280
     1
1000
Landscape
  0
XRECORD
  5
250
102
{ACAD_REACTORS
330
226
102
}
330
226
100
AcDbXrecord
280
     1
 40
297.0
  0
XRECORD
  5
251
102
{ACAD_REACTORS
330
226
102
}
330
226
100
AcDbXrecord
280
     1
 40
210.0
  0
XRECORD
  5
252
102
{ACAD_REACTORS
330
226
102
}
330
226
100
AcDbXrecord
280
     1
 40
0.129
  0
XRECORD
  5
253
102
{ACAD_REACTORS
330
226
102
}
330
226
100
AcDbXrecord
280
     1
290
     1
  0
XRECORD
  5
254
102
{ACAD_REACTORS
330
226
102
}
330
226
100
AcDbXrecord
280
     1
290
     0
  0
XRECORD
  5
255
102
{ACAD_REACTORS
330
226
102
}
330
226
100
AcDbXrecord
280
     1
1000
Inside
  0
XRECORD
  5
256
102
{ACAD_REACTORS
330
226
102
}
330
226
100
AcDbXrecord
280
     1
1000
Arial,10,-1,5,50,0,0,0,0,0
  0
XRECORD
  5
257
102
{ACAD_REACTORS
330
226
102
}
330
226
100
AcDbXrecord
280
     1
1000
TopLeft
  0
XRECORD
  5
258
102
{ACAD_REACTORS
330
226
102
}
330
226
100
AcDbXrecord
280
     1
1000
3.32.9
  0
XRECORD
  5
259
102
{ACAD_REACTORS
330
226
102
}
330
226
100
AcDbXrecord
280
     1
 90
        4
  0
XRECORD
  5
25A
102
{ACAD_REACTORS
330
226
102
}
330
226
100
AcDbXrecord
280
     1
  0
XRECORD
  5
25B
102
{ACAD_REACTORS
330
226
102
}
330
226
100
AcDbXrecord
280
     1
 40
631.1737231985232
  0
XRECORD
  5
25C
102
{ACAD_REACTORS
330
226
102
}
330
226
100
AcDbXrecord
280
     1
 40
1286.42491812669
  0
DICTIONARY
  5
2A9
330
221
100
AcDbDictionary
280
     1
281
     1
  3
ACAD_ROUNDTRIP_2008_TABLESTYLE_CELLSTYLEMAP
360
2AA
  0
CELLSTYLEMAP
  5
2AA
102
{ACAD_REACTORS
330
2A9
102
}
330
2A9
100
AcDbCellStyleMap
 90
        3
300
CELLSTYLE
  1
TABLEFORMAT_BEGIN
 90
        5
170
     1
 91
        0
 92
    32768
 62
   257
 93
        1
300
CONTENTFORMAT
  1
CONTENTFORMAT_BEGIN
 90
        0
 91
        0
 92
        4
 93
        0
300

 40
0.0
140
1.0
 94
        5
 62
     0
340
1D9
144
0.25
309
CONTENTFORMAT_END
171
     1
301
MARGIN
  1
CELLMARGIN_BEGIN
 40
0.06
 40
0.06
 40
0.06
 40
0.06
 40
0.06
 40
0.06
309
CELLMARGIN_END
 94
        6
 95
        1
302
GRIDFORMAT
  1
GRIDFORMAT_BEGIN
 90
        0
 91
        1
 62
     0
 92
       -2
340
1DB
 93
        0
 40
0.045
309
GRIDFORMAT_END
 95
        2
302
GRIDFORMAT
  1
GRIDFORMAT_BEGIN
 90
        0
 91
        1
 62
     0
 92
       -2
340
1DB
 93
        0
 40
0.045
309
GRIDFORMAT_END
 95
        4
302
GRIDFORMAT
  1
GRIDFORMAT_BEGIN
 90
        0
 91
        1
 62
     0
 92
       -2
340
1DB
 93
        0
 40
0.045
309
GRIDFORMAT_END
 95
        8
302
GRIDFORMAT
  1
GRIDFORMAT_BEGIN
 90
        0
 91
        1
 62
     0
 92
       -2
340
1DB
 93
        0
 40
0.045
309
GRIDFORMAT_END
 95
       16
302
GRIDFORMAT
  1
GRIDFORMAT_BEGIN
 90
        0
 91
        1
 62
     0
 92
       -2
340
1DB
 93
        0
 40
0.045
309
GRIDFORMAT_END
 95
       32
302
GRIDFORMAT
  1
GRIDFORMAT_BEGIN
 90
        0
 91
        1
 62
     0
 92
       -2
340
1DB
 93
        0
 40
0.045
309
GRIDFORMAT_END
309
TABLEFORMAT_END
  1
CELLSTYLE_BEGIN
 90
        1
 91
        1
300
_TITLE
309
CELLSTYLE_END
300
CELLSTYLE
  1
TABLEFORMAT_BEGIN
 90
        5
170
     1
 91
        0
 92
        0
 62
   257
 93
        1
300
CONTENTFORMAT
  1
CONTENTFORMAT_BEGIN
 90
        0
 91
        0
 92
        4
 93
        0
300

 40
0.0
140
1.0
 94
        5
 62
     0
340
1D9
144
0.18
309
CONTENTFORMAT_END
171
     1
301
MARGIN
  1
CELLMARGIN_BEGIN
 40
0.06
 40
0.06
 40
0.06
 40
0.06
 40
0.06
 40
0.06
309
CELLMARGIN_END
 94
        6
 95
        1
302
GRIDFORMAT
  1
GRIDFORMAT_BEGIN
 90
        0
 91
        1
 62
     0
 92
       -2
340
1DB
 93
        0
 40
0.045
309
GRIDFORMAT_END
 95
        2
302
GRIDFORMAT
  1
GRIDFORMAT_BEGIN
 90
        0
 91
        1
 62
     0
 92
       -2
340
1DB
 93
        0
 40
0.045
309
GRIDFORMAT_END
 95
        4
302
GRIDFORMAT
  1
GRIDFORMAT_BEGIN
 90
        0
 91
        1
 62
     0
 92
       -2
340
1DB
 93
        0
 40
0.045
309
GRIDFORMAT_END
 95
        8
302
GRIDFORMAT
  1
GRIDFORMAT_BEGIN
 90
        0
 91
        1
 62
     0
 92
       -2
340
1DB
 93
        0
 40
0.045
309
GRIDFORMAT_END
 95
       16
302
GRIDFORMAT
  1
GRIDFORMAT_BEGIN
 90
        0
 91
        1
 62
     0
 92
       -2
340
1DB
 93
        0
 40
0.045
309
GRIDFORMAT_END
 95
       32
302
GRIDFORMAT
  1
GRIDFORMAT_BEGIN
 90
        0
 91
        1
 62
     0
 92
       -2
340
1DB
 93
        0
 40
0.045
309
GRIDFORMAT_END
309
TABLEFORMAT_END
  1
CELLSTYLE_BEGIN
 90
        2
 91
        1
300
_HEADER
309
CELLSTYLE_END
300
CELLSTYLE
  1
TABLEFORMAT_BEGIN
 90
        5
170
     1
 91
        0
 92
        0
 62
   257
 93
        1
300
CONTENTFORMAT
  1
CONTENTFORMAT_BEGIN
 90
        0
 91
        0
 92
        4
 93
        0
300

 40
0.0
140
1.0
 94
        2
 62
     0
340
1D9
144
0.18
309
CONTENTFORMAT_END
171
     1
301
MARGIN
  1
CELLMARGIN_BEGIN
 40
0.06
 40
0.06
 40
0.06
 40
0.06
 40
0.06
 40
0.06
309
CELLMARGIN_END
 94
        6
 95
        1
302
GRIDFORMAT
  1
GRIDFORMAT_BEGIN
 90
        0
 91
        1
 62
     0
 92
       -2
340
1DB
 93
        0
 40
0.045
309
GRIDFORMAT_END
 95
        2
302
GRIDFORMAT
  1
GRIDFORMAT_BEGIN
 90
        0
 91
        1
 62
     0
 92
       -2
340
1DB
 93
        0
 40
0.045
309
GRIDFORMAT_END
 95
        4
302
GRIDFORMAT
  1
GRIDFORMAT_BEGIN
 90
        0
 91
        1
 62
     0
 92
       -2
340
1DB
 93
        0
 40
0.045
309
GRIDFORMAT_END
 95
        8
302
GRIDFORMAT
  1
GRIDFORMAT_BEGIN
 90
        0
 91
        1
 62
     0
 92
       -2
340
1DB
 93
        0
 40
0.045
309
GRIDFORMAT_END
 95
       16
302
GRIDFORMAT
  1
GRIDFORMAT_BEGIN
 90
        0
 91
        1
 62
     0
 92
       -2
340
1DB
 93
        0
 40
0.045
309
GRIDFORMAT_END
 95
       32
302
GRIDFORMAT
  1
GRIDFORMAT_BEGIN
 90
        0
 91
        1
 62
     0
 92
       -2
340
1DB
 93
        0
 40
0.045
309
GRIDFORMAT_END
309
TABLEFORMAT_END
  1
CELLSTYLE_BEGIN
 90
        3
 91
        2
300
_DATA
309
CELLSTYLE_END
  0
ENDSEC
  0
EOF
