  0
SECTION
  2
HEADER
  9
$ACADVER
  1
AC1027
  9
$ACADMAINTVER
 70
   105
  9
$DWGCODEPAGE
  3
ANSI_1252
  9
$LASTSAVEDBY
  1
samuel
  9
$REQUIREDVERSIONS
160
                 0
  9
$INSBASE
 10
0.0
 20
0.0
 30
0.0
  9
$EXTMIN
 10
-4115.0
 20
-1119.0
 30
0.0
  9
$EXTMAX
 10
1119.0
 20
1546.0
 30
0.0
  9
$LIMMIN
 10
0.0
 20
0.0
  9
$LIMMAX
 10
12.0
 20
9.0
  9
$ORTHOMODE
 70
     0
  9
$REGENMODE
 70
     1
  9
$FILLMODE
 70
     1
  9
$QTEXTMODE
 70
     0
  9
$MIRRTEXT
 70
     0
  9
$LTSCALE
 40
1.0
  9
$ATTMODE
 70
     1
  9
$TEXTSIZE
 40
0.2
  9
$TRACEWID
 40
0.05
  9
$TEXTSTYLE
  7
Standard
  9
$CLAYER
  8
sketch
  9
$CELTYPE
  6
ByLayer
  9
$CECOLOR
 62
   256
  9
$CELTSCALE
 40
1.0
  9
$DISPSILH
 70
     0
  9
$DIMSCALE
 40
1.0
  9
$DIMASZ
 40
2.5
  9
$DIMEXO
 40
0.625
  9
$DIMDLI
 40
5.0
  9
$DIMRND
 40
0.0
  9
$DIMDLE
 40
0.0
  9
$DIMEXE
 40
1.25
  9
$DIMTP
 40
0.0
  9
$DIMTM
 40
0.0
  9
$DIMTXT
 40
2.5
  9
$DIMCEN
 40
0.09
  9
$DIMTSZ
 40
0.0
  9
$DIMTOL
 70
     0
  9
$DIMLIM
 70
     0
  9
$DIMTIH
 70
     0
  9
$DIMTOH
 70
     1
  9
$DIMSE1
 70
     0
  9
$DIMSE2
 70
     0
  9
$DIMTAD
 70
     1
  9
$DIMZIN
 70
     8
  9
$DIMBLK
  1

  9
$DIMASO
 70
     1
  9
$DIMSHO
 70
     1
  9
$DIMPOST
  1

  9
$DIMAPOST
  1

  9
$DIMALT
 70
     0
  9
$DIMALTD
 70
     2
  9
$DIMALTF
 40
25.4
  9
$DIMLFAC
 40
1.0
  9
$DIMTOFL
 70
     0
  9
$DIMTVP
 40
0.0
  9
$DIMTIX
 70
     0
  9
$DIMSOXD
 70
     0
  9
$DIMSAH
 70
     0
  9
$DIMBLK1
  1

  9
$DIMBLK2
  1

  9
$DIMSTYLE
  2
Standard
  9
$DIMCLRD
 70
     0
  9
$DIMCLRE
 70
     0
  9
$DIMCLRT
 70
     0
  9
$DIMTFAC
 40
1.0
  9
$DIMGAP
 40
0.625
  9
$DIMJUST
 70
     0
  9
$DIMSD1
 70
     0
  9
$DIMSD2
 70
     0
  9
$DIMTOLJ
 70
     1
  9
$DIMTZIN
 70
     0
  9
$DIMALTZ
 70
     0
  9
$DIMALTTZ
 70
     0
  9
$DIMUPT
 70
     0
  9
$DIMDEC
 70
     4
  9
$DIMTDEC
 70
     4
  9
$DIMALTU
 70
     2
  9
$DIMALTTD
 70
     2
  9
$DIMTXSTY
  7
Standard
  9
$DIMAUNIT
 70
     0
  9
$DIMADEC
 70
     0
  9
$DIMALTRND
 40
0.0
  9
$DIMAZIN
 70
     2
  9
$DIMDSEP
 70
    46
  9
$DIMATFIT
 70
     0
  9
$DIMFRAC
 70
     0
  9
$DIMLDRBLK
  1

  9
$DIMLUNIT
 70
     2
  9
$DIMLWD
 70
    -2
  9
$DIMLWE
 70
    -2
  9
$DIMTMOVE
 70
     0
  9
$DIMFXL
 40
1.0
  9
$DIMFXLON
 70
     0
  9
$DIMJOGANG
 40
0.7853981633974483
  9
$DIMTFILL
 70
     0
  9
$DIMTFILLCLR
 70
     0
  9
$DIMARCSYM
 70
     0
  9
$DIMLTYPE
  6

  9
$DIMLTEX1
  6

  9
$DIMLTEX2
  6

  9
$DIMTXTDIRECTION
 70
     0
  9
$LUNITS
 70
     2
  9
$LUPREC
 70
     4
  9
$SKETCHINC
 40
0.1
  9
$FILLETRAD
 40
0.0
  9
$AUNITS
 70
     0
  9
$AUPREC
 70
     0
  9
$MENU
  1
.
  9
$ELEVATION
 40
0.0
  9
$PELEVATION
 40
0.0
  9
$THICKNESS
 40
0.0
  9
$LIMCHECK
 70
     0
  9
$CHAMFERA
 40
0.0
  9
$CHAMFERB
 40
0.0
  9
$CHAMFERC
 40
0.0
  9
$CHAMFERD
 40
0.0
  9
$SKPOLY
 70
     0
  9
$TDCREATE
 40
2461265.815790822
  9
$TDUCREATE
 40
2461265.774124156
  9
$TDUPDATE
 40
2461265.815791308
  9
$TDUUPDATE
 40
2461265.774124641
  9
$TDINDWG
 40
0.0000000116
  9
$TDUSRTIMER
 40
0.0000000116
  9
$USRTIMER
 70
     1
  9
$ANGBASE
 50
0.0
  9
$ANGDIR
 70
     0
  9
$PDMODE
 70
     0
  9
$PDSIZE
 40
0.0
  9
$PLINEWID
 40
0.0
  9
$SPLFRAME
 70
     0
  9
$SPLINETYPE
 70
     6
  9
$SPLINESEGS
 70
     8
  9
$HANDSEED
  5
2C4
  9
$SURFTAB1
 70
     6
  9
$SURFTAB2
 70
     6
  9
$SURFTYPE
 70
     6
  9
$SURFU
 70
     6
  9
$SURFV
 70
     6
  9
$UCSBASE
  2

  9
$UCSNAME
  2

  9
$UCSORG
 10
0.0
 20
0.0
 30
0.0
  9
$UCSXDIR
 10
1.0
 20
0.0
 30
0.0
  9
$UCSYDIR
 10
0.0
 20
1.0
 30
0.0
  9
$UCSORTHOREF
  2

  9
$UCSORTHOVIEW
 70
     0
  9
$UCSORGTOP
 10
0.0
 20
0.0
 30
0.0
  9
$UCSORGBOTTOM
 10
0.0
 20
0.0
 30
0.0
  9
$UCSORGLEFT
 10
0.0
 20
0.0
 30
0.0
  9
$UCSORGRIGHT
 10
0.0
 20
0.0
 30
0.0
  9
$UCSORGFRONT
 10
0.0
 20
0.0
 30
0.0
  9
$UCSORGBACK
 10
0.0
 20
0.0
 30
0.0
  9
$PUCSBASE
  2

  9
$PUCSNAME
  2

  9
$PUCSORG
 10
0.0
 20
0.0
 30
0.0
  9
$PUCSXDIR
 10
1.0
 20
0.0
 30
0.0
  9
$PUCSYDIR
 10
0.0
 20
1.0
 30
0.0
  9
$PUCSORTHOREF
  2

  9
$PUCSORTHOVIEW
 70
     0
  9
$PUCSORGTOP
 10
0.0
 20
0.0
 30
0.0
  9
$PUCSORGBOTTOM
 10
0.0
 20
0.0
 30
0.0
  9
$PUCSORGLEFT
 10
0.0
 20
0.0
 30
0.0
  9
$PUCSORGRIGHT
 10
0.0
 20
0.0
 30
0.0
  9
$PUCSORGFRONT
 10
0.0
 20
0.0
 30
0.0
  9
$PUCSORGBACK
 10
0.0
 20
0.0
 30
0.0
  9
$USERI1
 70
     0
  9
$USERI2
 70
     0
  9
$USERI3
 70
     0
  9
$USERI4
 70
     0
  9
$USERI5
 70
     0
  9
$USERR1
 40
0.0
  9
$USERR2
 40
0.0
  9
$USERR3
 40
0.0
  9
$USERR4
 40
0.0
  9
$USERR5
 40
0.0
  9
$WORLDVIEW
 70
     1
  9
$SHADEDGE
 70
     3
  9
$SHADEDIF
 70
    70
  9
$TILEMODE
 70
     1
  9
$MAXACTVP
 70
    64
  9
$PINSBASE
 10
0.0
 20
0.0
 30
0.0
  9
$PLIMCHECK
 70
     0
  9
$PEXTMIN
 10
0.0
 20
0.0
 30
0.0
  9
$PEXTMAX
 10
0.0
 20
0.0
 30
0.0
  9
$PLIMMIN
 10
-20.0
 20
-7.5
  9
$PLIMMAX
 10
277.0
 20
202.5
  9
$UNITMODE
 70
     0
  9
$VISRETAIN
 70
     1
  9
$PLINEGEN
 70
     0
  9
$PSLTSCALE
 70
     1
  9
$TREEDEPTH
 70
  3020
  9
$CMLSTYLE
  2
Standard
  9
$CMLJUST
 70
     0
  9
$CMLSCALE
 40
1.0
  9
$PROXYGRAPHICS
 70
     1
  9
$MEASUREMENT
 70
     1
  9
$CELWEIGHT
370
    -1
  9
$ENDCAPS
280
     0
  9
$JOINSTYLE
280
     0
  9
$LWDISPLAY
290
     0
  9
$INSUNITS
 70
     4
  9
$HYPERLINKBASE
  1

  9
$STYLESHEET
  1

  9
$XEDIT
290
     1
  9
$CEPSNTYPE
380
     0
  9
$PSTYLEMODE
290
     1
  9
$FINGERPRINTGUID
  2
{f3757571-b575-3765-64b4-65f137b07876}
  9
$VERSIONGUID
  2
{FAEB1C32-E019-11D5-929B-00C0DF256EC4}
  9
$EXTNAMES
290
     1
  9
$PSVPSCALE
 40
0.0
  9
$OLESTARTUP
290
     0
  9
$SORTENTS
280
   127
  9
$INDEXCTL
280
     0
  9
$HIDETEXT
280
     1
  9
$XCLIPFRAME
280
     2
  9
$HALOGAP
280
     0
  9
$OBSCOLOR
 70
   257
  9
$OBSLTYPE
280
     0
  9
$INTERSECTIONDISPLAY
280
     0
  9
$INTERSECTIONCOLOR
 70
   257
  9
$DIMASSOC
280
     2
  9
$PROJECTNAME
  1

  9
$CAMERADISPLAY
290
     0
  9
$LENSLENGTH
 40
50.0
  9
$CAMERAHEIGHT
 40
0.0
  9
$STEPSPERSEC
 40
2.0
  9
$STEPSIZE
 40
6.0
  9
$3DDWFPREC
 40
2.0
  9
$PSOLWIDTH
 40
0.25
  9
$PSOLHEIGHT
 40
4.0
  9
$LOFTANG1
 40
1.570796326794897
  9
$LOFTANG2
 40
1.570796326794897
  9
$LOFTMAG1
 40
0.0
  9
$LOFTMAG2
 40
0.0
  9
$LOFTPARAM
 70
     7
  9
$LOFTNORMALS
280
     1
  9
$LATITUDE
 40
37.795
  9
$LONGITUDE
 40
-122.394
  9
$NORTHDIRECTION
 40
0.0
  9
$TIMEZONE
 70
 -8000
  9
$LIGHTGLYPHDISPLAY
280
     1
  9
$TILEMODELIGHTSYNCH
280
     1
  9
$CMATERIAL
347
22C
  9
$SOLIDHIST
280
     0
  9
$SHOWHIST
280
     1
  9
$DWFFRAME
280
     2
  9
$DGNFRAME
280
     2
  9
$REALWORLDSCALE
290
     1
  9
$INTERFERECOLOR
 62
   256
  9
$CSHADOW
280
     0
  9
$SHADOWPLANELOCATION
 40
0.0
  0
ENDSEC
  0
SECTION
  2
CLASSES
  0
CLASS
  1
ACDBDICTIONARYWDFLT
  2
AcDbDictionaryWithDefault
  3
ObjectDBX Classes
 90
        0
 91
        3
280
     0
281
     0
  0
CLASS
  1
VISUALSTYLE
  2
AcDbVisualStyle
  3
ObjectDBX Classes
 90
     4095
 91
        3
280
     0
281
     0
  0
CLASS
  1
MATERIAL
  2
AcDbMaterial
  3
ObjectDBX Classes
 90
     1153
 91
        3
280
     0
281
     0
  0
CLASS
  1
SCALE
  2
AcDbScale
  3
ObjectDBX Classes
 90
     1153
 91
        3
280
     0
281
     0
  0
CLASS
  1
TABLESTYLE
  2
AcDbTableStyle
  3
ObjectDBX Classes
 90
     4095
 91
        3
280
     0
281
     0
  0
CLASS
  1
MLEADERSTYLE
  2
AcDbMLeaderStyle
  3
ACDB_MLEADERSTYLE_CLASS
 90
     4095
 91
        3
280
     0
281
     0
  0
CLASS
  1
SUN
  2
AcDbSun
  3
SCENEOE
 90
     1153
 91
        3
280
     0
281
     0
  0
CLASS
  1
DICTIONARYVAR
  2
AcDbDictionaryVar
  3
ObjectDBX Classes
 90
        0
 91
        3
280
     0
281
     0
  0
CLASS
  1
CELLSTYLEMAP
  2
AcDbCellStyleMap
  3
ObjectDBX Classes
 90
     1152
 91
        3
280
     0
281
     0
  0
ENDSEC
  0
SECTION
  2
TABLES
  0
TABLE
  2
VPORT
  5
1F1
330
0
100
AcDbSymbolTable
 70
     1
  0
VPORT
  5
211
330
1F1
100
AcDbSymbolTableRecord
100
AcDbViewportTableRecord
  2
*Active
 70
     0
 10
0.0
 20
0.0
 11
1.0
 21
1.0
 12
-1006.841638833277
 22
42.86608878234892
 13
0.0
 23
0.0
 14
0.5
 24
0.5
 15
0.5
 25
0.5
 16
0.0
 26
0.0
 36
1.0
 17
0.0
 27
0.0
 37
0.0
 40
4862.55715394073
 41
2.038147138964578
 42
50.0
 43
0.0
 44
0.0
 50
0.0
 51
0.0
 71
     0
 72
   100
 73
     1
 74
     3
 75
     0
 76
     0
 77
     0
 78
     0
281
     0
 65
     1
110
0.0
120
0.0
130
0.0
111
1.0
121
0.0
131
0.0
112
0.0
122
1.0
132
0.0
 79
     0
146
0.0
348
217
 60
     3
 61
     5
292
     1
282
     1
141
0.0
142
0.0
 63
   250
361
245
  0
ENDTAB
  0
TABLE
  2
LTYPE
  5
1EE
330
0
100
AcDbSymbolTable
 70
    51
  0
LTYPE
  5
1FC
330
1EE
100
AcDbSymbolTableRecord
100
AcDbLinetypeTableRecord
  2
ByBlock
 70
     0
  3

 72
    65
 73
     0
 40
0.0
  0
LTYPE
  5
1FD
330
1EE
100
AcDbSymbolTableRecord
100
AcDbLinetypeTableRecord
  2
ByLayer
 70
     0
  3

 72
    65
 73
     0
 40
0.0
  0
LTYPE
  5
1FE
330
1EE
100
AcDbSymbolTableRecord
100
AcDbLinetypeTableRecord
  2
Continuous
 70
     0
  3
Solid line
 72
    65
 73
     0
 40
0.0
  0
LTYPE
  5
27F
330
1EE
100
AcDbSymbolTableRecord
100
AcDbLinetypeTableRecord
  2
CENTERX2
 70
     0
  3
Center (2x) ________  __  ________  __  _____
 72
    65
 73
     4
 40
101.6
 49
63.5
 74
     0
 49
-12.7
 74
     0
 49
12.7
 74
     0
 49
-12.7
 74
     0
  0
LTYPE
  5
281
330
1EE
100
AcDbSymbolTableRecord
100
AcDbLinetypeTableRecord
  2
HOT_WATER_SUPPLY
 70
     0
  3
Hot water supply ---- HW ---- HW ---- HW ----
 72
    65
 73
     3
 40
22.86
 49
12.7
 74
     0
 49
-5.08
 74
     2
 75
     0
340
280
 46
2.54
 50
0.0
 44
-2.54
 45
-1.27
  9
HW
 49
-5.08
 74
     0
  0
LTYPE
  5
283
330
1EE
100
AcDbSymbolTableRecord
100
AcDbLinetypeTableRecord
  2
FENCELINE1
 70
     0
  3
Fenceline circle ----0-----0----0-----0----0-----0--
 72
    65
 73
     4
 40
36.83
 49
6.35
 74
     0
 49
-2.54
 74
     2
 75
     0
340
282
 46
2.54
 50
0.0
 44
-2.54
 45
0.0
  9
CIRC1
 49
-2.54
 74
     0
 49
25.4
 74
     0
  0
LTYPE
  5
284
330
1EE
100
AcDbSymbolTableRecord
100
AcDbLinetypeTableRecord
  2
CENTER2
 70
     0
  3
Center (.5x) ___ _ ___ _ ___ _ ___ _ ___ _ ___
 72
    65
 73
     4
 40
28.575
 49
19.05
 74
     0
 49
-3.175
 74
     0
 49
3.175
 74
     0
 49
-3.175
 74
     0
  0
LTYPE
  5
285
330
1EE
100
AcDbSymbolTableRecord
100
AcDbLinetypeTableRecord
  2
DASHDOTX2
 70
     0
  3
Dash dot (2x) ____  .  ____  .  ____  .  ___
 72
    65
 73
     4
 40
50.8
 49
25.4
 74
     0
 49
-12.7
 74
     0
 49
0.0
 74
     0
 49
-12.7
 74
     0
  0
LTYPE
  5
286
330
1EE
100
AcDbSymbolTableRecord
100
AcDbLinetypeTableRecord
  2
GAS_LINE
 70
     0
  3
Gas line ----GAS----GAS----GAS----GAS----GAS----GAS--
 72
    65
 73
     3
 40
24.13
 49
12.7
 74
     0
 49
-5.08
 74
     2
 75
     0
340
280
 46
2.54
 50
0.0
 44
-2.54
 45
-1.27
  9
GAS
 49
-6.35
 74
     0
  0
LTYPE
  5
287
330
1EE
100
AcDbSymbolTableRecord
100
AcDbLinetypeTableRecord
  2
POINT1
 70
     0
  3
----/\-----/\---
 72
    65
 73
     2
 40
31.26232
 49
25.4
 74
     2
 75
     0
340
282
 46
5.08
 50
0.0
 44
0.0
 45
0.0
  9
PT1
 49
-5.86232
 74
     0
  0
LTYPE
  5
288
330
1EE
100
AcDbSymbolTableRecord
100
AcDbLinetypeTableRecord
  2
POINT2
 70
     0
  3
----\/-----\/---
 72
    65
 73
     2
 40
31.26232
 49
25.4
 74
     2
 75
     0
340
282
 46
5.08
 50
0.0
 44
0.0
 45
0.0
  9
PT2
 49
-5.86232
 74
     0
  0
LTYPE
  5
289
330
1EE
100
AcDbSymbolTableRecord
100
AcDbLinetypeTableRecord
  2
PHANTOM2
 70
     0
  3
Phantom (.5x) ___ _ _ ___ _ _ ___ _ _ ___ _ _
 72
    65
 73
     6
 40
31.75
 49
15.875
 74
     0
 49
-3.175
 74
     0
 49
3.175
 74
     0
 49
-3.175
 74
     0
 49
3.175
 74
     0
 49
-3.175
 74
     0
  0
LTYPE
  5
28A
330
1EE
100
AcDbSymbolTableRecord
100
AcDbLinetypeTableRecord
  2
FENCELINE2
 70
     0
  3
Fenceline square ----[]-----[]----[]-----[]----[]---
 72
    65
 73
     4
 40
36.83
 49
6.35
 74
     0
 49
-2.54
 74
     2
 75
     0
340
282
 46
2.54
 50
0.0
 44
-2.54
 45
0.0
  9
BOX
 49
-2.54
 74
     0
 49
25.4
 74
     0
  0
LTYPE
  5
28B
330
1EE
100
AcDbSymbolTableRecord
100
AcDbLinetypeTableRecord
  2
BORDER2
 70
     0
  3
Border (.5x) __.__.__.__.__.__.__.__.__.__.__.
 72
    65
 73
     6
 40
22.225
 49
6.35
 74
     0
 49
-3.175
 74
     0
 49
6.35
 74
     0
 49
-3.175
 74
     0
 49
0.0
 74
     0
 49
-3.175
 74
     0
  0
LTYPE
  5
28C
330
1EE
100
AcDbSymbolTableRecord
100
AcDbLinetypeTableRecord
  2
ACAD_ISO10W100
 70
     0
  3
ISO dash dot __ . __ . __ . __ . __ . __ . __ . 
 72
    65
 73
     4
 40
18.0
 49
12.0
 74
     0
 49
-3.0
 74
     0
 49
0.0
 74
     0
 49
-3.0
 74
     0
  0
LTYPE
  5
28D
330
1EE
100
AcDbSymbolTableRecord
100
AcDbLinetypeTableRecord
  2
CENTER
 70
     0
  3
Center ____ _ ____ _ ____ _ ____ _ ____ _ ____
 72
    65
 73
     4
 40
50.8
 49
31.75
 74
     0
 49
-6.35
 74
     0
 49
6.35
 74
     0
 49
-6.35
 74
     0
  0
LTYPE
  5
28E
330
1EE
100
AcDbSymbolTableRecord
100
AcDbLinetypeTableRecord
  2
ACAD_ISO11W100
 70
     0
  3
ISO double-dash dot __ __ . __ __ . __ __ . __ _
 72
    65
 73
     6
 40
33.0
 49
12.0
 74
     0
 49
-3.0
 74
     0
 49
12.0
 74
     0
 49
-3.0
 74
     0
 49
0.0
 74
     0
 49
-3.0
 74
     0
  0
LTYPE
  5
28F
330
1EE
100
AcDbSymbolTableRecord
100
AcDbLinetypeTableRecord
  2
DASHED
 70
     0
  3
Dashed __ __ __ __ __ __ __ __ __ __ __ __ __ _
 72
    65
 73
     2
 40
19.05
 49
12.7
 74
     0
 49
-6.35
 74
     0
  0
LTYPE
  5
291
330
1EE
100
AcDbSymbolTableRecord
100
AcDbLinetypeTableRecord
  2
DRAINAGE
 70
     0
  3
Drainage ---->---->---->----
 72
    65
 73
     2
 40
10.16
 49
5.08
 74
     2
 75
     0
340
290
 46
2.54
 50
180.0
 44
0.0
 45
0.0
  9
RIGHT_ARROW
 49
5.08
 74
     0
  0
LTYPE
  5
292
330
1EE
100
AcDbSymbolTableRecord
100
AcDbLinetypeTableRecord
  2
HIDDENX2
 70
     0
  3
Hidden (2x) ____ ____ ____ ____ ____ ____ ____ 
 72
    65
 73
     2
 40
19.05
 49
12.7
 74
     0
 49
-6.35
 74
     0
  0
LTYPE
  5
293
330
1EE
100
AcDbSymbolTableRecord
100
AcDbLinetypeTableRecord
  2
PLANT
 70
     0
  3
_/^ \_\^ \_
 72
    65
 73
     7
 40
21.94
 49
0.01
 74
     2
 75
     0
340
282
 46
1.0
 50
0.0
 44
0.0
 45
0.0
  9
PLANT1
 49
-3.0
 74
     2
 75
     0
340
282
 46
1.0
 50
0.0
 44
0.0
 45
0.0
  9
PLANT2
 49
-3.15
 74
     2
 75
     0
340
282
 46
1.0
 50
0.0
 44
0.0
 45
0.0
  9
PLANT3
 49
-4.23
 74
     2
 75
     0
340
282
 46
1.0
 50
0.0
 44
0.0
 45
0.0
  9
PLANT4
 49
-4.63
 74
     2
 75
     0
340
282
 46
1.0
 50
0.0
 44
0.0
 45
0.0
  9
PLANT5
 49
-2.5
 74
     2
 75
     0
340
282
 46
1.0
 50
0.0
 44
0.0
 45
0.0
  9
PLANT6
 49
-4.42
 74
     0
  0
LTYPE
  5
294
330
1EE
100
AcDbSymbolTableRecord
100
AcDbLinetypeTableRecord
  2
ACAD_ISO09W100
 70
     0
  3
ISO long-dash double-short-dash ____ __ __ ____
 72
    65
 73
     6
 40
45.0
 49
24.0
 74
     0
 49
-3.0
 74
     0
 49
6.0
 74
     0
 49
-3.0
 74
     0
 49
6.0
 74
     0
 49
-3.0
 74
     0
  0
LTYPE
  5
295
330
1EE
100
AcDbSymbolTableRecord
100
AcDbLinetypeTableRecord
  2
DIVIDEX2
 70
     0
  3
Divide (2x) ________  .  .  ________  .  .  _
 72
    65
 73
     6
 40
63.5
 49
25.4
 74
     0
 49
-12.7
 74
     0
 49
0.0
 74
     0
 49
-12.7
 74
     0
 49
0.0
 74
     0
 49
-12.7
 74
     0
  0
LTYPE
  5
296
330
1EE
100
AcDbSymbolTableRecord
100
AcDbLinetypeTableRecord
  2
ACAD_ISO07W100
 70
     0
  3
ISO dot . . . . . . . . . . . . . . . . . . . . 
 72
    65
 73
     2
 40
3.0
 49
0.0
 74
     0
 49
-3.0
 74
     0
  0
LTYPE
  5
297
330
1EE
100
AcDbSymbolTableRecord
100
AcDbLinetypeTableRecord
  2
PHANTOMX2
 70
     0
  3
Phantom (2x) ____________    ____    ____   _
 72
    65
 73
     6
 40
127.0
 49
63.5
 74
     0
 49
-12.7
 74
     0
 49
12.7
 74
     0
 49
-12.7
 74
     0
 49
12.7
 74
     0
 49
-12.7
 74
     0
  0
LTYPE
  5
298
330
1EE
100
AcDbSymbolTableRecord
100
AcDbLinetypeTableRecord
  2
ACAD_ISO04W100
 70
     0
  3
ISO long-dash dot ____ . ____ . ____ . ____ . _
 72
    65
 73
     4
 40
30.0
 49
24.0
 74
     0
 49
-3.0
 74
     0
 49
0.0
 74
     0
 49
-3.0
 74
     0
  0
LTYPE
  5
299
330
1EE
100
AcDbSymbolTableRecord
100
AcDbLinetypeTableRecord
  2
DOT2
 70
     0
  3
Dot (.5x) ........................................
 72
    65
 73
     2
 40
3.175
 49
0.0
 74
     0
 49
-3.175
 74
     0
  0
LTYPE
  5
29A
330
1EE
100
AcDbSymbolTableRecord
100
AcDbLinetypeTableRecord
  2
ACAD_ISO14W100
 70
     0
  3
ISO dash triple-dot __ . . . __ . . . __ . . . _
 72
    65
 73
     8
 40
24.0
 49
12.0
 74
     0
 49
-3.0
 74
     0
 49
0.0
 74
     0
 49
-3.0
 74
     0
 49
0.0
 74
     0
 49
-3.0
 74
     0
 49
0.0
 74
     0
 49
-3.0
 74
     0
  0
LTYPE
  5
29B
330
1EE
100
AcDbSymbolTableRecord
100
AcDbLinetypeTableRecord
  2
HIDDEN
 70
     0
  3
Hidden __ __ __ __ __ __ __ __ __ __ __ __ __ __
 72
    65
 73
     2
 40
9.524999999999999
 49
6.35
 74
     0
 49
-3.175
 74
     0
  0
LTYPE
  5
29C
330
1EE
100
AcDbSymbolTableRecord
100
AcDbLinetypeTableRecord
  2
BORDERX2
 70
     0
  3
Border (2x) ____  ____  .  ____  ____  .  ___
 72
    65
 73
     6
 40
88.89999999999999
 49
25.4
 74
     0
 49
-12.7
 74
     0
 49
25.4
 74
     0
 49
-12.7
 74
     0
 49
0.0
 74
     0
 49
-12.7
 74
     0
  0
LTYPE
  5
29D
330
1EE
100
AcDbSymbolTableRecord
100
AcDbLinetypeTableRecord
  2
DOT
 70
     0
  3
Dot . . . . . . . . . . . . . . . . . . . . . . . .
 72
    65
 73
     2
 40
6.35
 49
0.0
 74
     0
 49
-6.35
 74
     0
  0
LTYPE
  5
29E
330
1EE
100
AcDbSymbolTableRecord
100
AcDbLinetypeTableRecord
  2
DASHDOT2
 70
     0
  3
Dash dot (.5x) _._._._._._._._._._._._._._._.
 72
    65
 73
     4
 40
12.7
 49
6.35
 74
     0
 49
-3.175
 74
     0
 49
0.0
 74
     0
 49
-3.175
 74
     0
  0
LTYPE
  5
29F
330
1EE
100
AcDbSymbolTableRecord
100
AcDbLinetypeTableRecord
  2
DASHEDX2
 70
     0
  3
Dashed (2x) ____  ____  ____  ____  ____  ___
 72
    65
 73
     2
 40
38.09999999999999
 49
25.4
 74
     0
 49
-12.7
 74
     0
  0
LTYPE
  5
2A0
330
1EE
100
AcDbSymbolTableRecord
100
AcDbLinetypeTableRecord
  2
ACAD_ISO02W100
 70
     0
  3
ISO dash __ __ __ __ __ __ __ __ __ __ __ __ __
 72
    65
 73
     2
 40
15.0
 49
12.0
 74
     0
 49
-3.0
 74
     0
  0
LTYPE
  5
2A1
330
1EE
100
AcDbSymbolTableRecord
100
AcDbLinetypeTableRecord
  2
DASHED2
 70
     0
  3
Dashed (.5x) _ _ _ _ _ _ _ _ _ _ _ _ _ _ _ _ _ 
 72
    65
 73
     2
 40
9.524999999999999
 49
6.35
 74
     0
 49
-3.175
 74
     0
  0
LTYPE
  5
2A2
330
1EE
100
AcDbSymbolTableRecord
100
AcDbLinetypeTableRecord
  2
ACAD_ISO12W100
 70
     0
  3
ISO dash double-dot __ . . __ . . __ . . __ . . 
 72
    65
 73
     6
 40
21.0
 49
12.0
 74
     0
 49
-3.0
 74
     0
 49
0.0
 74
     0
 49
-3.0
 74
     0
 49
0.0
 74
     0
 49
-3.0
 74
     0
  0
LTYPE
  5
2A3
330
1EE
100
AcDbSymbolTableRecord
100
AcDbLinetypeTableRecord
  2
DIVIDE2
 70
     0
  3
Divide (.5x) __..__..__..__..__..__..__..__.._
 72
    65
 73
     6
 40
15.875
 49
6.35
 74
     0
 49
-3.175
 74
     0
 49
0.0
 74
     0
 49
-3.175
 74
     0
 49
0.0
 74
     0
 49
-3.175
 74
     0
  0
LTYPE
  5
2A4
330
1EE
100
AcDbSymbolTableRecord
100
AcDbLinetypeTableRecord
  2
BORDER
 70
     0
  3
Border __ __ . __ __ . __ __ . __ __ . __ __ .
 72
    65
 73
     6
 40
44.45
 49
12.7
 74
     0
 49
-6.35
 74
     0
 49
12.7
 74
     0
 49
-6.35
 74
     0
 49
0.0
 74
     0
 49
-6.35
 74
     0
  0
LTYPE
  5
2A5
330
1EE
100
AcDbSymbolTableRecord
100
AcDbLinetypeTableRecord
  2
ACAD_ISO05W100
 70
     0
  3
ISO long-dash double-dot ____ .. ____ .. ____ . 
 72
    65
 73
     6
 40
33.0
 49
24.0
 74
     0
 49
-3.0
 74
     0
 49
0.0
 74
     0
 49
-3.0
 74
     0
 49
0.0
 74
     0
 49
-3.0
 74
     0
  0
LTYPE
  5
2A6
330
1EE
100
AcDbSymbolTableRecord
100
AcDbLinetypeTableRecord
  2
ACAD_ISO03W100
 70
     0
  3
ISO dash space __    __    __    __    __    __
 72
    65
 73
     2
 40
30.0
 49
12.0
 74
     0
 49
-18.0
 74
     0
  0
LTYPE
  5
2A7
330
1EE
100
AcDbSymbolTableRecord
100
AcDbLinetypeTableRecord
  2
PHANTOM
 70
     0
  3
Phantom ______  __  __  ______  __  __  ______ 
 72
    65
 73
     6
 40
63.50000000000001
 49
31.75
 74
     0
 49
-6.35
 74
     0
 49
6.35
 74
     0
 49
-6.35
 74
     0
 49
6.35
 74
     0
 49
-6.35
 74
     0
  0
LTYPE
  5
2A8
330
1EE
100
AcDbSymbolTableRecord
100
AcDbLinetypeTableRecord
  2
ZIGZAG
 70
     0
  3
Zig zag /\/\/\/\/\/\/\/\/\/\/\/\/\/\/\/\/\/\/\/\/\/\/\/
 72
    65
 73
     4
 40
20.32254
 49
0.00254
 74
     0
 49
-5.08
 74
     2
 75
     0
340
282
 46
5.08
 50
0.0
 44
-5.08
 45
0.0
  9
ZIG
 49
-10.16
 74
     2
 75
     0
340
282
 46
5.08
 50
180.0
 44
5.08
 45
0.0
  9
ZIG
 49
-5.08
 74
     0
  0
LTYPE
  5
2A9
330
1EE
100
AcDbSymbolTableRecord
100
AcDbLinetypeTableRecord
  2
ACAD_ISO06W100
 70
     0
  3
ISO long-dash triple-dot ____ ... ____ ... ____
 72
    65
 73
     8
 40
36.0
 49
24.0
 74
     0
 49
-3.0
 74
     0
 49
0.0
 74
     0
 49
-3.0
 74
     0
 49
0.0
 74
     0
 49
-3.0
 74
     0
 49
0.0
 74
     0
 49
-3.0
 74
     0
  0
LTYPE
  5
2AA
330
1EE
100
AcDbSymbolTableRecord
100
AcDbLinetypeTableRecord
  2
DOTX2
 70
     0
  3
Dot (2x) .  .  .  .  .  .  .  .  .  .  .  .  .  .
 72
    65
 73
     2
 40
12.7
 49
0.0
 74
     0
 49
-12.7
 74
     0
  0
LTYPE
  5
2AB
330
1EE
100
AcDbSymbolTableRecord
100
AcDbLinetypeTableRecord
  2
DIVIDE
 70
     0
  3
Divide ____ . . ____ . . ____ . . ____ . . ____
 72
    65
 73
     6
 40
31.75
 49
12.7
 74
     0
 49
-6.35
 74
     0
 49
0.0
 74
     0
 49
-6.35
 74
     0
 49
0.0
 74
     0
 49
-6.35
 74
     0
  0
LTYPE
  5
2AC
330
1EE
100
AcDbSymbolTableRecord
100
AcDbLinetypeTableRecord
  2
ACAD_ISO13W100
 70
     0
  3
ISO double-dash double-dot __ __ . . __ __ . . _
 72
    65
 73
     8
 40
36.0
 49
12.0
 74
     0
 49
-3.0
 74
     0
 49
12.0
 74
     0
 49
-3.0
 74
     0
 49
0.0
 74
     0
 49
-3.0
 74
     0
 49
0.0
 74
     0
 49
-3.0
 74
     0
  0
LTYPE
  5
2AD
330
1EE
100
AcDbSymbolTableRecord
100
AcDbLinetypeTableRecord
  2
DASHDOT
 70
     0
  3
Dash dot __ . __ . __ . __ . __ . __ . __ . __
 72
    65
 73
     4
 40
25.4
 49
12.7
 74
     0
 49
-6.35
 74
     0
 49
0.0
 74
     0
 49
-6.35
 74
     0
  0
LTYPE
  5
2AE
330
1EE
100
AcDbSymbolTableRecord
100
AcDbLinetypeTableRecord
  2
HIDDEN2
 70
     0
  3
Hidden (.5x) _ _ _ _ _ _ _ _ _ _ _ _ _ _ _ _ _ 
 72
    65
 73
     2
 40
4.762499999999999
 49
3.175
 74
     0
 49
-1.5875
 74
     0
  0
LTYPE
  5
2AF
330
1EE
100
AcDbSymbolTableRecord
100
AcDbLinetypeTableRecord
  2
ACAD_ISO15W100
 70
     0
  3
ISO double-dash triple-dot __ __ . . . __ __ . .
 72
    65
 73
    10
 40
39.0
 49
12.0
 74
     0
 49
-3.0
 74
     0
 49
12.0
 74
     0
 49
-3.0
 74
     0
 49
0.0
 74
     0
 49
-3.0
 74
     0
 49
0.0
 74
     0
 49
-3.0
 74
     0
 49
0.0
 74
     0
 49
-3.0
 74
     0
  0
LTYPE
  5
2B0
330
1EE
100
AcDbSymbolTableRecord
100
AcDbLinetypeTableRecord
  2
BATTING
 70
     0
  3
Batting SSSSSSSSSSSSSSSSSSSSSSSSSSSSSSSSSSSSSSSSSSSSSSS
 72
    65
 73
     4
 40
10.16254
 49
0.00254
 74
     0
 49
-2.54
 74
     2
 75
     0
340
282
 46
2.54
 50
0.0
 44
-2.54
 45
0.0
  9
BAT
 49
-5.08
 74
     2
 75
     0
340
282
 46
2.54
 50
180.0
 44
2.54
 45
0.0
  9
BAT
 49
-2.54
 74
     0
  0
LTYPE
  5
2B1
330
1EE
100
AcDbSymbolTableRecord
100
AcDbLinetypeTableRecord
  2
DRAINAGE2
 70
     0
  3
Drainage reversed----<----<----<----
 72
    65
 73
     2
 40
10.16
 49
5.08
 74
     2
 75
     0
340
290
 46
2.54
 50
0.0
 44
0.0
 45
0.0
  9
RIGHT_ARROW
 49
5.08
 74
     0
  0
LTYPE
  5
2B2
330
1EE
100
AcDbSymbolTableRecord
100
AcDbLinetypeTableRecord
  2
ACAD_ISO08W100
 70
     0
  3
ISO long-dash short-dash ____ __ ____ __ ____ _
 72
    65
 73
     4
 40
36.0
 49
24.0
 74
     0
 49
-3.0
 74
     0
 49
6.0
 74
     0
 49
-3.0
 74
     0
  0
LTYPE
  5
2B3
330
1EE
100
AcDbSymbolTableRecord
100
AcDbLinetypeTableRecord
  2
TRACKS
 70
     0
  3
Tracks -|-|-|-|-|-|-|-|-|-|-|-|-|-|-|-|-|-|-|-|-|-|-|-|-
 72
    65
 73
     2
 40
7.62
 49
3.81
 74
     2
 75
     0
340
282
 46
6.35
 50
0.0
 44
0.0
 45
0.0
  9
TRACK1
 49
3.81
 74
     0
  0
ENDTAB
  0
TABLE
  2
LAYER
  5
1EC
330
0
100
AcDbSymbolTable
 70
     2
  0
LAYER
  5
1F9
330
1EC
100
AcDbSymbolTableRecord
100
AcDbLayerTableRecord
  2
0
 70
     0
 62
     7
  6
Continuous
370
    25
390
1F8
347
22E
348
0
  0
LAYER
  5
2B4
330
1EC
100
AcDbSymbolTableRecord
100
AcDbLayerTableRecord
  2
sketch
 70
     0
 62
     1
  6
Continuous
370
    25
390
1F8
347
22E
348
0
  0
ENDTAB
  0
TABLE
  2
STYLE
  5
1ED
330
0
100
AcDbSymbolTable
 70
     5
  0
STYLE
  5
1FA
330
1ED
100
AcDbSymbolTableRecord
100
AcDbTextStyleTableRecord
  2
Standard
 70
     0
 40
0.0
 41
1.0
 50
0.0
 71
     0
 42
0.2
  3
txt
  4

  0
STYLE
  5
280
330
1ED
100
AcDbSymbolTableRecord
100
AcDbTextStyleTableRecord
  2
textstyle0
 70
     0
 40
0.0
 41
1.0
 50
0.0
 71
     0
 42
0.2
  3
STANDARD
  4

  0
STYLE
  5
282
330
1ED
100
AcDbSymbolTableRecord
100
AcDbTextStyleTableRecord
  2
textstyle1
 70
     0
 40
0.0
 41
1.0
 50
0.0
 71
     0
 42
0.2
  3
ltypeshp.shx
  4

  0
STYLE
  5
290
330
1ED
100
AcDbSymbolTableRecord
100
AcDbTextStyleTableRecord
  2
textstyle2
 70
     0
 40
0.0
 41
1.0
 50
0.0
 71
     0
 42
0.2
  3
qcadshp.shx
  4

  0
STYLE
  5
2BA
330
1ED
100
AcDbSymbolTableRecord
100
AcDbTextStyleTableRecord
  2
textstyle3
 70
     0
 40
0.0
 41
1.0
 50
0.0
 71
     0
 42
0.2
  3

  4

1001
ACAD
1000
Liberation Sans
1071
        0
  0
ENDTAB
  0
TABLE
  2
VIEW
  5
1EF
330
0
100
AcDbSymbolTable
 70
     0
  0
ENDTAB
  0
TABLE
  2
UCS
  5
1F0
330
0
100
AcDbSymbolTable
 70
     0
  0
ENDTAB
  0
TABLE
  2
APPID
  5
1F2
330
0
100
AcDbSymbolTable
 70
     2
  0
APPID
  5
1FB
330
1F2
100
AcDbSymbolTableRecord
100
AcDbRegAppTableRecord
  2
ACAD
 70
     0
  0
APPID
  5
246
330
1F2
100
AcDbSymbolTableRecord
100
AcDbRegAppTableRecord
  2
QCAD
 70
     0
  0
ENDTAB
  0
TABLE
  2
DIMSTYLE
  5
1F3
330
0
100
AcDbSymbolTable
 70
     2
100
AcDbDimStyleTable
  0
DIMSTYLE
105
20F
330
1F3
100
AcDbSymbolTableRecord
100
AcDbDimStyleTableRecord
  2
Standard
 70
     0
178
     0
340
1FA
  0
DIMSTYLE
105
27E
330
1F3
100
AcDbSymbolTableRecord
100
AcDbDimStyleTableRecord
  2
QCADDimStyle
 70
     0
 41
2.5
 42
0.625
 43
5.0
 44
1.25
 73
     0
 77
     1
 78
     8
 79
     2
140
2.5
147
0.625
178
     0
279
     2
340
1FA
  0
ENDTAB
  0
TABLE
  2
BLOCK_RECORD
  5
1EB
330
0
100
AcDbSymbolTable
 70
     1
  0
BLOCK_RECORD
  5
207
330
1EB
100
AcDbSymbolTableRecord
100
AcDbBlockTableRecord
  2
*Model_Space
340
20A
 70
     0
280
     1
281
     0
  0
BLOCK_RECORD
  5
203
330
1EB
100
AcDbSymbolTableRecord
100
AcDbBlockTableRecord
  2
*Paper_Space
340
206
 70
     0
280
     1
281
     0
  0
BLOCK_RECORD
  5
2B7
330
1EB
100
AcDbSymbolTableRecord
100
AcDbBlockTableRecord
  2
hole
340
0
 70
     0
280
     1
281
     0
  0
ENDTAB
  0
ENDSEC
  0
SECTION
  2
BLOCKS
  0
BLOCK
  5
208
330
207
100
AcDbEntity
  8
0
100
AcDbBlockBegin
  2
*Model_Space
 70
     0
 10
0.0
 20
0.0
 30
0.0
  3
*Model_Space
  1

  0
ENDBLK
  5
209
330
207
100
AcDbEntity
  8
0
100
AcDbBlockEnd
  0
BLOCK
  5
204
330
203
100
AcDbEntity
 67
     1
  8
0
100
AcDbBlockBegin
  2
*Paper_Space
 70
     0
 10
0.0
 20
0.0
 30
0.0
  3
*Paper_Space
  1

  0
ENDBLK
  5
205
330
203
100
AcDbEntity
 67
     1
  8
0
100
AcDbBlockEnd
  0
BLOCK
  5
2B8
330
2B7
100
AcDbEntity
  8
0
100
AcDbBlockBegin
  2
hole
 70
     0
 10
0.0
 20
0.0
 30
0.0
  3
hole
  1

  0
CIRCLE
  5
57
330
2B7
100
AcDbEntity
  8
0
100
AcDbCircle
 10
0.0
 20
0.0
 30
0.0
 40
2.6
  0
ENDBLK
  5
2B9
330
2B7
100
AcDbEntity
  8
0
100
AcDbBlockEnd
  0
ENDSEC
  0
SECTION
  2
ENTITIES
  0
LINE
  5
3C
330
207
100
AcDbEntity
  8
0
100
AcDbLine
 10
0.0
 20
0.0
 30
0.0
 11
0.0000000000000443
 21
724.0
 31
0.0
  0
LWPOLYLINE
  5
1B7
330
207
100
AcDbEntity
  8
sketch
100
AcDbPolyline
 90
        2
 70
   129
 43
0.0
 10
706.0
 20
724.0
 42
0.9999999999999999
 10
-706.0
 20
724.0000000000001
 42
0.9999999999999999
  0
LWPOLYLINE
  5
178
330
207
100
AcDbEntity
  8
sketch
100
AcDbPolyline
 90
        2
 70
   129
 43
0.0
 10
1119.0
 20
0.0
 42
0.9999999999999999
 10
-1119.0
 20
0.000000000000137
 42
0.9999999999999999
  0
LWPOLYLINE
  5
1C3
330
207
100
AcDbEntity
  8
sketch
100
AcDbPolyline
 90
        2
 70
   129
 43
0.0
 10
875.0
 20
0.0
 42
0.9999999999999999
 10
-875.0
 20
0.0000000000001072
 42
0.9999999999999999
  0
LINE
  5
41
330
207
100
AcDbEntity
  8
0
100
AcDbLine
 10
0.0000000000000443
 20
724.0
 30
0.0
 11
687.9714916837295
 21
882.5283149171272
 31
0.0
  0
LWPOLYLINE
  5
199
330
207
100
AcDbEntity
  8
sketch
100
AcDbPolyline
 90
        2
 70
   129
 43
0.0
 10
822.0
 20
724.0
 42
0.9999999999999999
 10
-822.0
 20
724.0000000000001
 42
0.9999999999999999
  0
LINE
  5
44
330
207
100
AcDbEntity
  8
0
100
AcDbLine
 10
0.0
 20
0.0
 30
0.0
 11
765.3446002821738
 21
424.1139502762431
 31
0.0
  0
LINE
  5
45
330
207
100
AcDbEntity
  8
0
100
AcDbLine
 10
765.3446002821738
 20
424.1139502762431
 30
0.0
 11
687.9714916837295
 21
882.5283149171272
 31
0.0
  0
LINE
  5
47
330
207
100
AcDbEntity
  8
0
100
AcDbLine
 10
-3000.0
 20
0.0
 30
0.0
 11
-3000.0
 21
722.0
 31
0.0
  0
LWPOLYLINE
  5
1E5
330
207
100
AcDbEntity
  8
sketch
100
AcDbPolyline
 90
        2
 70
   129
 43
0.0
 10
-2280.0
 20
722.0
 42
0.9999999999999999
 10
-3720.0
 20
722.0000000000001
 42
0.9999999999999999
  0
LWPOLYLINE
  5
19D
330
207
100
AcDbEntity
  8
sketch
100
AcDbPolyline
 90
        2
 70
   129
 43
0.0
 10
-1885.0
 20
2.0
 42
0.9999999999999999
 10
-4115.0
 20
2.000000000000136
 42
0.9999999999999999
  0
LWPOLYLINE
  5
183
330
207
100
AcDbEntity
  8
sketch
100
AcDbPolyline
 90
        2
 70
   129
 43
0.0
 10
-2176.0
 20
722.0
 42
0.9999999999999999
 10
-3824.0
 20
722.0000000000001
 42
0.9999999999999999
  0
LWPOLYLINE
  5
198
330
207
100
AcDbEntity
  8
sketch
100
AcDbPolyline
 90
        2
 70
   129
 43
0.0
 10
-2128.0
 20
0.0
 42
0.9999999999999999
 10
-3872.0
 20
0.0000000000001068
 42
0.9999999999999999
  0
LINE
  5
4C
330
207
100
AcDbEntity
  8
0
100
AcDbLine
 10
-3000.0
 20
722.0
 30
0.0
 11
-3705.585273657476
 21
865.3506944444446
 31
0.0
  0
LINE
  5
4D
330
207
100
AcDbEntity
  8
0
100
AcDbLine
 10
-3705.585273657476
 20
865.3506944444446
 30
0.0
 11
-3765.62436231334
 21
417.3767313019391
 31
0.0
  0
LINE
  5
4E
330
207
100
AcDbEntity
  8
0
100
AcDbLine
 10
-3765.62436231334
 20
417.3767313019391
 30
0.0
 11
-3000.0
 21
2.0
 31
0.0
  0
TEXT
  5
19F
330
207
100
AcDbEntity
  8
sketch
100
AcDbText
 10
-5.959699453551906
 20
-199.291325136612
 30
0.0
 40
50.0
  1
Pilot
  7
textstyle3
100
AcDbText
  0
TEXT
  5
187
330
207
100
AcDbEntity
  8
sketch
100
AcDbText
 10
-3247.619047619048
 20
-184.9214480874317
 30
0.0
 40
50.0
  1
Copilot
  7
textstyle3
 72
     2
 11
-3000.0
 21
-184.9214480874317
 31
0.0
100
AcDbText
  0
CIRCLE
  5
174
330
207
100
AcDbEntity
  8
0
100
AcDbCircle
 10
-3185.794549278038
 20
114.1766516848312
 30
0.0
 40
2.6
  0
CIRCLE
  5
175
330
207
100
AcDbEntity
  8
0
100
AcDbCircle
 10
-3493.435010514603
 20
281.0818541506423
 30
0.0
 40
2.6
  0
CIRCLE
  5
176
330
207
100
AcDbEntity
  8
0
100
AcDbCircle
 10
359.8718172718509
 20
210.8548985081456
 30
0.0
 40
2.6
  0
CIRCLE
  5
177
330
207
100
AcDbEntity
  8
0
100
AcDbCircle
 10
10.0
 20
66.04223297475596
 30
0.0
 40
2.6
  0
CIRCLE
  5
179
330
207
100
AcDbEntity
  8
0
100
AcDbCircle
 10
436.2609756198875
 20
814.2649573126073
 30
0.0
 40
2.6
  0
CIRCLE
  5
17A
330
207
100
AcDbEntity
  8
0
100
AcDbCircle
 10
745.9844399276108
 20
478.7323284003319
 30
0.0
 40
2.6
  0
CIRCLE
  5
17B
330
207
100
AcDbEntity
  8
0
100
AcDbCircle
 10
729.3414178295938
 20
577.3376518643564
 30
0.0
 40
2.6
  0
CIRCLE
  5
17C
330
207
100
AcDbEntity
  8
0
100
AcDbCircle
 10
387.537782157867
 20
803.0377395422726
 30
0.0
 40
2.6
  0
CIRCLE
  5
17D
330
207
100
AcDbEntity
  8
0
100
AcDbCircle
 10
-3714.946655817286
 20
720.2210879736817
 30
0.0
 40
2.6
  0
CIRCLE
  5
17E
330
207
100
AcDbEntity
  8
0
100
AcDbCircle
 10
737.6629288786023
 20
528.0349901323442
 30
0.0
 40
2.6
  0
CIRCLE
  5
17F
330
207
100
AcDbEntity
  8
0
100
AcDbCircle
 10
-3229.743186597548
 20
138.0202520370898
 30
0.0
 40
2.6
  0
CIRCLE
  5
180
330
207
100
AcDbEntity
  8
0
100
AcDbCircle
 10
631.1537494679695
 20
859.1738283939466
 30
0.0
 40
2.6
  0
CIRCLE
  5
181
330
207
100
AcDbEntity
  8
0
100
AcDbCircle
 10
10.00000000000003
 20
466.042232974756
 30
0.0
 40
2.6
  0
CIRCLE
  5
182
330
207
100
AcDbEntity
  8
0
100
AcDbCircle
 10
712.6983957315766
 20
675.9429753283811
 30
0.0
 40
2.6
  0
CIRCLE
  5
184
330
207
100
AcDbEntity
  8
0
100
AcDbCircle
 10
696.0553736335596
 20
774.5482987924056
 30
0.0
 40
2.6
  0
CIRCLE
  5
185
330
207
100
AcDbEntity
  8
0
100
AcDbCircle
 10
-3010.0
 20
463.8273619492306
 30
0.0
 40
2.6
  0
CIRCLE
  5
186
330
207
100
AcDbEntity
  8
0
100
AcDbCircle
 10
-3449.486373195094
 20
257.2382537983835
 30
0.0
 40
2.6
  0
CIRCLE
  5
188
330
207
100
AcDbEntity
  8
0
100
AcDbCircle
 10
484.9841690819079
 20
825.4921750829423
 30
0.0
 40
2.6
  0
CIRCLE
  5
189
330
207
100
AcDbEntity
  8
0
100
AcDbCircle
 10
-3141.845911958529
 20
90.33305133257255
 30
0.0
 40
2.6
  0
CIRCLE
  5
18A
330
207
100
AcDbEntity
  8
0
100
AcDbCircle
 10
-3501.098759448122
 20
813.6017631959731
 30
0.0
 40
2.6
  0
CIRCLE
  5
18B
330
207
100
AcDbEntity
  8
0
100
AcDbCircle
 10
754.3059509766194
 20
429.4296666683196
 30
0.0
 40
2.6
  0
CIRCLE
  5
18C
330
207
100
AcDbEntity
  8
0
100
AcDbCircle
 10
-3305.102850098823
 20
773.7821258502942
 30
0.0
 40
2.6
  0
CIRCLE
  5
18D
330
207
100
AcDbEntity
  8
0
100
AcDbCircle
 10
290.0913952338259
 20
780.583304001603
 30
0.0
 40
2.6
  0
CIRCLE
  5
18E
330
207
100
AcDbEntity
  8
0
100
AcDbCircle
 10
228.6698857949067
 20
138.149649889361
 30
0.0
 40
2.6
  0
CIRCLE
  5
18F
330
207
100
AcDbEntity
  8
0
100
AcDbCircle
 10
-3734.872040937653
 20
571.550381283342
 30
0.0
 40
2.6
  0
CIRCLE
  5
190
330
207
100
AcDbEntity
  8
0
100
AcDbCircle
 10
272.4038629538882
 20
162.3847327622892
 30
0.0
 40
2.6
  0
CIRCLE
  5
191
330
207
100
AcDbEntity
  8
0
100
AcDbCircle
 10
-3537.383647834113
 20
304.9254545029009
 30
0.0
 40
2.6
  0
CIRCLE
  5
192
330
207
100
AcDbEntity
  8
0
100
AcDbCircle
 10
-3405.537735875585
 20
233.3946534461246
 30
0.0
 40
2.6
  0
CIRCLE
  5
193
330
207
100
AcDbEntity
  8
0
100
AcDbCircle
 10
-3273.691823917057
 20
161.8638523893484
 30
0.0
 40
2.6
  0
CIRCLE
  5
194
330
207
100
AcDbEntity
  8
0
100
AcDbCircle
 10
-3625.280922473131
 20
352.6126552074183
 30
0.0
 40
2.6
  0
CIRCLE
  5
195
330
207
100
AcDbEntity
  8
0
100
AcDbCircle
 10
-3010.0
 20
713.8273619492306
 30
0.0
 40
2.6
  0
CIRCLE
  5
196
330
207
100
AcDbEntity
  8
0
100
AcDbCircle
 10
10.00000000000004
 20
616.0422329747561
 30
0.0
 40
2.6
  0
CIRCLE
  5
197
330
207
100
AcDbEntity
  8
0
100
AcDbCircle
 10
316.1378401128696
 20
186.6198156352174
 30
0.0
 40
2.6
  0
CIRCLE
  5
19A
330
207
100
AcDbEntity
  8
0
100
AcDbCircle
 10
10.00000000000004
 20
716.042232974756
 30
0.0
 40
2.6
  0
CIRCLE
  5
19B
330
207
100
AcDbEntity
  8
0
100
AcDbCircle
 10
143.9218148477644
 20
746.9016506905987
 30
0.0
 40
2.6
  0
CIRCLE
  5
19C
330
207
100
AcDbEntity
  8
0
100
AcDbCircle
 10
-3010.0
 20
263.8273619492306
 30
0.0
 40
2.6
  0
CIRCLE
  5
19E
330
207
100
AcDbEntity
  8
0
100
AcDbCircle
 10
679.87694292999
 20
870.4010461642814
 30
0.0
 40
2.6
  0
CIRCLE
  5
1A0
330
207
100
AcDbEntity
  8
0
100
AcDbCircle
 10
10.00000000000003
 20
566.042232974756
 30
0.0
 40
2.6
  0
CIRCLE
  5
1A1
330
207
100
AcDbEntity
  8
0
100
AcDbCircle
 10
10.00000000000001
 20
166.042232974756
 30
0.0
 40
2.6
  0
CIRCLE
  5
1A2
330
207
100
AcDbEntity
  8
0
100
AcDbCircle
 10
10.00000000000001
 20
116.042232974756
 30
0.0
 40
2.6
  0
CIRCLE
  5
1A3
330
207
100
AcDbEntity
  8
0
100
AcDbCircle
 10
-3361.589098556075
 20
209.5510530938657
 30
0.0
 40
2.6
  0
CIRCLE
  5
1A4
330
207
100
AcDbEntity
  8
0
100
AcDbCircle
 10
-3748.155631017897
 20
472.4365768231152
 30
0.0
 40
2.6
  0
CIRCLE
  5
1A5
330
207
100
AcDbEntity
  8
0
100
AcDbCircle
 10
97.46795431796272
 20
65.44440127057652
 30
0.0
 40
2.6
  0
CIRCLE
  5
1A6
330
207
100
AcDbEntity
  8
0
100
AcDbCircle
 10
534.8077259077764
 20
307.7952299998583
 30
0.0
 40
2.6
  0
CIRCLE
  5
1A7
330
207
100
AcDbEntity
  8
0
100
AcDbCircle
 10
95.19862138574385
 20
735.6744329202638
 30
0.0
 40
2.6
  0
CIRCLE
  5
1A8
330
207
100
AcDbEntity
  8
0
100
AcDbCircle
 10
-3728.230245897531
 20
621.1072835134552
 30
0.0
 40
2.6
  0
CIRCLE
  5
1A9
330
207
100
AcDbEntity
  8
0
100
AcDbCircle
 10
10.00000000000002
 20
366.042232974756
 30
0.0
 40
2.6
  0
CIRCLE
  5
1AA
330
207
100
AcDbEntity
  8
0
100
AcDbCircle
 10
-3256.103872761498
 20
763.8272165138743
 30
0.0
 40
2.6
  0
CIRCLE
  5
1AB
330
207
100
AcDbEntity
  8
0
100
AcDbCircle
 10
-3010.0
 20
363.8273619492306
 30
0.0
 40
2.6
  0
CIRCLE
  5
1AC
330
207
100
AcDbEntity
  8
0
100
AcDbCircle
 10
10.00000000000003
 20
516.042232974756
 30
0.0
 40
2.6
  0
CIRCLE
  5
1AD
330
207
100
AcDbEntity
  8
0
100
AcDbCircle
 10
10.00000000000004
 20
666.0422329747561
 30
0.0
 40
2.6
  0
CIRCLE
  5
1AE
330
207
100
AcDbEntity
  8
0
100
AcDbCircle
 10
666.0096573847204
 20
380.5004786186429
 30
0.0
 40
2.6
  0
CIRCLE
  5
1AF
330
207
100
AcDbEntity
  8
0
100
AcDbCircle
 10
-3354.101827436148
 20
783.7370351867139
 30
0.0
 40
2.6
  0
CIRCLE
  5
1B0
330
207
100
AcDbEntity
  8
0
100
AcDbCircle
 10
-3010.0
 20
313.8273619492306
 30
0.0
 40
2.6
  0
CIRCLE
  5
1B1
330
207
100
AcDbEntity
  8
0
100
AcDbCircle
 10
-3648.095691460097
 20
843.4664912052325
 30
0.0
 40
2.6
  0
CIRCLE
  5
1B2
330
207
100
AcDbEntity
  8
0
100
AcDbCircle
 10
46.47542792372339
 20
724.447215149929
 30
0.0
 40
2.6
  0
CIRCLE
  5
1B3
330
207
100
AcDbEntity
  8
0
100
AcDbCircle
 10
-3754.797426058018
 20
422.8796745930018
 30
0.0
 40
2.6
  0
CIRCLE
  5
1B4
330
207
100
AcDbEntity
  8
0
100
AcDbCircle
 10
582.430556005949
 20
847.9466106236118
 30
0.0
 40
2.6
  0
CIRCLE
  5
1B5
330
207
100
AcDbEntity
  8
0
100
AcDbCircle
 10
491.0737487487949
 20
283.5601471269301
 30
0.0
 40
2.6
  0
CIRCLE
  5
1B6
330
207
100
AcDbEntity
  8
0
100
AcDbCircle
 10
9.999999999999998
 20
16.97423552472016
 30
0.0
 40
2.6
  0
CIRCLE
  5
1B8
330
207
100
AcDbEntity
  8
0
100
AcDbCircle
 10
-3010.0
 20
63.82736194923064
 30
0.0
 40
2.6
  0
CIRCLE
  5
1B9
330
207
100
AcDbEntity
  8
0
100
AcDbCircle
 10
53.73397715898136
 20
41.20931839764835
 30
0.0
 40
2.6
  0
CIRCLE
  5
1BA
330
207
100
AcDbEntity
  8
0
100
AcDbCircle
 10
-3741.513835977775
 20
521.9934790532285
 30
0.0
 40
2.6
  0
CIRCLE
  5
1BB
330
207
100
AcDbEntity
  8
0
100
AcDbCircle
 10
10.00000000000002
 20
316.042232974756
 30
0.0
 40
2.6
  0
CIRCLE
  5
1BC
330
207
100
AcDbEntity
  8
0
100
AcDbCircle
 10
447.3397715898136
 20
259.3250642540019
 30
0.0
 40
2.6
  0
CIRCLE
  5
1BD
330
207
100
AcDbEntity
  8
0
100
AcDbCircle
 10
-3669.229559792641
 20
376.4562555596769
 30
0.0
 40
2.6
  0
CIRCLE
  5
1BE
330
207
100
AcDbEntity
  8
0
100
AcDbCircle
 10
-3697.094668797422
 20
853.4214005416524
 30
0.0
 40
2.6
  0
CIRCLE
  5
1BF
330
207
100
AcDbEntity
  8
0
100
AcDbCircle
 10
721.0199067805852
 20
626.6403135963687
 30
0.0
 40
2.6
  0
CIRCLE
  5
1C0
330
207
100
AcDbEntity
  8
0
100
AcDbCircle
 10
10.00000000000001
 20
216.042232974756
 30
0.0
 40
2.6
  0
CIRCLE
  5
1C1
330
207
100
AcDbEntity
  8
0
100
AcDbCircle
 10
-3010.0
 20
613.8273619492306
 30
0.0
 40
2.6
  0
CIRCLE
  5
1C2
330
207
100
AcDbEntity
  8
0
100
AcDbCircle
 10
184.9359086359254
 20
113.9145670164329
 30
0.0
 40
2.6
  0
CIRCLE
  5
1C4
330
207
100
AcDbEntity
  8
0
100
AcDbCircle
 10
-3109.106940749525
 20
733.9624885046151
 30
0.0
 40
2.6
  0
CIRCLE
  5
1C5
330
207
100
AcDbEntity
  8
0
100
AcDbCircle
 10
10.00000000000002
 20
266.042232974756
 30
0.0
 40
2.6
  0
CIRCLE
  5
1C6
330
207
100
AcDbEntity
  8
0
100
AcDbCircle
 10
403.6057944308322
 20
235.0899813810738
 30
0.0
 40
2.6
  0
CIRCLE
  5
1C7
330
207
100
AcDbEntity
  8
0
100
AcDbCircle
 10
241.3682017718054
 20
769.3560862312683
 30
0.0
 40
2.6
  0
CIRCLE
  5
1C8
330
207
100
AcDbEntity
  8
0
100
AcDbCircle
 10
338.8145886958463
 20
791.8105217719378
 30
0.0
 40
2.6
  0
CIRCLE
  5
1C9
330
207
100
AcDbEntity
  8
0
100
AcDbCircle
 10
192.6450083097849
 20
758.1288684609335
 30
0.0
 40
2.6
  0
CIRCLE
  5
1CA
330
207
100
AcDbEntity
  8
0
100
AcDbCircle
 10
578.5417030667578
 20
332.0303128727865
 30
0.0
 40
2.6
  0
CIRCLE
  5
1CB
330
207
100
AcDbEntity
  8
0
100
AcDbCircle
 10
-3403.100804773473
 20
793.6919445231337
 30
0.0
 40
2.6
  0
CIRCLE
  5
1CC
330
207
100
AcDbEntity
  8
0
100
AcDbCircle
 10
-3207.104895424174
 20
753.8723071774546
 30
0.0
 40
2.6
  0
CIRCLE
  5
1CD
330
207
100
AcDbEntity
  8
0
100
AcDbCircle
 10
622.275680225739
 20
356.2653957457147
 30
0.0
 40
2.6
  0
CIRCLE
  5
1CE
330
207
100
AcDbEntity
  8
0
100
AcDbCircle
 10
-3158.105918086849
 20
743.9173978410348
 30
0.0
 40
2.6
  0
CIRCLE
  5
1CF
330
207
100
AcDbEntity
  8
0
100
AcDbCircle
 10
-3010.0
 20
413.8273619492306
 30
0.0
 40
2.6
  0
CIRCLE
  5
1D0
330
207
100
AcDbEntity
  8
0
100
AcDbCircle
 10
-3097.897274639019
 20
66.48945098031365
 30
0.0
 40
2.6
  0
CIRCLE
  5
1D1
330
207
100
AcDbEntity
  8
0
100
AcDbCircle
 10
687.7338625845509
 20
823.850960524418
 30
0.0
 40
2.6
  0
CIRCLE
  5
1D2
330
207
100
AcDbEntity
  8
0
100
AcDbCircle
 10
-3010.0
 20
163.8273619492306
 30
0.0
 40
2.6
  0
CIRCLE
  5
1D3
330
207
100
AcDbEntity
  8
0
100
AcDbCircle
 10
-3053.94863731951
 20
42.64585062805493
 30
0.0
 40
2.6
  0
CIRCLE
  5
1D4
330
207
100
AcDbEntity
  8
0
100
AcDbCircle
 10
10.00000000000003
 20
416.042232974756
 30
0.0
 40
2.6
  0
CIRCLE
  5
1D5
330
207
100
AcDbEntity
  8
0
100
AcDbCircle
 10
-3721.588450857409
 20
670.6641857435685
 30
0.0
 40
2.6
  0
CIRCLE
  5
1D6
330
207
100
AcDbEntity
  8
0
100
AcDbCircle
 10
-3010.0
 20
18.80225027579618
 30
0.0
 40
2.6
  0
CIRCLE
  5
1D7
330
207
100
AcDbEntity
  8
0
100
AcDbCircle
 10
-3010.0
 20
663.8273619492306
 30
0.0
 40
2.6
  0
CIRCLE
  5
1D8
330
207
100
AcDbEntity
  8
0
100
AcDbCircle
 10
-3010.0
 20
563.8273619492306
 30
0.0
 40
2.6
  0
CIRCLE
  5
1D9
330
207
100
AcDbEntity
  8
0
100
AcDbCircle
 10
141.2019314769441
 20
89.6794841435047
 30
0.0
 40
2.6
  0
CIRCLE
  5
1DA
330
207
100
AcDbEntity
  8
0
100
AcDbCircle
 10
-3701.663065737042
 20
819.3348924339082
 30
0.0
 40
2.6
  0
CIRCLE
  5
1DB
330
207
100
AcDbEntity
  8
0
100
AcDbCircle
 10
-3550.097736785447
 20
823.5566725323929
 30
0.0
 40
2.6
  0
CIRCLE
  5
1DC
330
207
100
AcDbEntity
  8
0
100
AcDbCircle
 10
709.7436345437018
 20
404.735561491571
 30
0.0
 40
2.6
  0
CIRCLE
  5
1DD
330
207
100
AcDbEntity
  8
0
100
AcDbCircle
 10
-3010.0
 20
113.8273619492306
 30
0.0
 40
2.6
  0
CIRCLE
  5
1DE
330
207
100
AcDbEntity
  8
0
100
AcDbCircle
 10
-3060.1079634122
 20
724.0075791681953
 30
0.0
 40
2.6
  0
CIRCLE
  5
1DF
330
207
100
AcDbEntity
  8
0
100
AcDbCircle
 10
-3317.640461236566
 20
185.7074527416073
 30
0.0
 40
2.6
  0
CIRCLE
  5
1E0
330
207
100
AcDbEntity
  8
0
100
AcDbCircle
 10
-3010.0
 20
513.8273619492306
 30
0.0
 40
2.6
  0
CIRCLE
  5
1E1
330
207
100
AcDbEntity
  8
0
100
AcDbCircle
 10
-3452.099782110798
 20
803.6468538595534
 30
0.0
 40
2.6
  0
CIRCLE
  5
1E2
330
207
100
AcDbEntity
  8
0
100
AcDbCircle
 10
-3010.0
 20
213.8273619492306
 30
0.0
 40
2.6
  0
CIRCLE
  5
1E3
330
207
100
AcDbEntity
  8
0
100
AcDbCircle
 10
-3708.304860777165
 20
769.7779902037951
 30
0.0
 40
2.6
  0
CIRCLE
  5
1E4
330
207
100
AcDbEntity
  8
0
100
AcDbCircle
 10
533.7073625439284
 20
836.719392853277
 30
0.0
 40
2.6
  0
CIRCLE
  5
1E6
330
207
100
AcDbEntity
  8
0
100
AcDbCircle
 10
-3599.096714122772
 20
833.5115818688126
 30
0.0
 40
2.6
  0
CIRCLE
  5
1E7
330
207
100
AcDbEntity
  8
0
100
AcDbCircle
 10
-3581.332285153622
 20
328.7690548551595
 30
0.0
 40
2.6
  0
CIRCLE
  5
1E8
330
207
100
AcDbEntity
  8
0
100
AcDbCircle
 10
-3713.178197112149
 20
400.2998559119355
 30
0.0
 40
2.6
  0
CIRCLE
  5
1E9
330
207
100
AcDbEntity
  8
0
100
AcDbCircle
 10
704.3768846825681
 20
725.2456370603933
 30
0.0
 40
2.6
  0
LINE
  5
58
330
207
100
AcDbEntity
  8
sketch
100
AcDbLine
 10
2.245443554066998
 20
714.2553613075959
 30
0.0
 11
690.2169352377964
 21
872.7836762247231
 31
0.0
  0
LINE
  5
59
330
207
100
AcDbEntity
  8
sketch
100
AcDbLine
 10
10.0
 20
0.0
 30
0.0
 11
10.00000000000004
 21
724.0
 31
0.0
  0
LINE
  5
5A
330
207
100
AcDbEntity
  8
sketch
100
AcDbLine
 10
755.4840679357713
 20
422.4496480664414
 30
0.0
 11
678.110959337327
 21
880.8640127073255
 31
0.0
  0
LINE
  5
5B
330
207
100
AcDbEntity
  8
sketch
100
AcDbLine
 10
-4.847016574585636
 20
8.746795431796272
 30
0.0
 11
760.4975837075882
 21
432.8607457080394
 31
0.0
  0
LINE
  5
5C
330
207
100
AcDbEntity
  8
sketch
100
AcDbLine
 10
-3010.0
 20
0.0000000000000012
 30
0.0
 11
-3010.0
 21
722.0
 31
0.0
  0
LINE
  5
5D
330
207
100
AcDbEntity
  8
sketch
100
AcDbLine
 10
-3001.990981867284
 20
712.200204532535
 30
0.0
 11
-3707.57625552476
 21
855.5508989769796
 31
0.0
  0
LINE
  5
5E
330
207
100
AcDbEntity
  8
sketch
100
AcDbLine
 10
-3695.673893211454
 20
864.0223354364201
 30
0.0
 11
-3755.712981867318
 21
416.0483722939147
 31
0.0
  0
LINE
  5
5F
330
207
100
AcDbEntity
  8
sketch
100
AcDbLine
 10
-3760.855642242889
 20
426.166458765841
 30
0.0
 11
-2995.231279929548
 21
10.78972746390186
 31
0.0
  0
LINE
  5
68
330
207
100
AcDbEntity
  8
sketch
100
AcDbLine
 10
-3696.09917786378
 20
858.3212982753848
 30
0.0
 11
-3698.090159731064
 21
848.5215028079199
 31
0.0
  0
LINE
  5
69
330
207
100
AcDbEntity
  8
sketch
100
AcDbLine
 10
-3759.753116281029
 20
423.543854097014
 30
0.0
 11
-3749.841735835006
 21
422.2154950889895
 31
0.0
  0
LINE
  5
6A
330
207
100
AcDbEntity
  8
sketch
100
AcDbLine
 10
-3012.384360035226
 20
14.40738654384525
 30
0.0
 11
-3007.615639964775
 21
23.19711400774711
 31
0.0
  0
LINE
  5
6B
330
207
100
AcDbEntity
  8
sketch
100
AcDbLine
 10
-3005.0
 20
713.8273619492306
 30
0.0
 11
-3015.0
 21
713.8273619492306
 31
0.0
  0
LINE
  5
6C
330
207
100
AcDbEntity
  8
sketch
100
AcDbLine
 10
-3647.100200526455
 20
848.3663889389645
 30
0.0
 11
-3649.091182393739
 21
838.5665934714996
 31
0.0
  0
LINE
  5
6D
330
207
100
AcDbEntity
  8
sketch
100
AcDbLine
 10
-3598.10122318913
 20
838.4114796025442
 30
0.0
 11
-3600.092205056414
 21
828.6116841350793
 31
0.0
  0
LINE
  5
6E
330
207
100
AcDbEntity
  8
sketch
100
AcDbLine
 10
-3549.102245851806
 20
828.4565702661239
 30
0.0
 11
-3551.09322771909
 21
818.656774798659
 31
0.0
  0
LINE
  5
6F
330
207
100
AcDbEntity
  8
sketch
100
AcDbLine
 10
-3500.103268514481
 20
818.5016609297037
 30
0.0
 11
-3502.094250381765
 21
808.7018654622387
 31
0.0
  0
LINE
  5
70
330
207
100
AcDbEntity
  8
sketch
100
AcDbLine
 10
-3451.104291177157
 20
808.5467515932834
 30
0.0
 11
-3453.095273044441
 21
798.7469561258184
 31
0.0
  0
LINE
  5
71
330
207
100
AcDbEntity
  8
sketch
100
AcDbLine
 10
-3402.105313839832
 20
798.5918422568631
 30
0.0
 11
-3404.096295707116
 21
788.7920467893981
 31
0.0
  0
LINE
  5
72
330
207
100
AcDbEntity
  8
sketch
100
AcDbLine
 10
-3353.106336502507
 20
788.6369329204427
 30
0.0
 11
-3355.097318369791
 21
778.8371374529778
 31
0.0
  0
LINE
  5
73
330
207
100
AcDbEntity
  8
sketch
100
AcDbLine
 10
-3304.107359165183
 20
778.6820235840224
 30
0.0
 11
-3306.098341032467
 21
768.8822281165575
 31
0.0
  0
LINE
  5
74
330
207
100
AcDbEntity
  8
sketch
100
AcDbLine
 10
-3255.108381827858
 20
768.7271142476021
 30
0.0
 11
-3257.099363695142
 21
758.9273187801372
 31
0.0
  0
LINE
  5
75
330
207
100
AcDbEntity
  8
sketch
100
AcDbLine
 10
-3206.109404490533
 20
758.7722049111818
 30
0.0
 11
-3208.100386357817
 21
748.9724094437169
 31
0.0
  0
LINE
  5
76
330
207
100
AcDbEntity
  8
sketch
100
AcDbLine
 10
-3157.110427153209
 20
748.8172955747616
 30
0.0
 11
-3159.101409020493
 21
739.0175001072967
 31
0.0
  0
LINE
  5
77
330
207
100
AcDbEntity
  8
sketch
100
AcDbLine
 10
-3108.111449815884
 20
738.8623862383413
 30
0.0
 11
-3110.102431683168
 21
729.0625907708763
 31
0.0
  0
LINE
  5
78
330
207
100
AcDbEntity
  8
sketch
100
AcDbLine
 10
-3059.11247247856
 20
728.907476901921
 30
0.0
 11
-3061.103454345844
 21
719.107681434456
 31
0.0
  0
LINE
  5
79
330
207
100
AcDbEntity
  8
sketch
100
AcDbLine
 10
-3010.113495141235
 20
718.9525675655007
 30
0.0
 11
-3012.104477008519
 21
709.1527720980357
 31
0.0
  0
LINE
  5
80
330
207
100
AcDbEntity
  8
sketch
100
AcDbLine
 10
-3753.111321240908
 20
473.1007563271273
 30
0.0
 11
-3743.199940794884
 21
471.7723973191029
 31
0.0
  0
LINE
  5
81
330
207
100
AcDbEntity
  8
sketch
100
AcDbLine
 10
-3746.469526200786
 20
522.6576585572407
 30
0.0
 11
-3736.558145754763
 21
521.3292995492162
 31
0.0
  0
LINE
  5
82
330
207
100
AcDbEntity
  8
sketch
100
AcDbLine
 10
-3739.827731160663
 20
572.214560787354
 30
0.0
 11
-3729.91635071464
 21
570.8862017793296
 31
0.0
  0
LINE
  5
83
330
207
100
AcDbEntity
  8
sketch
100
AcDbLine
 10
-3733.185936120541
 20
621.7714630174673
 30
0.0
 11
-3723.274555674518
 21
620.4431040094428
 31
0.0
  0
LINE
  5
84
330
207
100
AcDbEntity
  8
sketch
100
AcDbLine
 10
-3726.544141080419
 20
671.3283652475807
 30
0.0
 11
-3716.632760634396
 21
670.0000062395561
 31
0.0
  0
LINE
  5
85
330
207
100
AcDbEntity
  8
sketch
100
AcDbLine
 10
-3719.902346040298
 20
720.885267477694
 30
0.0
 11
-3709.990965594275
 21
719.5569084696695
 31
0.0
  0
LINE
  5
86
330
207
100
AcDbEntity
  8
sketch
100
AcDbLine
 10
-3713.260551000176
 20
770.4421697078074
 30
0.0
 11
-3703.349170554153
 21
769.1138106997828
 31
0.0
  0
LINE
  5
87
330
207
100
AcDbEntity
  8
sketch
100
AcDbLine
 10
-3706.618755960054
 20
819.9990719379206
 30
0.0
 11
-3696.707375514031
 21
818.6707129298961
 31
0.0
  0
LINE
  5
94
330
207
100
AcDbEntity
  8
sketch
100
AcDbLine
 10
-3056.332997354736
 20
38.2509868961023
 30
0.0
 11
-3051.564277284285
 21
47.04071436000417
 31
0.0
  0
LINE
  5
95
330
207
100
AcDbEntity
  8
sketch
100
AcDbLine
 10
-3100.281634674246
 20
62.09458724835936
 30
0.0
 11
-3095.512914603795
 21
70.88431471226122
 31
0.0
  0
LINE
  5
96
330
207
100
AcDbEntity
  8
sketch
100
AcDbLine
 10
-3144.230271993757
 20
85.93818760061642
 30
0.0
 11
-3139.461551923306
 21
94.72791506451827
 31
0.0
  0
LINE
  5
97
330
207
100
AcDbEntity
  8
sketch
100
AcDbLine
 10
-3188.178909313267
 20
109.7817879528735
 30
0.0
 11
-3183.410189242815
 21
118.5715154167753
 31
0.0
  0
LINE
  5
98
330
207
100
AcDbEntity
  8
sketch
100
AcDbLine
 10
-3232.127546632777
 20
133.6253883051305
 30
0.0
 11
-3227.358826562326
 21
142.4151157690324
 31
0.0
  0
LINE
  5
99
330
207
100
AcDbEntity
  8
sketch
100
AcDbLine
 10
-3276.076183952287
 20
157.4689886573876
 30
0.0
 11
-3271.307463881836
 21
166.2587161212894
 31
0.0
  0
LINE
  5
9A
330
207
100
AcDbEntity
  8
sketch
100
AcDbLine
 10
-3320.024821271798
 20
181.3125890096446
 30
0.0
 11
-3315.256101201346
 21
190.1023164735465
 31
0.0
  0
LINE
  5
9B
330
207
100
AcDbEntity
  8
sketch
100
AcDbLine
 10
-3363.973458591308
 20
205.1561893619017
 30
0.0
 11
-3359.204738520856
 21
213.9459168258036
 31
0.0
  0
LINE
  5
9C
330
207
100
AcDbEntity
  8
sketch
100
AcDbLine
 10
-3407.922095910818
 20
228.9997897141587
 30
0.0
 11
-3403.153375840367
 21
237.7895171780606
 31
0.0
  0
LINE
  5
9D
330
207
100
AcDbEntity
  8
sketch
100
AcDbLine
 10
-3451.870733230328
 20
252.8433900664158
 30
0.0
 11
-3447.102013159877
 21
261.6331175303177
 31
0.0
  0
LINE
  5
9E
330
207
100
AcDbEntity
  8
sketch
100
AcDbLine
 10
-3495.819370549839
 20
276.6869904186728
 30
0.0
 11
-3491.050650479387
 21
285.4767178825747
 31
0.0
  0
LINE
  5
9F
330
207
100
AcDbEntity
  8
sketch
100
AcDbLine
 10
-3539.768007869349
 20
300.5305907709299
 30
0.0
 11
-3534.999287798897
 21
309.3203182348318
 31
0.0
  0
LINE
  5
A0
330
207
100
AcDbEntity
  8
sketch
100
AcDbLine
 10
-3583.716645188859
 20
324.374191123187
 30
0.0
 11
-3578.947925118408
 21
333.1639185870889
 31
0.0
  0
LINE
  5
A1
330
207
100
AcDbEntity
  8
sketch
100
AcDbLine
 10
-3627.665282508369
 20
348.217791475444
 30
0.0
 11
-3622.896562437918
 21
357.0075189393459
 31
0.0
  0
LINE
  5
A2
330
207
100
AcDbEntity
  8
sketch
100
AcDbLine
 10
-3671.61391982788
 20
372.0613918277011
 30
0.0
 11
-3666.845199757428
 21
380.851119291603
 31
0.0
  0
LINE
  5
A3
330
207
100
AcDbEntity
  8
sketch
100
AcDbLine
 10
-3715.56255714739
 20
395.9049921799581
 30
0.0
 11
-3710.793837076938
 21
404.69471964386
 31
0.0
  0
LINE
  5
A4
330
207
100
AcDbEntity
  8
sketch
100
AcDbLine
 10
-3759.5111944669
 20
419.7485925322152
 30
0.0
 11
-3754.742474396449
 21
428.5383199961171
 31
0.0
  0
LINE
  5
A8
330
207
100
AcDbEntity
  8
sketch
100
AcDbLine
 10
-3005.0
 20
663.8273619492306
 30
0.0
 11
-3015.0
 21
663.8273619492306
 31
0.0
  0
LINE
  5
A9
330
207
100
AcDbEntity
  8
sketch
100
AcDbLine
 10
-3005.0
 20
613.8273619492306
 30
0.0
 11
-3015.0
 21
613.8273619492306
 31
0.0
  0
LINE
  5
AA
330
207
100
AcDbEntity
  8
sketch
100
AcDbLine
 10
-3005.0
 20
563.8273619492306
 30
0.0
 11
-3015.0
 21
563.8273619492306
 31
0.0
  0
LINE
  5
AB
330
207
100
AcDbEntity
  8
sketch
100
AcDbLine
 10
-3005.0
 20
513.8273619492306
 30
0.0
 11
-3015.0
 21
513.8273619492306
 31
0.0
  0
LINE
  5
AC
330
207
100
AcDbEntity
  8
sketch
100
AcDbLine
 10
-3005.0
 20
463.8273619492306
 30
0.0
 11
-3015.0
 21
463.8273619492306
 31
0.0
  0
LINE
  5
AD
330
207
100
AcDbEntity
  8
sketch
100
AcDbLine
 10
-3005.0
 20
413.8273619492306
 30
0.0
 11
-3015.0
 21
413.8273619492306
 31
0.0
  0
LINE
  5
AE
330
207
100
AcDbEntity
  8
sketch
100
AcDbLine
 10
-3005.0
 20
363.8273619492306
 30
0.0
 11
-3015.0
 21
363.8273619492306
 31
0.0
  0
LINE
  5
AF
330
207
100
AcDbEntity
  8
sketch
100
AcDbLine
 10
-3005.0
 20
313.8273619492306
 30
0.0
 11
-3015.0
 21
313.8273619492306
 31
0.0
  0
LINE
  5
B0
330
207
100
AcDbEntity
  8
sketch
100
AcDbLine
 10
-3005.0
 20
263.8273619492306
 30
0.0
 11
-3015.0
 21
263.8273619492306
 31
0.0
  0
LINE
  5
B1
330
207
100
AcDbEntity
  8
sketch
100
AcDbLine
 10
-3005.0
 20
213.8273619492306
 30
0.0
 11
-3015.0
 21
213.8273619492306
 31
0.0
  0
LINE
  5
B2
330
207
100
AcDbEntity
  8
sketch
100
AcDbLine
 10
-3005.0
 20
163.8273619492306
 30
0.0
 11
-3015.0
 21
163.8273619492306
 31
0.0
  0
LINE
  5
B3
330
207
100
AcDbEntity
  8
sketch
100
AcDbLine
 10
-3005.0
 20
113.8273619492306
 30
0.0
 11
-3015.0
 21
113.8273619492306
 31
0.0
  0
LINE
  5
B4
330
207
100
AcDbEntity
  8
sketch
100
AcDbLine
 10
-3005.0
 20
63.82736194923064
 30
0.0
 11
-3015.0
 21
63.82736194923064
 31
0.0
  0
LINE
  5
B5
330
207
100
AcDbEntity
  8
sketch
100
AcDbLine
 10
-3005.0
 20
13.82736194923064
 30
0.0
 11
-3015.0
 21
13.82736194923064
 31
0.0
  0
LINE
  5
EE
330
207
100
AcDbEntity
  8
sketch
100
AcDbLine
 10
15.00000000000004
 20
716.042232974756
 30
0.0
 11
5.000000000000043
 21
716.042232974756
 31
0.0
  0
LINE
  5
EF
330
207
100
AcDbEntity
  8
sketch
100
AcDbLine
 10
12.42350828729282
 20
12.60083780882203
 30
0.0
 11
7.57649171270718
 21
21.3476332406183
 31
0.0
  0
LINE
  5
F0
330
207
100
AcDbEntity
  8
sketch
100
AcDbLine
 10
759.2362171498206
 20
430.2618177732205
 30
0.0
 11
749.3756848034183
 21
428.5975155634188
 31
0.0
  0
LINE
  5
F1
330
207
100
AcDbEntity
  8
sketch
100
AcDbLine
 10
680.9996647070235
 20
865.5287268180793
 30
0.0
 11
678.7542211529566
 21
875.2733655104835
 31
0.0
  0
LINE
  5
F2
330
207
100
AcDbEntity
  8
sketch
100
AcDbLine
 10
632.276471245003
 20
854.3015090477447
 30
0.0
 11
630.0310276909361
 21
864.0461477401489
 31
0.0
  0
LINE
  5
F3
330
207
100
AcDbEntity
  8
sketch
100
AcDbLine
 10
583.5532777829824
 20
843.0742912774101
 30
0.0
 11
581.3078342289155
 21
852.8189299698142
 31
0.0
  0
LINE
  5
F4
330
207
100
AcDbEntity
  8
sketch
100
AcDbLine
 10
534.8300843209618
 20
831.8470735070755
 30
0.0
 11
532.5846407668948
 21
841.5917121994796
 31
0.0
  0
LINE
  5
F5
330
207
100
AcDbEntity
  8
sketch
100
AcDbLine
 10
486.1068908589413
 20
820.619855736741
 30
0.0
 11
483.8614473048743
 21
830.3644944291451
 31
0.0
  0
LINE
  5
F6
330
207
100
AcDbEntity
  8
sketch
100
AcDbLine
 10
437.3836973969207
 20
809.3926379664064
 30
0.0
 11
435.1382538428538
 21
819.1372766588105
 31
0.0
  0
LINE
  5
F7
330
207
100
AcDbEntity
  8
sketch
100
AcDbLine
 10
388.6605039349001
 20
798.1654201960718
 30
0.0
 11
386.4150603808332
 21
807.9100588884759
 31
0.0
  0
LINE
  5
F8
330
207
100
AcDbEntity
  8
sketch
100
AcDbLine
 10
339.9373104728796
 20
786.9382024257371
 30
0.0
 11
337.6918669188127
 21
796.6828411181413
 31
0.0
  0
LINE
  5
F9
330
207
100
AcDbEntity
  8
sketch
100
AcDbLine
 10
291.214117010859
 20
775.7109846554025
 30
0.0
 11
288.9686734567921
 21
785.4556233478066
 31
0.0
  0
LINE
  5
FA
330
207
100
AcDbEntity
  8
sketch
100
AcDbLine
 10
242.4909235488385
 20
764.483766885068
 30
0.0
 11
240.2454799947715
 21
774.2284055774721
 31
0.0
  0
LINE
  5
FB
330
207
100
AcDbEntity
  8
sketch
100
AcDbLine
 10
193.7677300868179
 20
753.2565491147334
 30
0.0
 11
191.522286532751
 21
763.0011878071375
 31
0.0
  0
LINE
  5
FC
330
207
100
AcDbEntity
  8
sketch
100
AcDbLine
 10
145.0445366247974
 20
742.0293313443988
 30
0.0
 11
142.7990930707305
 21
751.7739700368029
 31
0.0
  0
LINE
  5
FD
330
207
100
AcDbEntity
  8
sketch
100
AcDbLine
 10
96.32134316277677
 20
730.8021135740642
 30
0.0
 11
94.07589960870985
 21
740.5467522664683
 31
0.0
  0
LINE
  5
FE
330
207
100
AcDbEntity
  8
sketch
100
AcDbLine
 10
47.59814970075627
 20
719.5748958037295
 30
0.0
 11
45.35270614668934
 21
729.3195344961337
 31
0.0
  0
LINE
  5
106
330
207
100
AcDbEntity
  8
sketch
100
AcDbLine
 10
15.00000000000003
 20
666.042232974756
 30
0.0
 11
5.000000000000034
 21
666.042232974756
 31
0.0
  0
LINE
  5
107
330
207
100
AcDbEntity
  8
sketch
100
AcDbLine
 10
15.00000000000002
 20
616.042232974756
 30
0.0
 11
5.000000000000024
 21
616.042232974756
 31
0.0
  0
LINE
  5
108
330
207
100
AcDbEntity
  8
sketch
100
AcDbLine
 10
15.00000000000001
 20
566.042232974756
 30
0.0
 11
5.000000000000015
 21
566.042232974756
 31
0.0
  0
LINE
  5
109
330
207
100
AcDbEntity
  8
sketch
100
AcDbLine
 10
15.00000000000001
 20
516.042232974756
 30
0.0
 11
5.000000000000006
 21
516.042232974756
 31
0.0
  0
LINE
  5
10A
330
207
100
AcDbEntity
  8
sketch
100
AcDbLine
 10
15.0
 20
466.042232974756
 30
0.0
 11
4.999999999999996
 21
466.042232974756
 31
0.0
  0
LINE
  5
10B
330
207
100
AcDbEntity
  8
sketch
100
AcDbLine
 10
14.99999999999999
 20
416.042232974756
 30
0.0
 11
4.999999999999988
 21
416.042232974756
 31
0.0
  0
LINE
  5
10C
330
207
100
AcDbEntity
  8
sketch
100
AcDbLine
 10
14.99999999999998
 20
366.042232974756
 30
0.0
 11
4.999999999999979
 21
366.042232974756
 31
0.0
  0
LINE
  5
10D
330
207
100
AcDbEntity
  8
sketch
100
AcDbLine
 10
14.99999999999997
 20
316.042232974756
 30
0.0
 11
4.999999999999969
 21
316.042232974756
 31
0.0
  0
LINE
  5
10E
330
207
100
AcDbEntity
  8
sketch
100
AcDbLine
 10
14.99999999999996
 20
266.042232974756
 30
0.0
 11
4.99999999999996
 21
266.042232974756
 31
0.0
  0
LINE
  5
10F
330
207
100
AcDbEntity
  8
sketch
100
AcDbLine
 10
14.99999999999995
 20
216.042232974756
 30
0.0
 11
4.999999999999951
 21
216.042232974756
 31
0.0
  0
LINE
  5
110
330
207
100
AcDbEntity
  8
sketch
100
AcDbLine
 10
14.99999999999994
 20
166.042232974756
 30
0.0
 11
4.999999999999941
 21
166.042232974756
 31
0.0
  0
LINE
  5
111
330
207
100
AcDbEntity
  8
sketch
100
AcDbLine
 10
14.99999999999993
 20
116.042232974756
 30
0.0
 11
4.999999999999932
 21
116.042232974756
 31
0.0
  0
LINE
  5
112
330
207
100
AcDbEntity
  8
sketch
100
AcDbLine
 10
14.99999999999992
 20
66.04223297475596
 30
0.0
 11
4.999999999999924
 21
66.04223297475596
 31
0.0
  0
LINE
  5
113
330
207
100
AcDbEntity
  8
sketch
100
AcDbLine
 10
14.99999999999991
 20
16.04223297475596
 30
0.0
 11
4.999999999999914
 21
16.04223297475596
 31
0.0
  0
LINE
  5
11A
330
207
100
AcDbEntity
  8
sketch
100
AcDbLine
 10
56.15748544627418
 20
36.83592068175021
 30
0.0
 11
51.31046887168854
 21
45.58271611354648
 31
0.0
  0
LINE
  5
11B
330
207
100
AcDbEntity
  8
sketch
100
AcDbLine
 10
99.89146260525554
 20
61.07100355467839
 30
0.0
 11
95.0444460306699
 21
69.81779898647466
 31
0.0
  0
LINE
  5
11C
330
207
100
AcDbEntity
  8
sketch
100
AcDbLine
 10
143.6254397642369
 20
85.30608642760657
 30
0.0
 11
138.7784231896512
 21
94.05288185940285
 31
0.0
  0
LINE
  5
11D
330
207
100
AcDbEntity
  8
sketch
100
AcDbLine
 10
187.3594169232182
 20
109.5411693005348
 30
0.0
 11
182.5124003486326
 21
118.287964732331
 31
0.0
  0
LINE
  5
11E
330
207
100
AcDbEntity
  8
sketch
100
AcDbLine
 10
231.0933940821996
 20
133.776252173463
 30
0.0
 11
226.2463775076139
 21
142.5230476052592
 31
0.0
  0
LINE
  5
11F
330
207
100
AcDbEntity
  8
sketch
100
AcDbLine
 10
274.827371241181
 20
158.0113350463911
 30
0.0
 11
269.9803546665954
 21
166.7581304781874
 31
0.0
  0
LINE
  5
120
330
207
100
AcDbEntity
  8
sketch
100
AcDbLine
 10
318.5613484001623
 20
182.2464179193193
 30
0.0
 11
313.7143318255767
 21
190.9932133511156
 31
0.0
  0
LINE
  5
121
330
207
100
AcDbEntity
  8
sketch
100
AcDbLine
 10
362.2953255591437
 20
206.4815007922475
 30
0.0
 11
357.4483089845581
 21
215.2282962240438
 31
0.0
  0
LINE
  5
122
330
207
100
AcDbEntity
  8
sketch
100
AcDbLine
 10
406.029302718125
 20
230.7165836651757
 30
0.0
 11
401.1822861435394
 21
239.4633790969719
 31
0.0
  0
LINE
  5
123
330
207
100
AcDbEntity
  8
sketch
100
AcDbLine
 10
449.7632798771064
 20
254.9516665381039
 30
0.0
 11
444.9162633025207
 21
263.6984619699001
 31
0.0
  0
LINE
  5
124
330
207
100
AcDbEntity
  8
sketch
100
AcDbLine
 10
493.4972570360877
 20
279.186749411032
 30
0.0
 11
488.6502404615021
 21
287.9335448428283
 31
0.0
  0
LINE
  5
125
330
207
100
AcDbEntity
  8
sketch
100
AcDbLine
 10
537.2312341950692
 20
303.4218322839602
 30
0.0
 11
532.3842176204835
 21
312.1686277157565
 31
0.0
  0
LINE
  5
126
330
207
100
AcDbEntity
  8
sketch
100
AcDbLine
 10
580.9652113540506
 20
327.6569151568884
 30
0.0
 11
576.1181947794648
 21
336.4037105886846
 31
0.0
  0
LINE
  5
127
330
207
100
AcDbEntity
  8
sketch
100
AcDbLine
 10
624.6991885130319
 20
351.8919980298165
 30
0.0
 11
619.8521719384462
 21
360.6387934616128
 31
0.0
  0
LINE
  5
128
330
207
100
AcDbEntity
  8
sketch
100
AcDbLine
 10
668.4331656720133
 20
376.1270809027448
 30
0.0
 11
663.5861490974276
 21
384.873876334541
 31
0.0
  0
LINE
  5
129
330
207
100
AcDbEntity
  8
sketch
100
AcDbLine
 10
712.1671428309946
 20
400.3621637756729
 30
0.0
 11
707.3201262564089
 21
409.1089592074692
 31
0.0
  0
LINE
  5
12A
330
207
100
AcDbEntity
  8
sketch
100
AcDbLine
 10
755.901119989976
 20
424.5972466486011
 30
0.0
 11
751.0541034153903
 21
433.3440420803974
 31
0.0
  0
LINE
  5
12E
330
207
100
AcDbEntity
  8
sketch
100
AcDbLine
 10
750.914706100812
 20
479.5644795052327
 30
0.0
 11
741.0541737544097
 21
477.900177295431
 31
0.0
  0
LINE
  5
12F
330
207
100
AcDbEntity
  8
sketch
100
AcDbLine
 10
742.5931950518035
 20
528.867141237245
 30
0.0
 11
732.7326627054011
 21
527.2028390274434
 31
0.0
  0
LINE
  5
130
330
207
100
AcDbEntity
  8
sketch
100
AcDbLine
 10
734.2716840027949
 20
578.1698029692573
 30
0.0
 11
724.4111516563926
 21
576.5055007594556
 31
0.0
  0
LINE
  5
131
330
207
100
AcDbEntity
  8
sketch
100
AcDbLine
 10
725.9501729537864
 20
627.4724647012696
 30
0.0
 11
716.089640607384
 21
625.8081624914679
 31
0.0
  0
LINE
  5
132
330
207
100
AcDbEntity
  8
sketch
100
AcDbLine
 10
717.6286619047778
 20
676.7751264332819
 30
0.0
 11
707.7681295583754
 21
675.1108242234802
 31
0.0
  0
LINE
  5
133
330
207
100
AcDbEntity
  8
sketch
100
AcDbLine
 10
709.3071508557692
 20
726.0777881652941
 30
0.0
 11
699.4466185093669
 21
724.4134859554924
 31
0.0
  0
LINE
  5
134
330
207
100
AcDbEntity
  8
sketch
100
AcDbLine
 10
700.9856398067607
 20
775.3804498973064
 30
0.0
 11
691.1251074603583
 21
773.7161476875048
 31
0.0
  0
LINE
  5
135
330
207
100
AcDbEntity
  8
sketch
100
AcDbLine
 10
692.6641287577521
 20
824.6831116293188
 30
0.0
 11
682.8035964113498
 21
823.0188094195171
 31
0.0
  0
LINE
  5
136
330
207
100
AcDbEntity
  8
sketch
100
AcDbLine
 10
684.3426177087435
 20
873.985773361331
 30
0.0
 11
674.4820853623412
 21
872.3214711515293
 31
0.0
  0
VIEWPORT
  5
2B5
330
203
100
AcDbEntity
 67
     1
  8
0
100
AcDbViewport
 10
128.5
 20
97.5
 30
0.0
 40
314.226
 41
222.18
 68
     1
 69
     1
 12
128.5
 22
97.5
 13
0.0
 23
0.0
 14
10.0
 24
10.0
 15
10.0
 25
10.0
 16
0.0
 26
0.0
 36
1.0
 17
0.0
 27
0.0
 37
0.0
 42
50.0
 43
0.0
 44
0.0
 45
222.18
 50
0.0
 51
0.0
 72
   100
 90
   557152
  1

281
     0
 71
     1
 74
     0
110
0.0
120
0.0
130
0.0
111
1.0
121
0.0
131
0.0
112
0.0
122
1.0
132
0.0
 79
     0
146
0.0
170
     0
 61
     5
348
217
292
     1
282
     1
141
0.0
142
0.0
 63
   256
361
2B6
  0
ENDSEC
  0
SECTION
  2
OBJECTS
  0
DICTIONARY
  5
1F5
330
0
100
AcDbDictionary
281
     1
  3
ACAD_DETAILVIEWSTYLE
350
2C2
  3
ACAD_GROUP
350
1F6
  3
ACAD_LAYOUT
350
202
  3
ACAD_MATERIAL
350
22B
  3
ACAD_MLEADERSTYLE
350
243
  3
ACAD_MLINESTYLE
350
1FF
  3
ACAD_PLOTSETTINGS
350
201
  3
ACAD_PLOTSTYLENAME
350
1F7
  3
ACAD_SCALELIST
350
22F
  3
ACAD_SECTIONVIEWSTYLE
350
2C3
  3
ACAD_TABLESTYLE
350
241
  3
ACAD_VISUALSTYLE
350
212
  3
ACDB_RECOMPOSE_DATA
350
2BF
  3
AcDbVariableDictionary
350
2BB
  3
QCAD_OBJECTS
350
247
  0
SUN
  5
245
330
211
100
AcDbSun
 90
        1
290
     0
 63
     7
421
 16777215
 40
1.0
291
     1
 91
  2455826
 92
 54000000
292
     0
 70
     2
 71
   256
280
     1
  0
SUN
  5
2B6
330
2B5
100
AcDbSun
 90
        1
290
     0
 63
     7
421
 16777215
 40
1.0
291
     1
 91
  2455826
 92
 54000000
292
     0
 70
     2
 71
   256
280
     1
  0
DICTIONARY
  5
2C2
102
{ACAD_REACTORS
330
1F5
102
}
330
1F5
100
AcDbDictionary
281
     1
  0
DICTIONARY
  5
1F6
102
{ACAD_REACTORS
330
1F5
102
}
330
1F5
100
AcDbDictionary
281
     1
  0
DICTIONARY
  5
202
102
{ACAD_REACTORS
330
1F5
102
}
330
1F5
100
AcDbDictionary
281
     1
  3
Layout1
350
206
  3
Model
350
20A
  0
DICTIONARY
  5
22B
102
{ACAD_REACTORS
330
1F5
102
}
330
1F5
100
AcDbDictionary
281
     1
  3
ByBlock
350
22D
  3
ByLayer
350
22C
  3
Global
350
22E
  0
DICTIONARY
  5
243
102
{ACAD_REACTORS
330
1F5
102
}
330
1F5
100
AcDbDictionary
281
     1
  3
Standard
350
244
  0
DICTIONARY
  5
1FF
102
{ACAD_REACTORS
330
1F5
102
}
330
1F5
100
AcDbDictionary
281
     1
  3
Standard
350
200
  0
DICTIONARY
  5
201
102
{ACAD_REACTORS
330
1F5
102
}
330
1F5
100
AcDbDictionary
281
     1
  0
ACDBDICTIONARYWDFLT
  5
1F7
102
{ACAD_REACTORS
330
1F5
102
}
330
1F5
100
AcDbDictionary
281
     1
  3
Normal
350
1F8
100
AcDbDictionaryWithDefault
340
1F8
  0
DICTIONARY
  5
22F
102
{ACAD_REACTORS
330
1F5
102
}
330
1F5
100
AcDbDictionary
281
     1
  3
A0
350
230
  3
A1
350
231
  3
A2
350
232
  3
A3
350
233
  3
A4
350
234
  3
A5
350
235
  3
A6
350
236
  3
A7
350
237
  3
A8
350
238
  3
A9
350
239
  3
B1
350
23A
  3
B2
350
23B
  3
B3
350
23C
  3
B4
350
23D
  3
B5
350
23E
  3
B6
350
23F
  3
B7
350
240
  0
DICTIONARY
  5
2C3
102
{ACAD_REACTORS
330
1F5
102
}
330
1F5
100
AcDbDictionary
281
     1
  0
DICTIONARY
  5
241
102
{ACAD_REACTORS
330
1F5
102
}
330
1F5
100
AcDbDictionary
281
     1
  3
Standard
350
242
  0
DICTIONARY
  5
212
102
{ACAD_REACTORS
330
1F5
102
}
330
1F5
100
AcDbDictionary
281
     1
  3
2dWireframe
350
217
  3
Basic
350
21A
  3
Brighten
350
21E
  3
ColorChange
350
222
  3
Conceptual
350
21C
  3
Dim
350
21D
  3
EdgeColorOff
350
225
  3
Facepattern
350
221
  3
Flat
350
213
  3
FlatWithEdges
350
214
  3
Gouraud
350
215
  3
GouraudWithEdges
350
216
  3
Hidden
350
219
  3
JitterOff
350
223
  3
Linepattern
350
220
  3
OverhangOff
350
224
  3
Realistic
350
21B
  3
Shaded
350
22A
  3
Shaded with edges
350
229
  3
Shades of Gray
350
226
  3
Sketchy
350
227
  3
Thicken
350
21F
  3
Wireframe
350
218
  3
X-Ray
350
228
  0
XRECORD
  5
2BF
102
{ACAD_REACTORS
330
1F5
102
}
330
1F5
100
AcDbXrecord
280
     1
 90
        1
330
242
  0
DICTIONARY
  5
2BB
102
{ACAD_REACTORS
330
1F5
102
}
330
1F5
100
AcDbDictionary
281
     1
  3
CANNOSCALE
350
2BC
  3
CMLEADERSTYLE
350
2C1
  3
CTABLESTYLE
350
2C0
  0
DICTIONARY
  5
247
102
{ACAD_REACTORS
330
1F5
102
}
330
1F5
100
AcDbDictionary
281
     1
  3
ColorSettings/BackgroundColor
350
249
  3
ColorSettings/ColorMode
350
24A
  3
Grid/DisplayGrid00
350
24B
  3
Grid/DisplayGrid01
350
24C
  3
Grid/DisplayGrid02
350
24D
  3
Grid/DisplayGrid03
350
24E
  3
Grid/GridSpacingX00
350
24F
  3
Grid/GridSpacingX01
350
250
  3
Grid/GridSpacingX02
350
251
  3
Grid/GridSpacingX03
350
252
  3
Grid/GridSpacingY00
350
253
  3
Grid/GridSpacingY01
350
254
  3
Grid/GridSpacingY02
350
255
  3
Grid/GridSpacingY03
350
256
  3
Grid/IsometricGrid00
350
257
  3
Grid/IsometricGrid01
350
258
  3
Grid/IsometricGrid02
350
259
  3
Grid/IsometricGrid03
350
25A
  3
Grid/IsometricProjection00
350
25B
  3
Grid/IsometricProjection01
350
25C
  3
Grid/IsometricProjection02
350
25D
  3
Grid/IsometricProjection03
350
25E
  3
Grid/MetaGridSpacingX00
350
25F
  3
Grid/MetaGridSpacingX01
350
260
  3
Grid/MetaGridSpacingX02
350
261
  3
Grid/MetaGridSpacingX03
350
262
  3
Grid/MetaGridSpacingY00
350
263
  3
Grid/MetaGridSpacingY01
350
264
  3
Grid/MetaGridSpacingY02
350
265
  3
Grid/MetaGridSpacingY03
350
266
  3
MultiPageSettings/Columns
350
267
  3
MultiPageSettings/GlueMarginsBottom
350
268
  3
MultiPageSettings/GlueMarginsLeft
350
269
  3
MultiPageSettings/GlueMarginsRight
350
26A
  3
MultiPageSettings/GlueMarginsTop
350
26B
  3
MultiPageSettings/PrintCropMarks
350
26C
  3
MultiPageSettings/Rows
350
26D
  3
PageSettings/OffsetX
350
26E
  3
PageSettings/OffsetY
350
26F
  3
PageSettings/PageOrientation
350
270
  3
PageSettings/PaperHeight
350
271
  3
PageSettings/PaperWidth
350
272
  3
PageSettings/Scale
350
273
  3
PageSettings/ShowPaperBorders
350
274
  3
PageTagSettings/EnablePageTags
350
275
  3
PageTagSettings/TagAlignment
350
276
  3
PageTagSettings/TagFont
350
277
  3
PageTagSettings/TagPosition
350
278
  3
QCADVersion
350
279
  3
UnitSettings/PaperUnit
350
27A
  3
ViewportCenter
350
27B
  3
ViewportHeight
350
27C
  3
ViewportWidth
350
27D
  0
LAYOUT
  5
206
102
{ACAD_REACTORS
330
202
102
}
330
202
100
AcDbPlotSettings
  1

  2
none_device
  4
ISO_A4_(210.00_x_297.00_MM)
  6

 40
7.5
 41
20.0
 42
7.5
 43
20.0
 44
210.0
 45
297.0
 46
0.0
 47
0.0
 48
0.0
 49
0.0
140
0.0
141
0.0
142
1.0
143
1.0
 70
   688
 72
     1
 73
     1
 74
     5
  7

 75
     0
 76
     0
 77
     2
 78
   300
147
1.0
148
0.0
149
0.0
100
AcDbLayout
  1
Layout1
 70
     1
 71
     0
 10
-20.0
 20
-7.5
 11
277.0
 21
202.5
 12
0.0
 22
0.0
 32
0.0
 14
0.0
 24
0.0
 34
0.0
 15
0.0
 25
0.0
 35
0.0
146
0.0
 13
0.0
 23
0.0
 33
0.0
 16
1.0
 26
0.0
 36
0.0
 17
0.0
 27
1.0
 37
0.0
 76
     0
330
203
331
2B5
  0
LAYOUT
  5
20A
102
{ACAD_REACTORS
330
202
102
}
330
202
100
AcDbPlotSettings
  1

  2
none_device
  4
Letter_(8.50_x_11.00_Inches)
  6

 40
6.35
 41
6.35
 42
6.35000508
 43
6.35000508
 44
215.9
 45
279.4
 46
0.0
 47
0.0
 48
0.0
 49
0.0
140
0.0
141
0.0
142
1.0
143
1.0
 70
  1712
 72
     0
 73
     0
 74
     0
  7

 75
     0
 76
     0
 77
     2
 78
   300
147
1.0
148
0.0
149
0.0
100
AcDbLayout
  1
Model
 70
     1
 71
     0
 10
0.0
 20
0.0
 11
12.0
 21
9.0
 12
0.0
 22
0.0
 32
0.0
 14
-4115.0
 24
-1119.0
 34
0.0
 15
1119.0
 25
1546.0
 35
0.0
146
0.0
 13
0.0
 23
0.0
 33
0.0
 16
1.0
 26
0.0
 36
0.0
 17
0.0
 27
1.0
 37
0.0
 76
     0
330
207
331
211
  0
MATERIAL
  5
22D
102
{ACAD_REACTORS
330
22B
102
}
330
22B
100
AcDbMaterial
  1
ByBlock
 72
     1
 94
      127
  0
MATERIAL
  5
22C
102
{ACAD_REACTORS
330
22B
102
}
330
22B
100
AcDbMaterial
  1
ByLayer
 72
     1
 94
      127
  0
MATERIAL
  5
22E
102
{ACAD_REACTORS
330
22B
102
}
330
22B
100
AcDbMaterial
  1
Global
 72
     1
 94
      127
  0
MLEADERSTYLE
  5
244
102
{ACAD_REACTORS
330
243
102
}
330
243
100
AcDbMLeaderStyle
179
     2
170
     2
171
     1
172
     0
 90
        2
 40
0.0
 41
0.0
173
     1
 91
-1056964608
340
1FC
 92
       -2
290
     1
 42
0.09
291
     1
 43
0.36
  3
Standard
341
0
 44
0.18
300

342
1FA
174
     1
178
     6
175
     1
176
     0
 93
-1056964608
 45
0.18
292
     0
297
     0
 46
0.18
343
0
 94
-1056964608
 47
1.0
 49
1.0
140
1.0
293
     1
141
0.0
294
     1
177
     0
142
1.0
295
     0
296
     0
143
0.125
271
     0
272
     9
273
     9
298
     0
  0
MLINESTYLE
  5
200
102
{ACAD_REACTORS
330
1FF
102
}
330
1FF
100
AcDbMlineStyle
  2
Standard
 70
     0
  3

 62
   256
 51
90.0
 52
90.0
 71
     2
 49
0.5
 62
   256
  6
BYLAYER
 49
-0.5
 62
   256
  6
BYLAYER
  0
ACDBPLACEHOLDER
  5
1F8
102
{ACAD_REACTORS
330
1F7
102
}
330
1F7
  0
SCALE
  5
230
102
{ACAD_REACTORS
330
22F
102
}
330
22F
100
AcDbScale
 70
     0
300
1:1
140
1.0
141
1.0
290
     1
  0
SCALE
  5
231
102
{ACAD_REACTORS
330
22F
102
}
330
22F
100
AcDbScale
 70
     0
300
1/128" = 1'-0"
140
0.0078125
141
12.0
290
     0
  0
SCALE
  5
232
102
{ACAD_REACTORS
330
22F
102
}
330
22F
100
AcDbScale
 70
     0
300
1/64" = 1'-0"
140
0.015625
141
12.0
290
     0
  0
SCALE
  5
233
102
{ACAD_REACTORS
330
22F
102
}
330
22F
100
AcDbScale
 70
     0
300
1/32" = 1'-0"
140
0.03125
141
12.0
290
     0
  0
SCALE
  5
234
102
{ACAD_REACTORS
330
22F
102
}
330
22F
100
AcDbScale
 70
     0
300
1/16" = 1'-0"
140
0.0625
141
12.0
290
     0
  0
SCALE
  5
235
102
{ACAD_REACTORS
330
22F
102
}
330
22F
100
AcDbScale
 70
     0
300
3/32" = 1'-0"
140
0.09375
141
12.0
290
     0
  0
SCALE
  5
236
102
{ACAD_REACTORS
330
22F
102
}
330
22F
100
AcDbScale
 70
     0
300
1/8" = 1'-0"
140
0.125
141
12.0
290
     0
  0
SCALE
  5
237
102
{ACAD_REACTORS
330
22F
102
}
330
22F
100
AcDbScale
 70
     0
300
3/16" = 1'-0"
140
0.1875
141
12.0
290
     0
  0
SCALE
  5
238
102
{ACAD_REACTORS
330
22F
102
}
330
22F
100
AcDbScale
 70
     0
300
1/4" = 1'-0"
140
0.25
141
12.0
290
     0
  0
SCALE
  5
239
102
{ACAD_REACTORS
330
22F
102
}
330
22F
100
AcDbScale
 70
     0
300
3/8" = 1'-0"
140
0.375
141
12.0
290
     0
  0
SCALE
  5
23A
102
{ACAD_REACTORS
330
22F
102
}
330
22F
100
AcDbScale
 70
     0
300
1/2" = 1'-0"
140
0.5
141
12.0
290
     0
  0
SCALE
  5
23B
102
{ACAD_REACTORS
330
22F
102
}
330
22F
100
AcDbScale
 70
     0
300
3/4" = 1'-0"
140
0.75
141
12.0
290
     0
  0
SCALE
  5
23C
102
{ACAD_REACTORS
330
22F
102
}
330
22F
100
AcDbScale
 70
     0
300
1" = 1'-0"
140
1.0
141
12.0
290
     0
  0
SCALE
  5
23D
102
{ACAD_REACTORS
330
22F
102
}
330
22F
100
AcDbScale
 70
     0
300
1-1/2" = 1'-0"
140
1.5
141
12.0
290
     0
  0
SCALE
  5
23E
102
{ACAD_REACTORS
330
22F
102
}
330
22F
100
AcDbScale
 70
     0
300
3" = 1'-0"
140
3.0
141
12.0
290
     0
  0
SCALE
  5
23F
102
{ACAD_REACTORS
330
22F
102
}
330
22F
100
AcDbScale
 70
     0
300
6" = 1'-0"
140
6.0
141
12.0
290
     0
  0
SCALE
  5
240
102
{ACAD_REACTORS
330
22F
102
}
330
22F
100
AcDbScale
 70
     0
300
1'-0" = 1'-0"
140
12.0
141
12.0
290
     0
  0
TABLESTYLE
  5
242
102
{ACAD_REACTORS
330
241
102
}
102
{ACAD_XDICTIONARY
360
2BD
102
}
330
241
100
AcDbTableStyle
  3
Standard
 70
     0
 71
     0
 40
0.06
 41
0.06
280
     0
281
     0
  7
Standard
140
0.18
170
     2
 62
     0
 63
   257
283
     0
 90
        4
 91
        0
  1

274
    -2
284
     1
 64
     0
275
    -2
285
     1
 65
     0
276
    -2
286
     1
 66
     0
277
    -2
287
     1
 67
     0
278
    -2
288
     1
 68
     0
279
    -2
289
     1
 69
     0
  7
Standard
140
0.25
170
     5
 62
     0
 63
   257
283
     0
 90
        4
 91
        0
  1

274
    -2
284
     1
 64
     0
275
    -2
285
     1
 65
     0
276
    -2
286
     1
 66
     0
277
    -2
287
     1
 67
     0
278
    -2
288
     1
 68
     0
279
    -2
289
     1
 69
     0
  7
Standard
140
0.18
170
     5
 62
     0
 63
   257
283
     0
 90
        4
 91
        0
  1

274
    -2
284
     1
 64
     0
275
    -2
285
     1
 65
     0
276
    -2
286
     1
 66
     0
277
    -2
287
     1
 67
     0
278
    -2
288
     1
 68
     0
279
    -2
289
     1
 69
     0
  0
VISUALSTYLE
  5
217
102
{ACAD_REACTORS
330
212
102
}
330
212
100
AcDbVisualStyle
  2
2dWireframe
 70
     4
177
     3
291
     0
 70
    58
 90
        0
176
     1
 90
        2
176
     1
 90
        0
176
     1
 90
        0
176
     1
 40
0.6
176
     1
 40
30.0
176
     1
 62
     7
420
 16777215
176
     1
 90
        1
176
     1
 90
        4
176
     1
 62
     7
176
     1
 62
   257
176
     1
 90
        1
176
     1
 90
        1
176
     1
 40
1.0
176
     1
 90
        0
176
     1
 62
   257
176
     1
 40
1.0
176
     1
 90
        1
176
     1
 90
        6
176
     1
 90
        2
176
     1
 62
     7
176
     1
 90
        5
176
     1
 90
        0
176
     1
 90
        0
176
     1
290
     0
176
     1
 90
        1
176
     1
 40
0.0
176
     1
 90
        0
176
     1
290
     1
176
     1
290
     1
176
     1
290
     0
176
     1
290
     0
176
     1
290
     0
176
     1
290
     0
176
     1
290
     0
176
     1
290
     0
176
     1
290
     0
176
     1
 90
       50
176
     1
 40
0.0
176
     1
 40
1.0
176
     1
 90
        0
176
     1
 62
    18
420
        0
176
     1
 90
       50
176
     1
 90
        3
176
     1
 62
     5
420
      255
176
     1
290
     0
176
     1
 90
       50
176
     1
 90
       50
176
     1
 90
       50
176
     1
290
     0
176
     1
 90
       50
176
     1
 62
   256
176
     0
 40
1.0
176
     0
 90
        2
176
     1
  1
strokes_ogs.tif
176
     1
290
     0
176
     1
 40
1.0
176
     1
 40
1.0
176
     1
  0
VISUALSTYLE
  5
21A
102
{ACAD_REACTORS
330
212
102
}
330
212
100
AcDbVisualStyle
  2
Basic
 70
     7
177
     3
291
     1
 70
    58
 90
        1
176
     1
 90
        0
176
     1
 90
        1
176
     1
 90
        0
176
     1
 40
0.6
176
     1
 40
30.0
176
     1
 62
     7
420
 16777215
176
     1
 90
        0
176
     1
 90
        4
176
     1
 62
     7
176
     1
 62
   257
176
     1
 90
        1
176
     1
 90
        1
176
     1
 40
1.0
176
     1
 90
        8
176
     1
 62
     7
176
     1
 40
1.0
176
     1
 90
        1
176
     1
 90
        6
176
     1
 90
        2
176
     1
 62
     7
176
     1
 90
        5
176
     1
 90
        0
176
     1
 90
        0
176
     1
290
     0
176
     1
 90
        1
176
     1
 40
0.0
176
     1
 90
        0
176
     1
290
     0
176
     1
290
     1
176
     1
290
     1
176
     1
290
     0
176
     1
290
     0
176
     1
290
     0
176
     1
290
     0
176
     1
290
     0
176
     1
290
     0
176
     1
 90
       50
176
     1
 40
0.0
176
     1
 40
1.0
176
     1
 90
        0
176
     1
 62
    18
420
        0
176
     1
 90
       50
176
     1
 90
        3
176
     1
 62
     5
420
      255
176
     1
290
     0
176
     1
 90
       50
176
     1
 90
       50
176
     1
 90
       50
176
     1
290
     0
176
     1
 90
       50
176
     1
 62
   256
176
     0
 40
1.0
176
     0
 90
        2
176
     1
  1
strokes_ogs.tif
176
     1
290
     0
176
     1
 40
1.0
176
     1
 40
1.0
176
     1
  0
VISUALSTYLE
  5
21E
102
{ACAD_REACTORS
330
212
102
}
330
212
100
AcDbVisualStyle
  2
Brighten
 70
    12
177
     3
291
     1
 70
    58
 90
        2
176
     1
 90
        2
176
     1
 90
        0
176
     1
 90
        0
176
     1
 40
0.6
176
     1
 40
30.0
176
     1
 62
     7
420
 16777215
176
     1
 90
        1
176
     1
 90
        4
176
     1
 62
     7
176
     1
 62
   257
176
     1
 90
        1
176
     1
 90
        1
176
     1
 40
1.0
176
     1
 90
        8
176
     1
 62
     7
176
     1
 40
1.0
176
     1
 90
        1
176
     1
 90
        6
176
     1
 90
        2
176
     1
 62
     7
176
     1
 90
        5
176
     1
 90
        0
176
     1
 90
        0
176
     1
290
     0
176
     1
 90
        1
176
     1
 40
50.0
176
     1
 90
        0
176
     1
290
     0
176
     1
290
     1
176
     1
290
     1
176
     1
290
     0
176
     1
290
     0
176
     1
290
     0
176
     1
290
     0
176
     1
290
     0
176
     1
290
     0
176
     1
 90
       50
176
     1
 40
0.0
176
     1
 40
1.0
176
     1
 90
        0
176
     1
 62
    18
420
        0
176
     1
 90
       50
176
     1
 90
        3
176
     1
 62
     5
420
      255
176
     1
290
     0
176
     1
 90
       50
176
     1
 90
       50
176
     1
 90
       50
176
     1
290
     0
176
     1
 90
       50
176
     1
 62
   256
176
     0
 40
1.0
176
     0
 90
        2
176
     1
  1
strokes_ogs.tif
176
     1
290
     0
176
     1
 40
1.0
176
     1
 40
1.0
176
     1
  0
VISUALSTYLE
  5
222
102
{ACAD_REACTORS
330
212
102
}
330
212
100
AcDbVisualStyle
  2
ColorChange
 70
    16
177
     3
291
     1
 70
    58
 90
        2
176
     1
 90
        2
176
     1
 90
        3
176
     1
 90
        0
176
     1
 40
0.6
176
     1
 40
30.0
176
     1
 62
     8
420
  8421504
176
     1
 90
        1
176
     1
 90
        4
176
     1
 62
     7
176
     1
 62
   257
176
     1
 90
        1
176
     1
 90
        1
176
     1
 40
1.0
176
     1
 90
        8
176
     1
 62
     8
420
  8421504
176
     1
 40
1.0
176
     1
 90
        1
176
     1
 90
        6
176
     1
 90
        2
176
     1
 62
     7
176
     1
 90
        5
176
     1
 90
        0
176
     1
 90
        0
176
     1
290
     0
176
     1
 90
        1
176
     1
 40
0.0
176
     1
 90
        0
176
     1
290
     0
176
     1
290
     1
176
     1
290
     1
176
     1
290
     0
176
     1
290
     0
176
     1
290
     0
176
     1
290
     0
176
     1
290
     0
176
     1
290
     0
176
     1
 90
       50
176
     1
 40
0.0
176
     1
 40
1.0
176
     1
 90
        0
176
     1
 62
    18
420
        0
176
     1
 90
       50
176
     1
 90
        3
176
     1
 62
     5
420
      255
176
     1
290
     0
176
     1
 90
       50
176
     1
 90
       50
176
     1
 90
       50
176
     1
290
     0
176
     1
 90
       50
176
     1
 62
   256
176
     0
 40
1.0
176
     0
 90
        2
176
     1
  1
strokes_ogs.tif
176
     1
290
     0
176
     1
 40
1.0
176
     1
 40
1.0
176
     1
  0
VISUALSTYLE
  5
21C
102
{ACAD_REACTORS
330
212
102
}
330
212
100
AcDbVisualStyle
  2
Conceptual
 70
     9
177
     3
291
     0
 70
    58
 90
        3
176
     1
 90
        2
176
     1
 90
        0
176
     1
 90
        0
176
     1
 40
0.6
176
     1
 40
30.0
176
     1
 62
     7
420
 16777215
176
     1
 90
        2
176
     1
 90
        2
176
     1
 62
     7
176
     1
 62
   257
176
     1
 90
        1
176
     1
 90
        1
176
     1
 40
179.0
176
     1
 90
        8
176
     1
 62
     7
176
     1
 40
1.0
176
     1
 90
        1
176
     1
 90
        6
176
     1
 90
        2
176
     1
 62
     7
176
     1
 90
        3
176
     1
 90
        0
176
     1
 90
        0
176
     1
290
     0
176
     1
 90
        1
176
     1
 40
0.0
176
     1
 90
        0
176
     1
290
     0
176
     1
290
     1
176
     1
290
     1
176
     1
290
     0
176
     1
290
     0
176
     1
290
     0
176
     1
290
     0
176
     1
290
     0
176
     1
290
     0
176
     1
 90
       50
176
     1
 40
0.0
176
     1
 40
1.0
176
     1
 90
        0
176
     1
 62
    18
420
        0
176
     1
 90
       50
176
     1
 90
        3
176
     1
 62
     5
420
      255
176
     1
290
     0
176
     1
 90
       50
176
     1
 90
       50
176
     1
 90
       50
176
     1
290
     0
176
     1
 90
       50
176
     1
 62
   256
176
     0
 40
1.0
176
     0
 90
        2
176
     1
  1
strokes_ogs.tif
176
     1
290
     0
176
     1
 40
1.0
176
     1
 40
1.0
176
     1
  0
VISUALSTYLE
  5
21D
102
{ACAD_REACTORS
330
212
102
}
330
212
100
AcDbVisualStyle
  2
Dim
 70
    11
177
     3
291
     1
 70
    58
 90
        2
176
     1
 90
        2
176
     1
 90
        0
176
     1
 90
        0
176
     1
 40
0.6
176
     1
 40
30.0
176
     1
 62
     7
420
 16777215
176
     1
 90
        1
176
     1
 90
        4
176
     1
 62
     7
176
     1
 62
   257
176
     1
 90
        1
176
     1
 90
        1
176
     1
 40
1.0
176
     1
 90
        8
176
     1
 62
     7
176
     1
 40
1.0
176
     1
 90
        1
176
     1
 90
        6
176
     1
 90
        2
176
     1
 62
     7
176
     1
 90
        5
176
     1
 90
        0
176
     1
 90
        0
176
     1
290
     0
176
     1
 90
        1
176
     1
 40
-50.0
176
     1
 90
        0
176
     1
290
     0
176
     1
290
     1
176
     1
290
     1
176
     1
290
     0
176
     1
290
     0
176
     1
290
     0
176
     1
290
     0
176
     1
290
     0
176
     1
290
     0
176
     1
 90
       50
176
     1
 40
0.0
176
     1
 40
1.0
176
     1
 90
        0
176
     1
 62
    18
420
        0
176
     1
 90
       50
176
     1
 90
        3
176
     1
 62
     5
420
      255
176
     1
290
     0
176
     1
 90
       50
176
     1
 90
       50
176
     1
 90
       50
176
     1
290
     0
176
     1
 90
       50
176
     1
 62
   256
176
     0
 40
1.0
176
     0
 90
        2
176
     1
  1
strokes_ogs.tif
176
     1
290
     0
176
     1
 40
1.0
176
     1
 40
1.0
176
     1
  0
VISUALSTYLE
  5
225
102
{ACAD_REACTORS
330
212
102
}
330
212
100
AcDbVisualStyle
  2
EdgeColorOff
 70
    22
177
     3
291
     1
 70
    58
 90
        2
176
     0
 90
        2
176
     0
 90
        0
176
     0
 90
        0
176
     0
 40
0.6
176
     0
 40
30.0
176
     0
 62
     7
420
 16777215
176
     0
 90
        1
176
     0
 90
        4
176
     0
 62
     7
176
     0
 62
   257
176
     0
 90
        1
176
     0
 90
        1
176
     0
 40
1.0
176
     0
 90
        8
176
     2
 62
     7
176
     0
 40
1.0
176
     0
 90
        1
176
     0
 90
        6
176
     0
 90
        2
176
     0
 62
     7
176
     0
 90
        5
176
     0
 90
        0
176
     0
 90
        0
176
     0
290
     0
176
     0
 90
        1
176
     0
 40
0.0
176
     0
 90
        0
176
     0
290
     0
176
     0
290
     1
176
     0
290
     1
176
     0
290
     0
176
     0
290
     0
176
     0
290
     0
176
     0
290
     0
176
     0
290
     0
176
     0
290
     0
176
     0
 90
       50
176
     0
 40
0.0
176
     0
 40
1.0
176
     0
 90
        0
176
     0
 62
    18
420
        0
176
     0
 90
       50
176
     0
 90
        3
176
     0
 62
     5
420
      255
176
     0
290
     0
176
     0
 90
       50
176
     0
 90
       50
176
     0
 90
       50
176
     0
290
     0
176
     0
 90
       50
176
     0
 62
   256
176
     0
 40
1.0
176
     0
 90
        2
176
     0
  1
strokes_ogs.tif
176
     0
290
     0
176
     0
 40
1.0
176
     0
 40
1.0
176
     0
  0
VISUALSTYLE
  5
221
102
{ACAD_REACTORS
330
212
102
}
330
212
100
AcDbVisualStyle
  2
Facepattern
 70
    15
177
     3
291
     1
 70
    58
 90
        2
176
     1
 90
        2
176
     1
 90
        0
176
     1
 90
        0
176
     1
 40
0.6
176
     1
 40
30.0
176
     1
 62
     7
420
 16777215
176
     1
 90
        1
176
     1
 90
        4
176
     1
 62
     7
176
     1
 62
   257
176
     1
 90
        1
176
     1
 90
        1
176
     1
 40
1.0
176
     1
 90
        8
176
     1
 62
     7
176
     1
 40
1.0
176
     1
 90
        1
176
     1
 90
        6
176
     1
 90
        2
176
     1
 62
     7
176
     1
 90
        5
176
     1
 90
        0
176
     1
 90
        0
176
     1
290
     0
176
     1
 90
        1
176
     1
 40
0.0
176
     1
 90
        0
176
     1
290
     0
176
     1
290
     1
176
     1
290
     1
176
     1
290
     0
176
     1
290
     0
176
     1
290
     0
176
     1
290
     0
176
     1
290
     0
176
     1
290
     0
176
     1
 90
       50
176
     1
 40
0.0
176
     1
 40
1.0
176
     1
 90
        0
176
     1
 62
    18
420
        0
176
     1
 90
       50
176
     1
 90
        3
176
     1
 62
     5
420
      255
176
     1
290
     0
176
     1
 90
       50
176
     1
 90
       50
176
     1
 90
       50
176
     1
290
     0
176
     1
 90
       50
176
     1
 62
   256
176
     0
 40
1.0
176
     0
 90
        2
176
     1
  1
strokes_ogs.tif
176
     1
290
     0
176
     1
 40
1.0
176
     1
 40
1.0
176
     1
  0
VISUALSTYLE
  5
213
102
{ACAD_REACTORS
330
212
102
}
330
212
100
AcDbVisualStyle
  2
Flat
 70
     0
177
     3
291
     1
 70
    58
 90
        2
176
     1
 90
        1
176
     1
 90
        1
176
     1
 90
        2
176
     1
 40
0.6
176
     1
 40
30.0
176
     1
 62
     7
420
 16777215
176
     1
 90
        0
176
     1
 90
        0
176
     1
 62
     7
176
     1
 62
   257
176
     1
 90
        1
176
     1
 90
        1
176
     1
 40
1.0
176
     1
 90
        8
176
     1
 62
     7
176
     1
 40
1.0
176
     1
 90
        1
176
     1
 90
        6
176
     1
 90
        2
176
     1
 62
     7
176
     1
 90
        5
176
     1
 90
        0
176
     1
 90
        0
176
     1
290
     0
176
     1
 90
       13
176
     1
 40
0.0
176
     1
 90
        0
176
     1
290
     0
176
     1
290
     1
176
     1
290
     1
176
     1
290
     0
176
     1
290
     0
176
     1
290
     0
176
     1
290
     0
176
     1
290
     0
176
     1
290
     0
176
     1
 90
       50
176
     1
 40
0.0
176
     1
 40
1.0
176
     1
 90
        0
176
     1
 62
    18
420
        0
176
     1
 90
       50
176
     1
 90
        3
176
     1
 62
     5
420
      255
176
     1
290
     0
176
     1
 90
       50
176
     1
 90
       50
176
     1
 90
       50
176
     1
290
     0
176
     1
 90
       50
176
     1
 62
   256
176
     0
 40
1.0
176
     0
 90
        2
176
     1
  1
strokes_ogs.tif
176
     1
290
     0
176
     1
 40
1.0
176
     1
 40
1.0
176
     1
  0
VISUALSTYLE
  5
214
102
{ACAD_REACTORS
330
212
102
}
330
212
100
AcDbVisualStyle
  2
FlatWithEdges
 70
     1
177
     3
291
     1
 70
    58
 90
        2
176
     1
 90
        1
176
     1
 90
        1
176
     1
 90
        2
176
     1
 40
0.6
176
     1
 40
30.0
176
     1
 62
     7
420
 16777215
176
     1
 90
        1
176
     1
 90
        0
176
     1
 62
     7
176
     1
 62
   257
176
     1
 90
        1
176
     1
 90
        1
176
     1
 40
1.0
176
     1
 90
        0
176
     1
 62
   257
176
     1
 40
1.0
176
     1
 90
        1
176
     1
 90
        6
176
     1
 90
        2
176
     1
 62
     7
176
     1
 90
        5
176
     1
 90
        0
176
     1
 90
        0
176
     1
290
     0
176
     1
 90
       13
176
     1
 40
0.0
176
     1
 90
        0
176
     1
290
     0
176
     1
290
     1
176
     1
290
     1
176
     1
290
     0
176
     1
290
     0
176
     1
290
     0
176
     1
290
     0
176
     1
290
     0
176
     1
290
     0
176
     1
 90
       50
176
     1
 40
0.0
176
     1
 40
1.0
176
     1
 90
        0
176
     1
 62
    18
420
        0
176
     1
 90
       50
176
     1
 90
        3
176
     1
 62
     5
420
      255
176
     1
290
     0
176
     1
 90
       50
176
     1
 90
       50
176
     1
 90
       50
176
     1
290
     0
176
     1
 90
       50
176
     1
 62
   256
176
     0
 40
1.0
176
     0
 90
        2
176
     1
  1
strokes_ogs.tif
176
     1
290
     0
176
     1
 40
1.0
176
     1
 40
1.0
176
     1
  0
VISUALSTYLE
  5
215
102
{ACAD_REACTORS
330
212
102
}
330
212
100
AcDbVisualStyle
  2
Gouraud
 70
     2
177
     3
291
     1
 70
    58
 90
        2
176
     1
 90
        2
176
     1
 90
        1
176
     1
 90
        2
176
     1
 40
0.6
176
     1
 40
30.0
176
     1
 62
     7
420
 16777215
176
     1
 90
        0
176
     1
 90
        0
176
     1
 62
     7
176
     1
 62
   257
176
     1
 90
        1
176
     1
 90
        1
176
     1
 40
1.0
176
     1
 90
        0
176
     1
 62
     7
176
     1
 40
1.0
176
     1
 90
        1
176
     1
 90
        6
176
     1
 90
        2
176
     1
 62
     7
176
     1
 90
        5
176
     1
 90
        0
176
     1
 90
        0
176
     1
290
     0
176
     1
 90
       13
176
     1
 40
0.0
176
     1
 90
        0
176
     1
290
     0
176
     1
290
     1
176
     1
290
     1
176
     1
290
     0
176
     1
290
     0
176
     1
290
     0
176
     1
290
     0
176
     1
290
     0
176
     1
290
     0
176
     1
 90
       50
176
     1
 40
0.0
176
     1
 40
1.0
176
     1
 90
        0
176
     1
 62
    18
420
        0
176
     1
 90
       50
176
     1
 90
        3
176
     1
 62
     5
420
      255
176
     1
290
     0
176
     1
 90
       50
176
     1
 90
       50
176
     1
 90
       50
176
     1
290
     0
176
     1
 90
       50
176
     1
 62
   256
176
     0
 40
1.0
176
     0
 90
        2
176
     1
  1
strokes_ogs.tif
176
     1
290
     0
176
     1
 40
1.0
176
     1
 40
1.0
176
     1
  0
VISUALSTYLE
  5
216
102
{ACAD_REACTORS
330
212
102
}
330
212
100
AcDbVisualStyle
  2
GouraudWithEdges
 70
     3
177
     3
291
     1
 70
    58
 90
        2
176
     1
 90
        2
176
     1
 90
        1
176
     1
 90
        2
176
     1
 40
0.6
176
     1
 40
30.0
176
     1
 62
     7
420
 16777215
176
     1
 90
        1
176
     1
 90
        0
176
     1
 62
     7
176
     1
 62
   257
176
     1
 90
        1
176
     1
 90
        1
176
     1
 40
1.0
176
     1
 90
        0
176
     1
 62
   257
176
     1
 40
1.0
176
     1
 90
        1
176
     1
 90
        6
176
     1
 90
        2
176
     1
 62
     7
176
     1
 90
        5
176
     1
 90
        0
176
     1
 90
        0
176
     1
290
     0
176
     1
 90
       13
176
     1
 40
0.0
176
     1
 90
        0
176
     1
290
     0
176
     1
290
     1
176
     1
290
     1
176
     1
290
     0
176
     1
290
     0
176
     1
290
     0
176
     1
290
     0
176
     1
290
     0
176
     1
290
     0
176
     1
 90
       50
176
     1
 40
0.0
176
     1
 40
1.0
176
     1
 90
        0
176
     1
 62
    18
420
        0
176
     1
 90
       50
176
     1
 90
        3
176
     1
 62
     5
420
      255
176
     1
290
     0
176
     1
 90
       50
176
     1
 90
       50
176
     1
 90
       50
176
     1
290
     0
176
     1
 90
       50
176
     1
 62
   256
176
     0
 40
1.0
176
     0
 90
        2
176
     1
  1
strokes_ogs.tif
176
     1
290
     0
176
     1
 40
1.0
176
     1
 40
1.0
176
     1
  0
VISUALSTYLE
  5
219
102
{ACAD_REACTORS
330
212
102
}
330
212
100
AcDbVisualStyle
  2
Hidden
 70
     6
177
     3
291
     0
 70
    58
 90
        1
176
     1
 90
        2
176
     1
 90
        2
176
     1
 90
        0
176
     1
 40
0.6
176
     1
 40
30.0
176
     1
 62
     7
420
 16777215
176
     1
 90
        2
176
     1
 90
        2
176
     1
 62
     7
176
     1
 62
   257
176
     1
 90
        2
176
     1
 90
        1
176
     1
 40
40.0
176
     1
 90
        0
176
     1
 62
   257
176
     1
 40
1.0
176
     1
 90
        1
176
     1
 90
        6
176
     1
 90
        2
176
     1
 62
     7
176
     1
 90
        3
176
     1
 90
        0
176
     1
 90
        0
176
     1
290
     0
176
     1
 90
        1
176
     1
 40
0.0
176
     1
 90
        0
176
     1
290
     0
176
     1
290
     1
176
     1
290
     1
176
     1
290
     0
176
     1
290
     0
176
     1
290
     0
176
     1
290
     0
176
     1
290
     0
176
     1
290
     0
176
     1
 90
       50
176
     1
 40
0.0
176
     1
 40
1.0
176
     1
 90
        0
176
     1
 62
    18
420
        0
176
     1
 90
       50
176
     1
 90
        3
176
     1
 62
     5
420
      255
176
     1
290
     0
176
     1
 90
       50
176
     1
 90
       50
176
     1
 90
       50
176
     1
290
     0
176
     1
 90
       50
176
     1
 62
   256
176
     0
 40
1.0
176
     0
 90
        2
176
     1
  1
strokes_ogs.tif
176
     1
290
     0
176
     1
 40
1.0
176
     1
 40
1.0
176
     1
  0
VISUALSTYLE
  5
223
102
{ACAD_REACTORS
330
212
102
}
330
212
100
AcDbVisualStyle
  2
JitterOff
 70
    20
177
     3
291
     1
 70
    58
 90
        2
176
     0
 90
        2
176
     0
 90
        0
176
     0
 90
        0
176
     0
 40
0.6
176
     0
 40
30.0
176
     0
 62
     7
420
 16777215
176
     0
 90
        1
176
     0
 90
        4
176
     0
 62
     7
176
     0
 62
   257
176
     0
 90
        1
176
     0
 90
        1
176
     0
 40
1.0
176
     0
 90
       10
176
     2
 62
     7
176
     0
 40
1.0
176
     0
 90
        1
176
     0
 90
        6
176
     0
 90
        2
176
     0
 62
     7
176
     0
 90
        5
176
     0
 90
        0
176
     0
 90
        0
176
     0
290
     0
176
     0
 90
        1
176
     0
 40
0.0
176
     0
 90
        0
176
     0
290
     0
176
     0
290
     1
176
     0
290
     1
176
     0
290
     0
176
     0
290
     0
176
     0
290
     0
176
     0
290
     0
176
     0
290
     0
176
     0
290
     0
176
     0
 90
       50
176
     0
 40
0.0
176
     0
 40
1.0
176
     0
 90
        0
176
     0
 62
    18
420
        0
176
     0
 90
       50
176
     0
 90
        3
176
     0
 62
     5
420
      255
176
     0
290
     0
176
     0
 90
       50
176
     0
 90
       50
176
     0
 90
       50
176
     0
290
     0
176
     0
 90
       50
176
     0
 62
   256
176
     0
 40
1.0
176
     0
 90
        2
176
     0
  1
strokes_ogs.tif
176
     0
290
     0
176
     0
 40
1.0
176
     0
 40
1.0
176
     0
  0
VISUALSTYLE
  5
220
102
{ACAD_REACTORS
330
212
102
}
330
212
100
AcDbVisualStyle
  2
Linepattern
 70
    14
177
     3
291
     1
 70
    58
 90
        2
176
     1
 90
        2
176
     1
 90
        0
176
     1
 90
        0
176
     1
 40
0.6
176
     1
 40
30.0
176
     1
 62
     7
420
 16777215
176
     1
 90
        1
176
     1
 90
        4
176
     1
 62
     7
176
     1
 62
   257
176
     1
 90
        7
176
     1
 90
        7
176
     1
 40
1.0
176
     1
 90
        8
176
     1
 62
     7
176
     1
 40
1.0
176
     1
 90
        1
176
     1
 90
        6
176
     1
 90
        2
176
     1
 62
     7
176
     1
 90
        5
176
     1
 90
        0
176
     1
 90
        0
176
     1
290
     0
176
     1
 90
        1
176
     1
 40
0.0
176
     1
 90
        0
176
     1
290
     0
176
     1
290
     1
176
     1
290
     1
176
     1
290
     0
176
     1
290
     0
176
     1
290
     0
176
     1
290
     0
176
     1
290
     0
176
     1
290
     0
176
     1
 90
       50
176
     1
 40
0.0
176
     1
 40
1.0
176
     1
 90
        0
176
     1
 62
    18
420
        0
176
     1
 90
       50
176
     1
 90
        3
176
     1
 62
     5
420
      255
176
     1
290
     0
176
     1
 90
       50
176
     1
 90
       50
176
     1
 90
       50
176
     1
290
     0
176
     1
 90
       50
176
     1
 62
   256
176
     0
 40
1.0
176
     0
 90
        2
176
     1
  1
strokes_ogs.tif
176
     1
290
     0
176
     1
 40
1.0
176
     1
 40
1.0
176
     1
  0
VISUALSTYLE
  5
224
102
{ACAD_REACTORS
330
212
102
}
330
212
100
AcDbVisualStyle
  2
OverhangOff
 70
    21
177
     3
291
     1
 70
    58
 90
        2
176
     0
 90
        2
176
     0
 90
        0
176
     0
 90
        0
176
     0
 40
0.6
176
     0
 40
30.0
176
     0
 62
     7
420
 16777215
176
     0
 90
        1
176
     0
 90
        4
176
     0
 62
     7
176
     0
 62
   257
176
     0
 90
        1
176
     0
 90
        1
176
     0
 40
1.0
176
     0
 90
        9
176
     2
 62
     7
176
     0
 40
1.0
176
     0
 90
        1
176
     0
 90
        6
176
     0
 90
        2
176
     0
 62
     7
176
     0
 90
        5
176
     0
 90
        0
176
     0
 90
        0
176
     0
290
     0
176
     0
 90
        1
176
     0
 40
0.0
176
     0
 90
        0
176
     0
290
     0
176
     0
290
     1
176
     0
290
     1
176
     0
290
     0
176
     0
290
     0
176
     0
290
     0
176
     0
290
     0
176
     0
290
     0
176
     0
290
     0
176
     0
 90
       50
176
     0
 40
0.0
176
     0
 40
1.0
176
     0
 90
        0
176
     0
 62
    18
420
        0
176
     0
 90
       50
176
     0
 90
        3
176
     0
 62
     5
420
      255
176
     0
290
     0
176
     0
 90
       50
176
     0
 90
       50
176
     0
 90
       50
176
     0
290
     0
176
     0
 90
       50
176
     0
 62
   256
176
     0
 40
1.0
176
     0
 90
        2
176
     0
  1
strokes_ogs.tif
176
     0
290
     0
176
     0
 40
1.0
176
     0
 40
1.0
176
     0
  0
VISUALSTYLE
  5
21B
102
{ACAD_REACTORS
330
212
102
}
330
212
100
AcDbVisualStyle
  2
Realistic
 70
     8
177
     3
291
     0
 70
    58
 90
        2
176
     1
 90
        3
176
     1
 90
        0
176
     1
 90
        2
176
     1
 40
0.6
176
     1
 40
30.0
176
     1
 62
     7
420
 16777215
176
     1
 90
        0
176
     1
 90
        0
176
     1
 62
     7
176
     1
 62
   257
176
     1
 90
        1
176
     1
 90
        1
176
     1
 40
1.0
176
     1
 90
        8
176
     1
 62
   257
176
     1
 40
1.0
176
     1
 90
        1
176
     1
 90
        6
176
     1
 90
        2
176
     1
 62
     7
176
     1
 90
        3
176
     1
 90
        0
176
     1
 90
        0
176
     1
290
     0
176
     1
 90
       13
176
     1
 40
0.0
176
     1
 90
        0
176
     1
290
     0
176
     1
290
     1
176
     1
290
     1
176
     1
290
     0
176
     1
290
     0
176
     1
290
     0
176
     1
290
     0
176
     1
290
     0
176
     1
290
     0
176
     1
 90
       50
176
     1
 40
0.0
176
     1
 40
1.0
176
     1
 90
        0
176
     1
 62
    18
420
        0
176
     1
 90
       50
176
     1
 90
        3
176
     1
 62
     5
420
      255
176
     1
290
     0
176
     1
 90
       50
176
     1
 90
       50
176
     1
 90
       50
176
     1
290
     0
176
     1
 90
       50
176
     1
 62
   256
176
     0
 40
1.0
176
     0
 90
        2
176
     1
  1
strokes_ogs.tif
176
     1
290
     0
176
     1
 40
1.0
176
     1
 40
1.0
176
     1
  0
VISUALSTYLE
  5
22A
102
{ACAD_REACTORS
330
212
102
}
330
212
100
AcDbVisualStyle
  2
Shaded
 70
    27
177
     3
291
     0
 70
    58
 90
        2
176
     1
 90
        2
176
     1
 90
        1
176
     1
 90
        2
176
     1
 40
0.6
176
     1
 40
30.0
176
     1
 62
     7
420
 16777215
176
     1
 90
        0
176
     1
 90
        4
176
     1
 62
     7
176
     1
 62
   257
176
     1
 90
        1
176
     1
 90
        1
176
     1
 40
1.0
176
     1
 90
        8
176
     1
 62
   257
176
     1
 40
1.0
176
     1
 90
        1
176
     1
 90
        6
176
     1
 90
        2
176
     1
 62
     8
420
  7895160
176
     1
 90
        3
176
     1
 90
        0
176
     1
 90
        0
176
     1
290
     0
176
     1
 90
        5
176
     1
 40
0.0
176
     1
 90
        0
176
     1
290
     0
176
     1
290
     1
176
     1
290
     1
176
     1
290
     0
176
     1
290
     0
176
     1
290
     0
176
     1
290
     0
176
     1
290
     0
176
     1
290
     0
176
     1
 90
       50
176
     1
 40
0.0
176
     1
 40
1.0
176
     1
 90
        0
176
     1
 62
    18
420
        0
176
     1
 90
       50
176
     1
 90
        3
176
     1
 62
     5
420
      255
176
     1
290
     0
176
     1
 90
       50
176
     1
 90
       50
176
     1
 90
       50
176
     1
290
     0
176
     1
 90
       50
176
     1
 62
   256
176
     0
 40
1.0
176
     0
 90
        2
176
     1
  1
strokes_ogs.tif
176
     1
290
     0
176
     1
 40
1.0
176
     1
 40
1.0
176
     1
  0
VISUALSTYLE
  5
229
102
{ACAD_REACTORS
330
212
102
}
330
212
100
AcDbVisualStyle
  2
Shaded with edges
 70
    26
177
     3
291
     0
 70
    58
 90
        2
176
     1
 90
        2
176
     1
 90
        1
176
     1
 90
        2
176
     1
 40
0.6
176
     1
 40
30.0
176
     1
 62
     7
420
 16777215
176
     1
 90
        1
176
     1
 90
       10
176
     1
 62
     7
176
     1
 62
   257
176
     1
 90
        2
176
     1
 90
        1
176
     1
 40
1.0
176
     1
 90
        8
176
     1
 62
   257
176
     1
 40
1.0
176
     1
 90
        1
176
     1
 90
        6
176
     1
 90
        2
176
     1
 62
     7
176
     1
 90
        3
176
     1
 90
        0
176
     1
 90
        0
176
     1
290
     0
176
     1
 90
        5
176
     1
 40
0.0
176
     1
 90
        0
176
     1
290
     0
176
     1
290
     1
176
     1
290
     1
176
     1
290
     0
176
     1
290
     0
176
     1
290
     0
176
     1
290
     0
176
     1
290
     0
176
     1
290
     0
176
     1
 90
       50
176
     1
 40
0.0
176
     1
 40
1.0
176
     1
 90
        0
176
     1
 62
    18
420
        0
176
     1
 90
       50
176
     1
 90
        3
176
     1
 62
     5
420
      255
176
     1
290
     0
176
     1
 90
       50
176
     1
 90
       50
176
     1
 90
       50
176
     1
290
     0
176
     1
 90
       50
176
     1
 62
   256
176
     0
 40
1.0
176
     0
 90
        2
176
     1
  1
strokes_ogs.tif
176
     1
290
     0
176
     1
 40
1.0
176
     1
 40
1.0
176
     1
  0
VISUALSTYLE
  5
226
102
{ACAD_REACTORS
330
212
102
}
330
212
100
AcDbVisualStyle
  2
Shades of Gray
 70
    23
177
     3
291
     0
 70
    58
 90
        2
176
     1
 90
        2
176
     1
 90
        3
176
     1
 90
        0
176
     1
 40
0.6
176
     1
 40
30.0
176
     1
 62
     7
420
 16777215
176
     1
 90
        2
176
     1
 90
        2
176
     1
 62
     7
176
     1
 62
     7
176
     1
 90
        1
176
     1
 90
        1
176
     1
 40
40.0
176
     1
 90
        8
176
     1
 62
     7
176
     1
 40
1.0
176
     1
 90
        1
176
     1
 90
        6
176
     1
 90
        2
176
     1
 62
     7
176
     1
 90
        3
176
     1
 90
        0
176
     1
 90
        0
176
     1
290
     0
176
     1
 90
        1
176
     1
 40
0.0
176
     1
 90
        0
176
     1
290
     0
176
     1
290
     1
176
     1
290
     1
176
     1
290
     0
176
     1
290
     0
176
     1
290
     0
176
     1
290
     0
176
     1
290
     0
176
     1
290
     0
176
     1
 90
       50
176
     1
 40
0.0
176
     1
 40
1.0
176
     1
 90
        0
176
     1
 62
    18
420
        0
176
     1
 90
       50
176
     1
 90
        3
176
     1
 62
     5
420
      255
176
     1
290
     0
176
     1
 90
       50
176
     1
 90
       50
176
     1
 90
       50
176
     1
290
     0
176
     1
 90
       50
176
     1
 62
   256
176
     0
 40
1.0
176
     0
 90
        2
176
     1
  1
strokes_ogs.tif
176
     1
290
     0
176
     1
 40
1.0
176
     1
 40
1.0
176
     1
  0
VISUALSTYLE
  5
227
102
{ACAD_REACTORS
330
212
102
}
330
212
100
AcDbVisualStyle
  2
Sketchy
 70
    24
177
     3
291
     0
 70
    58
 90
        1
176
     1
 90
        2
176
     1
 90
        2
176
     1
 90
        0
176
     1
 40
0.6
176
     1
 40
30.0
176
     1
 62
     7
420
 16777215
176
     1
 90
        2
176
     1
 90
        2
176
     1
 62
     7
176
     1
 62
     7
176
     1
 90
        1
176
     1
 90
        1
176
     1
 40
40.0
176
     1
 90
       11
176
     1
 62
     7
176
     1
 40
1.0
176
     1
 90
        1
176
     1
 90
        6
176
     1
 90
        2
176
     1
 62
     7
176
     1
 90
        6
176
     1
 90
        0
176
     1
 90
        0
176
     1
290
     0
176
     1
 90
        1
176
     1
 40
0.0
176
     1
 90
        0
176
     1
290
     0
176
     1
290
     1
176
     1
290
     1
176
     1
290
     0
176
     1
290
     0
176
     1
290
     0
176
     1
290
     0
176
     1
290
     0
176
     1
290
     0
176
     1
 90
       50
176
     1
 40
0.0
176
     1
 40
1.0
176
     1
 90
        0
176
     1
 62
    18
420
        0
176
     1
 90
       50
176
     1
 90
        3
176
     1
 62
     5
420
      255
176
     1
290
     0
176
     1
 90
       50
176
     1
 90
       50
176
     1
 90
       50
176
     1
290
     0
176
     1
 90
       50
176
     1
 62
   256
176
     0
 40
1.0
176
     0
 90
        2
176
     1
  1
strokes_ogs.tif
176
     1
290
     0
176
     1
 40
1.0
176
     1
 40
1.0
176
     1
  0
VISUALSTYLE
  5
21F
102
{ACAD_REACTORS
330
212
102
}
330
212
100
AcDbVisualStyle
  2
Thicken
 70
    13
177
     3
291
     1
 70
    58
 90
        2
176
     1
 90
        2
176
     1
 90
        0
176
     1
 90
        0
176
     1
 40
0.6
176
     1
 40
30.0
176
     1
 62
     7
420
 16777215
176
     1
 90
        1
176
     1
 90
        4
176
     1
 62
     7
176
     1
 62
   257
176
     1
 90
        1
176
     1
 90
        1
176
     1
 40
1.0
176
     1
 90
       12
176
     1
 62
     7
176
     1
 40
1.0
176
     1
 90
        1
176
     1
 90
        6
176
     1
 90
        2
176
     1
 62
     7
176
     1
 90
        5
176
     1
 90
        0
176
     1
 90
        0
176
     1
290
     0
176
     1
 90
        1
176
     1
 40
0.0
176
     1
 90
        0
176
     1
290
     0
176
     1
290
     1
176
     1
290
     1
176
     1
290
     0
176
     1
290
     0
176
     1
290
     0
176
     1
290
     0
176
     1
290
     0
176
     1
290
     0
176
     1
 90
       50
176
     1
 40
0.0
176
     1
 40
1.0
176
     1
 90
        0
176
     1
 62
    18
420
        0
176
     1
 90
       50
176
     1
 90
        3
176
     1
 62
     5
420
      255
176
     1
290
     0
176
     1
 90
       50
176
     1
 90
       50
176
     1
 90
       50
176
     1
290
     0
176
     1
 90
       50
176
     1
 62
   256
176
     0
 40
1.0
176
     0
 90
        2
176
     1
  1
strokes_ogs.tif
176
     1
290
     0
176
     1
 40
1.0
176
     1
 40
1.0
176
     1
  0
VISUALSTYLE
  5
218
102
{ACAD_REACTORS
330
212
102
}
330
212
100
AcDbVisualStyle
  2
Wireframe
 70
     5
177
     3
291
     0
 70
    58
 90
        0
176
     1
 90
        2
176
     1
 90
        0
176
     1
 90
        0
176
     1
 40
0.6
176
     1
 40
30.0
176
     1
 62
     7
420
 16777215
176
     1
 90
        1
176
     1
 90
        4
176
     1
 62
     7
176
     1
 62
   257
176
     1
 90
        1
176
     1
 90
        1
176
     1
 40
1.0
176
     1
 90
        0
176
     1
 62
   257
176
     1
 40
1.0
176
     1
 90
        1
176
     1
 90
        6
176
     1
 90
        2
176
     1
 62
     7
176
     1
 90
        3
176
     1
 90
        0
176
     1
 90
        0
176
     1
290
     0
176
     1
 90
        1
176
     1
 40
0.0
176
     1
 90
        0
176
     1
290
     0
176
     1
290
     1
176
     1
290
     1
176
     1
290
     0
176
     1
290
     0
176
     1
290
     0
176
     1
290
     0
176
     1
290
     0
176
     1
290
     0
176
     1
 90
       50
176
     1
 40
0.0
176
     1
 40
1.0
176
     1
 90
        0
176
     1
 62
    18
420
        0
176
     1
 90
       50
176
     1
 90
        3
176
     1
 62
     5
420
      255
176
     1
290
     0
176
     1
 90
       50
176
     1
 90
       50
176
     1
 90
       50
176
     1
290
     0
176
     1
 90
       50
176
     1
 62
   256
176
     0
 40
1.0
176
     0
 90
        2
176
     1
  1
strokes_ogs.tif
176
     1
290
     0
176
     1
 40
1.0
176
     1
 40
1.0
176
     1
  0
VISUALSTYLE
  5
228
102
{ACAD_REACTORS
330
212
102
}
330
212
100
AcDbVisualStyle
  2
X-Ray
 70
    25
177
     3
291
     0
 70
    58
 90
        2
176
     1
 90
        2
176
     1
 90
        1
176
     1
 90
        1
176
     1
 40
0.5
176
     1
 40
30.0
176
     1
 62
     7
420
 16777215
176
     1
 90
        1
176
     1
 90
        0
176
     1
 62
     7
176
     1
 62
   257
176
     1
 90
        1
176
     1
 90
        1
176
     1
 40
1.0
176
     1
 90
        8
176
     1
 62
     7
176
     1
 40
1.0
176
     1
 90
        1
176
     1
 90
        6
176
     1
 90
        2
176
     1
 62
     7
176
     1
 90
        3
176
     1
 90
        0
176
     1
 90
        0
176
     1
290
     0
176
     1
 90
       13
176
     1
 40
0.0
176
     1
 90
        0
176
     1
290
     0
176
     1
290
     1
176
     1
290
     1
176
     1
290
     0
176
     1
290
     0
176
     1
290
     0
176
     1
290
     0
176
     1
290
     0
176
     1
290
     0
176
     1
 90
       50
176
     1
 40
0.0
176
     1
 40
1.0
176
     1
 90
        0
176
     1
 62
    18
420
        0
176
     1
 90
       50
176
     1
 90
        3
176
     1
 62
     5
420
      255
176
     1
290
     0
176
     1
 90
       50
176
     1
 90
       50
176
     1
 90
       50
176
     1
290
     0
176
     1
 90
       50
176
     1
 62
   256
176
     0
 40
1.0
176
     0
 90
        2
176
     1
  1
strokes_ogs.tif
176
     1
290
     0
176
     1
 40
1.0
176
     1
 40
1.0
176
     1
  0
DICTIONARYVAR
  5
2BC
102
{ACAD_REACTORS
330
2BB
102
}
330
2BB
100
DictionaryVariables
280
     0
  1
1:1
  0
DICTIONARYVAR
  5
2C1
102
{ACAD_REACTORS
330
2BB
102
}
330
2BB
100
DictionaryVariables
280
     0
  1
Standard
  0
DICTIONARYVAR
  5
2C0
102
{ACAD_REACTORS
330
2BB
102
}
330
2BB
100
DictionaryVariables
280
     0
  1
Standard
  0
XRECORD
  5
249
102
{ACAD_REACTORS
330
247
102
}
330
247
100
AcDbXrecord
280
     1
1000
#ffffff
  0
XRECORD
  5
24A
102
{ACAD_REACTORS
330
247
102
}
330
247
100
AcDbXrecord
280
     1
1000
FullColor
  0
XRECORD
  5
24B
102
{ACAD_REACTORS
330
247
102
}
330
247
100
AcDbXrecord
280
     1
290
     1
  0
XRECORD
  5
24C
102
{ACAD_REACTORS
330
247
102
}
330
247
100
AcDbXrecord
280
     1
290
     1
  0
XRECORD
  5
24D
102
{ACAD_REACTORS
330
247
102
}
330
247
100
AcDbXrecord
280
     1
290
     1
  0
XRECORD
  5
24E
102
{ACAD_REACTORS
330
247
102
}
330
247
100
AcDbXrecord
280
     1
290
     1
  0
XRECORD
  5
24F
102
{ACAD_REACTORS
330
247
102
}
330
247
100
AcDbXrecord
280
     1
1000
auto
  0
XRECORD
  5
250
102
{ACAD_REACTORS
330
247
102
}
330
247
100
AcDbXrecord
280
     1
1000
auto
  0
XRECORD
  5
251
102
{ACAD_REACTORS
330
247
102
}
330
247
100
AcDbXrecord
280
     1
1000
auto
  0
XRECORD
  5
252
102
{ACAD_REACTORS
330
247
102
}
330
247
100
AcDbXrecord
280
     1
1000
auto
  0
XRECORD
  5
253
102
{ACAD_REACTORS
330
247
102
}
330
247
100
AcDbXrecord
280
     1
1000
auto
  0
XRECORD
  5
254
102
{ACAD_REACTORS
330
247
102
}
330
247
100
AcDbXrecord
280
     1
1000
auto
  0
XRECORD
  5
255
102
{ACAD_REACTORS
330
247
102
}
330
247
100
AcDbXrecord
280
     1
1000
auto
  0
XRECORD
  5
256
102
{ACAD_REACTORS
330
247
102
}
330
247
100
AcDbXrecord
280
     1
1000
auto
  0
XRECORD
  5
257
102
{ACAD_REACTORS
330
247
102
}
330
247
100
AcDbXrecord
280
     1
290
     0
  0
XRECORD
  5
258
102
{ACAD_REACTORS
330
247
102
}
330
247
100
AcDbXrecord
280
     1
290
     0
  0
XRECORD
  5
259
102
{ACAD_REACTORS
330
247
102
}
330
247
100
AcDbXrecord
280
     1
290
     0
  0
XRECORD
  5
25A
102
{ACAD_REACTORS
330
247
102
}
330
247
100
AcDbXrecord
280
     1
290
     0
  0
XRECORD
  5
25B
102
{ACAD_REACTORS
330
247
102
}
330
247
100
AcDbXrecord
280
     1
 90
    65537
  0
XRECORD
  5
25C
102
{ACAD_REACTORS
330
247
102
}
330
247
100
AcDbXrecord
280
     1
 90
    65537
  0
XRECORD
  5
25D
102
{ACAD_REACTORS
330
247
102
}
330
247
100
AcDbXrecord
280
     1
 90
    65537
  0
XRECORD
  5
25E
102
{ACAD_REACTORS
330
247
102
}
330
247
100
AcDbXrecord
280
     1
 90
    65537
  0
XRECORD
  5
25F
102
{ACAD_REACTORS
330
247
102
}
330
247
100
AcDbXrecord
280
     1
1000
auto
  0
XRECORD
  5
260
102
{ACAD_REACTORS
330
247
102
}
330
247
100
AcDbXrecord
280
     1
1000
auto
  0
XRECORD
  5
261
102
{ACAD_REACTORS
330
247
102
}
330
247
100
AcDbXrecord
280
     1
1000
auto
  0
XRECORD
  5
262
102
{ACAD_REACTORS
330
247
102
}
330
247
100
AcDbXrecord
280
     1
1000
auto
  0
XRECORD
  5
263
102
{ACAD_REACTORS
330
247
102
}
330
247
100
AcDbXrecord
280
     1
1000
auto
  0
XRECORD
  5
264
102
{ACAD_REACTORS
330
247
102
}
330
247
100
AcDbXrecord
280
     1
1000
auto
  0
XRECORD
  5
265
102
{ACAD_REACTORS
330
247
102
}
330
247
100
AcDbXrecord
280
     1
1000
auto
  0
XRECORD
  5
266
102
{ACAD_REACTORS
330
247
102
}
330
247
100
AcDbXrecord
280
     1
1000
auto
  0
XRECORD
  5
267
102
{ACAD_REACTORS
330
247
102
}
330
247
100
AcDbXrecord
280
     1
 90
        1
  0
XRECORD
  5
268
102
{ACAD_REACTORS
330
247
102
}
330
247
100
AcDbXrecord
280
     1
 40
10.0
  0
XRECORD
  5
269
102
{ACAD_REACTORS
330
247
102
}
330
247
100
AcDbXrecord
280
     1
 40
10.0
  0
XRECORD
  5
26A
102
{ACAD_REACTORS
330
247
102
}
330
247
100
AcDbXrecord
280
     1
 40
10.0
  0
XRECORD
  5
26B
102
{ACAD_REACTORS
330
247
102
}
330
247
100
AcDbXrecord
280
     1
 40
10.0
  0
XRECORD
  5
26C
102
{ACAD_REACTORS
330
247
102
}
330
247
100
AcDbXrecord
280
     1
290
     0
  0
XRECORD
  5
26D
102
{ACAD_REACTORS
330
247
102
}
330
247
100
AcDbXrecord
280
     1
 90
        1
  0
XRECORD
  5
26E
102
{ACAD_REACTORS
330
247
102
}
330
247
100
AcDbXrecord
280
     1
 40
0.0
  0
XRECORD
  5
26F
102
{ACAD_REACTORS
330
247
102
}
330
247
100
AcDbXrecord
280
     1
 40
0.0
  0
XRECORD
  5
270
102
{ACAD_REACTORS
330
247
102
}
330
247
100
AcDbXrecord
280
     1
1000
Portrait
  0
XRECORD
  5
271
102
{ACAD_REACTORS
330
247
102
}
330
247
100
AcDbXrecord
280
     1
 40
297.0
  0
XRECORD
  5
272
102
{ACAD_REACTORS
330
247
102
}
330
247
100
AcDbXrecord
280
     1
 40
210.0
  0
XRECORD
  5
273
102
{ACAD_REACTORS
330
247
102
}
330
247
100
AcDbXrecord
280
     1
1000
1:1
  0
XRECORD
  5
274
102
{ACAD_REACTORS
330
247
102
}
330
247
100
AcDbXrecord
280
     1
290
     1
  0
XRECORD
  5
275
102
{ACAD_REACTORS
330
247
102
}
330
247
100
AcDbXrecord
280
     1
290
     0
  0
XRECORD
  5
276
102
{ACAD_REACTORS
330
247
102
}
330
247
100
AcDbXrecord
280
     1
1000
Inside
  0
XRECORD
  5
277
102
{ACAD_REACTORS
330
247
102
}
330
247
100
AcDbXrecord
280
     1
1000
Arial,10,-1,5,400,0,0,0,0,0,0,0,0,0,0,1,,0,0
  0
XRECORD
  5
278
102
{ACAD_REACTORS
330
247
102
}
330
247
100
AcDbXrecord
280
     1
1000
TopLeft
  0
XRECORD
  5
279
102
{ACAD_REACTORS
330
247
102
}
330
247
100
AcDbXrecord
280
     1
1000
3.32.9
  0
XRECORD
  5
27A
102
{ACAD_REACTORS
330
247
102
}
330
247
100
AcDbXrecord
280
     1
 90
        4
  0
XRECORD
  5
27B
102
{ACAD_REACTORS
330
247
102
}
330
247
100
AcDbXrecord
280
     1
  0
XRECORD
  5
27C
102
{ACAD_REACTORS
330
247
102
}
330
247
100
AcDbXrecord
280
     1
 40
4862.55715394073
  0
XRECORD
  5
27D
102
{ACAD_REACTORS
330
247
102
}
330
247
100
AcDbXrecord
280
     1
 40
9910.606951356038
  0
DICTIONARY
  5
2BD
330
242
100
AcDbDictionary
280
     1
281
     1
  3
ACAD_ROUNDTRIP_2008_TABLESTYLE_CELLSTYLEMAP
360
2BE
  0
CELLSTYLEMAP
  5
2BE
102
{ACAD_REACTORS
330
2BD
102
}
330
2BD
100
AcDbCellStyleMap
 90
        3
300
CELLSTYLE
  1
TABLEFORMAT_BEGIN
 90
        5
170
     1
 91
        0
 92
    32768
 62
   257
 93
        1
300
CONTENTFORMAT
  1
CONTENTFORMAT_BEGIN
 90
        0
 91
        0
 92
        4
 93
        0
300

 40
0.0
140
1.0
 94
        5
 62
     0
340
1FA
144
0.25
309
CONTENTFORMAT_END
171
     1
301
MARGIN
  1
CELLMARGIN_BEGIN
 40
0.06
 40
0.06
 40
0.06
 40
0.06
 40
0.06
 40
0.06
309
CELLMARGIN_END
 94
        6
 95
        1
302
GRIDFORMAT
  1
GRIDFORMAT_BEGIN
 90
        0
 91
        1
 62
     0
 92
       -2
340
1FC
 93
        0
 40
0.045
309
GRIDFORMAT_END
 95
        2
302
GRIDFORMAT
  1
GRIDFORMAT_BEGIN
 90
        0
 91
        1
 62
     0
 92
       -2
340
1FC
 93
        0
 40
0.045
309
GRIDFORMAT_END
 95
        4
302
GRIDFORMAT
  1
GRIDFORMAT_BEGIN
 90
        0
 91
        1
 62
     0
 92
       -2
340
1FC
 93
        0
 40
0.045
309
GRIDFORMAT_END
 95
        8
302
GRIDFORMAT
  1
GRIDFORMAT_BEGIN
 90
        0
 91
        1
 62
     0
 92
       -2
340
1FC
 93
        0
 40
0.045
309
GRIDFORMAT_END
 95
       16
302
GRIDFORMAT
  1
GRIDFORMAT_BEGIN
 90
        0
 91
        1
 62
     0
 92
       -2
340
1FC
 93
        0
 40
0.045
309
GRIDFORMAT_END
 95
       32
302
GRIDFORMAT
  1
GRIDFORMAT_BEGIN
 90
        0
 91
        1
 62
     0
 92
       -2
340
1FC
 93
        0
 40
0.045
309
GRIDFORMAT_END
309
TABLEFORMAT_END
  1
CELLSTYLE_BEGIN
 90
        1
 91
        1
300
_TITLE
309
CELLSTYLE_END
300
CELLSTYLE
  1
TABLEFORMAT_BEGIN
 90
        5
170
     1
 91
        0
 92
        0
 62
   257
 93
        1
300
CONTENTFORMAT
  1
CONTENTFORMAT_BEGIN
 90
        0
 91
        0
 92
        4
 93
        0
300

 40
0.0
140
1.0
 94
        5
 62
     0
340
1FA
144
0.18
309
CONTENTFORMAT_END
171
     1
301
MARGIN
  1
CELLMARGIN_BEGIN
 40
0.06
 40
0.06
 40
0.06
 40
0.06
 40
0.06
 40
0.06
309
CELLMARGIN_END
 94
        6
 95
        1
302
GRIDFORMAT
  1
GRIDFORMAT_BEGIN
 90
        0
 91
        1
 62
     0
 92
       -2
340
1FC
 93
        0
 40
0.045
309
GRIDFORMAT_END
 95
        2
302
GRIDFORMAT
  1
GRIDFORMAT_BEGIN
 90
        0
 91
        1
 62
     0
 92
       -2
340
1FC
 93
        0
 40
0.045
309
GRIDFORMAT_END
 95
        4
302
GRIDFORMAT
  1
GRIDFORMAT_BEGIN
 90
        0
 91
        1
 62
     0
 92
       -2
340
1FC
 93
        0
 40
0.045
309
GRIDFORMAT_END
 95
        8
302
GRIDFORMAT
  1
GRIDFORMAT_BEGIN
 90
        0
 91
        1
 62
     0
 92
       -2
340
1FC
 93
        0
 40
0.045
309
GRIDFORMAT_END
 95
       16
302
GRIDFORMAT
  1
GRIDFORMAT_BEGIN
 90
        0
 91
        1
 62
     0
 92
       -2
340
1FC
 93
        0
 40
0.045
309
GRIDFORMAT_END
 95
       32
302
GRIDFORMAT
  1
GRIDFORMAT_BEGIN
 90
        0
 91
        1
 62
     0
 92
       -2
340
1FC
 93
        0
 40
0.045
309
GRIDFORMAT_END
309
TABLEFORMAT_END
  1
CELLSTYLE_BEGIN
 90
        2
 91
        1
300
_HEADER
309
CELLSTYLE_END
300
CELLSTYLE
  1
TABLEFORMAT_BEGIN
 90
        5
170
     1
 91
        0
 92
        0
 62
   257
 93
        1
300
CONTENTFORMAT
  1
CONTENTFORMAT_BEGIN
 90
        0
 91
        0
 92
        4
 93
        0
300

 40
0.0
140
1.0
 94
        2
 62
     0
340
1FA
144
0.18
309
CONTENTFORMAT_END
171
     1
301
MARGIN
  1
CELLMARGIN_BEGIN
 40
0.06
 40
0.06
 40
0.06
 40
0.06
 40
0.06
 40
0.06
309
CELLMARGIN_END
 94
        6
 95
        1
302
GRIDFORMAT
  1
GRIDFORMAT_BEGIN
 90
        0
 91
        1
 62
     0
 92
       -2
340
1FC
 93
        0
 40
0.045
309
GRIDFORMAT_END
 95
        2
302
GRIDFORMAT
  1
GRIDFORMAT_BEGIN
 90
        0
 91
        1
 62
     0
 92
       -2
340
1FC
 93
        0
 40
0.045
309
GRIDFORMAT_END
 95
        4
302
GRIDFORMAT
  1
GRIDFORMAT_BEGIN
 90
        0
 91
        1
 62
     0
 92
       -2
340
1FC
 93
        0
 40
0.045
309
GRIDFORMAT_END
 95
        8
302
GRIDFORMAT
  1
GRIDFORMAT_BEGIN
 90
        0
 91
        1
 62
     0
 92
       -2
340
1FC
 93
        0
 40
0.045
309
GRIDFORMAT_END
 95
       16
302
GRIDFORMAT
  1
GRIDFORMAT_BEGIN
 90
        0
 91
        1
 62
     0
 92
       -2
340
1FC
 93
        0
 40
0.045
309
GRIDFORMAT_END
 95
       32
302
GRIDFORMAT
  1
GRIDFORMAT_BEGIN
 90
        0
 91
        1
 62
     0
 92
       -2
340
1FC
 93
        0
 40
0.045
309
GRIDFORMAT_END
309
TABLEFORMAT_END
  1
CELLSTYLE_BEGIN
 90
        3
 91
        2
300
_DATA
309
CELLSTYLE_END
  0
ENDSEC
  0
EOF
